id,section,number,type,knowledge_area,source_group,source_collection,source_name,source_question,question,options,correct_labels,answer_text,source_answer_labels,source_answer_text,verification_status,verification_note,reasoning,dmbok_evidence,dmbok_2017_pages,dmbok_revised_pages,dmbok_revised_section,simulator_eligible
chapter-1-q001,Chapter 1,1,multiple-choice,Data Management,Original 490,Original,CDMP - Data Management Fundamentals Exam Questions (Z-Library),1,Please select the correct definition of Data Management from the options below.,"A. Data Management is the strict control of all plans, policies, programs and practices that enable the business strategy to be successfully executed. | B. Data Management is the development, execution and supervision of plans, policies, programs and practices that deliver, control, protect and enhance the value of data and information assets throughout their lifecycles. | C. Data Management is the development, execution and supervision of plans, policies, programs and practices that deliver, control, protect and enhance the value of data assets throughout their lifecycles. | D. Data Management is the development, execution and supervision of plans, policies, programs and practices that deliver, control, protect and enhance the value of information assets throughout their lifecycles.",B,"Data Management is the development, execution and supervision of plans, policies, programs and practices that deliver, control, protect and enhance the value of data and information assets throughout their lifecycles.",B,"Data Management is the development, execution and supervision of plans, policies, programs and practices that deliver, control, protect and enhance the value of data and information assets throughout their lifecycles.",verified,,"The correct option matches the DMBOK definition, relationship, or classification used on the cited page(s). The distractors either omit a required element, add an unsupported qualifier, or describe a neighboring concept rather than the one asked for.","Data Management is the development, execution, and supervision of plans, policies, programs, and practices that deliver, control, protect, and enhance the value of data and information assets throughout their lifecycles.",17,19,Data Management,True
chapter-1-q002,Chapter 1,2,multiple-choice,Data Management,Original 490,Original,CDMP - Data Management Fundamentals Exam Questions (Z-Library),2,Data Management Professionals only work with the technical aspects related to data.,A. True | B. False,B,False,B,False,verified,,"The statement is False. The cited DMBOK material defines or describes the concept in a way that does not support the wording in the question. Pay attention to the exact scope, qualifiers, and terminology used by DMBOK.","• Establishing a common vocabulary for data management concepts and serving as the basis for best practices for data management professionals. Deriving value requires lifecycle management, so data management functions related to the data lifecycle are depicted in the center of the diagram.",17,43; 46,3.5 DAMA Data Management Framework Evolved,True
chapter-1-q003,Chapter 1,3,multiple-choice,Data Management,Original 490,Original,CDMP - Data Management Fundamentals Exam Questions (Z-Library),3,Differentiating between data and information. Please select the correct answers based on the sentence below: [1] Here is a marketing report for the last month. [2] It is based on data from our data warehouse. [3] Next month these results. [4] Will be used to generate our month-over-month performance measure.,"A. [1] Information, [2] Information, [3] Data, [4] Information | B. [1] Data, [2] Information, [3] Data, [4] Data | C. [1] Data, [2] Data, [3] Data, [4] Information | D. [1] Information, [2] Data, [3] Data, [4] Information",D,"[1] Information, [2] Data, [3] Data, [4] Information",D,"[1] Information, [2] Data, [3] Data, [4] Information",verified,,"The correct option matches the DMBOK definition, relationship, or classification used on the cited page(s). The distractors either omit a required element, add an unsupported qualifier, or describe a neighboring concept rather than the one asked for.","Next quarter, these results [data] will be used to generate our quarter-over-quarter performance measures [information]”).",17,22,2.2 Data and Information,True
chapter-1-q004,Chapter 1,4,multi-select,Data Management,Original 490,Original,CDMP - Data Management Fundamentals Exam Questions (Z-Library),4,Please select the answers that correctly describe the set of principles that recognize salient features of data management and guide data management practice.,A. Data is an asset with unique properties. | B. It takes Metadata to manage data. | C. The most important part of data management is security. | D. Data management is lifecycle management. | E. Effective data management requires leadership commitment. | F. Efficient data management requires a team of IT professionals only.,A; B; D; E,Data is an asset with unique properties.; It takes Metadata to manage data.; Data management is lifecycle management.; Effective data management requires leadership commitment.,A; B; D; E,Data is an asset with unique properties.; It takes Metadata to manage data.; Data management is lifecycle management.; Effective data management requires leadership commitment.,verified,,"The correct selections match the elements, principles, activities, or examples associated with the concept on the cited DMBOK page(s). The remaining choices either introduce a different concept, reverse a condition, or fall outside the set being tested.",This balance can best be struck by following a set of principles that recognize salient features of data management and guide data management practice. Data is valuable • Data is an asset with unique properties • The value of data can and should be expressed in economic terms Data Management requirements are Business Requirements • Managing data means managing the quality of data • It takes Metadata to manage data • It takes planning to manage data • Data management requirements must drive Information…,22; 23,23; 24,2.4 Data Management Principles,True
chapter-1-q005,Chapter 1,5,multiple-choice,Data Management,Original 490,Original,CDMP - Data Management Fundamentals Exam Questions (Z-Library),5,Value is the difference between the cost of a thing and the benefit derived from that thing.,A. True | B. False,A,True,A,True,verified,,"The statement is True. The cited DMBOK material defines or describes the concept in a way that supports the wording in the question. Pay attention to the exact scope, qualifiers, and terminology used by DMBOK.",Value is the difference between the cost of a thing and the benefit derived from that thing.,24,26,2.5.2 Data Valuation,True
chapter-1-q006,Chapter 1,6,multi-select,Data Management,Original 490,Original,CDMP - Data Management Fundamentals Exam Questions (Z-Library),6,Please select the correct general cost and benefit categories that can be applied consistently within an organization.,A. Cost of erasing data from servers | B. Cost of improving data | C. What the data could be sold for | D. Benefit of higher quality data | E. Cost of replacing data if it were lost | F. What competitors would pay for data,B; C; D; E; F,Cost of improving data; What the data could be sold for; Benefit of higher quality data; Cost of replacing data if it were lost; What competitors would pay for data,B; C; D; E; F,Cost of improving data; What the data could be sold for; Benefit of higher quality data; Cost of replacing data if it were lost; What competitors would pay for data,verified,,"The correct selections match the elements, principles, activities, or examples associated with the concept on the cited DMBOK page(s). The remaining choices either introduce a different concept, reverse a condition, or fall outside the set being tested.","Since each organization’s data is unique to itself, an approach to data valuation needs to begin by articulating general cost and benefit categories that can be applied consistently within an organization.",24,26,2.5.2 Data Valuation,True
chapter-1-q007,Chapter 1,7,multi-select,Data Management,Original 490,Original,CDMP - Data Management Fundamentals Exam Questions (Z-Library),7,Please select the answers that correctly describe where the costs of poor-quality data come from.,A. Scrap and rework | B. Organizational conflict | C. High job satisfaction | D. High productivity | E. Reputational costs | F. Compliance costs,A; B; E; F,Scrap and rework; Organizational conflict; Reputational costs; Compliance costs,A; B; E; F,Scrap and rework; Organizational conflict; Reputational costs; Compliance costs,verified,,"The correct selections match the elements, principles, activities, or examples associated with the concept on the cited DMBOK page(s). The remaining choices either introduce a different concept, reverse a condition, or fall outside the set being tested.","Costs come from: • Scrap and rework • Workarounds and hidden correction processes • Organizational inefficiencies or low productivity • Organizational conflict • Low job satisfaction • Customer dissatisfaction • Opportunity costs, including inability to innovate • Compliance costs or fines • Reputational costs The corresponding benefits of high quality data…",25; 26,28,2.5.3 Data Quality,True
chapter-1-q008,Chapter 1,8,multiple-choice,Data Management,Original 490,Original,CDMP - Data Management Fundamentals Exam Questions (Z-Library),8,Reduced risk is a benefit of high quality data.,A. True | B. False,A,True,A,True,verified,,"The statement is True. The cited DMBOK material defines or describes the concept in a way that supports the wording in the question. Pay attention to the exact scope, qualifiers, and terminology used by DMBOK.","Producing high quality data requires planning, commitment, and a mindset that builds quality into processes and systems.",25; 26,28,2.5.3 Data Quality,True
chapter-1-q009,Chapter 1,9,multiple-choice,Data Management,Original 490,Original,CDMP - Data Management Fundamentals Exam Questions (Z-Library),9,"The better an organization understands the lifecycle and lineage of its data, the better able it will be to manage its data. Please select the correct implication of the focus of data management on the data lifecycle.",A. Data Quality must be managed throughout the data lifecycle | B. Data Security must only be managed at the start of the data lifecycle | C. Metadata Quality is the most important part of the management process | D. Data Management efforts should focus on the most critical data last,A,Data Quality must be managed throughout the data lifecycle,A,Data Quality must be managed throughout the data lifecycle,verified,,"The correct option matches the DMBOK definition, relationship, or classification used on the cited page(s). The distractors either omit a required element, add an unsupported qualifier, or describe a neighboring concept rather than the one asked for.","The better an organization understands the lifecycle and lineage of its data, the better able it will be to manage its data. Figure 2 Data Lifecycle Key Activities • Data Quality must be managed throughout the data lifecycle: Data Quality Management is central to data management.",29,31,2.5.9 The Data Lifecycle,True
chapter-1-q010,Chapter 1,10,multiple-choice,Data Management,Original 490,Original,CDMP - Data Management Fundamentals Exam Questions (Z-Library),10,Information gaps represent enterprise liabilities with potentially profound impacts on operational effectiveness and profitability.,A. True | B. False,A,True,A,True,verified,,"The statement is True. The cited DMBOK material defines or describes the concept in a way that supports the wording in the question. Pay attention to the exact scope, qualifiers, and terminology used by DMBOK.",Information gaps represent enterprise liabilities with potentially profound impacts on operational effectiveness and profitability.,30,32,2.5.11 Data and Risk,True
chapter-2-q001,Chapter 2,1,multiple-choice,Data Handling Ethics,Original 490,Original,CDMP - Data Management Fundamentals Exam Questions (Z-Library),1,"Data handling ethics are concerned with how to procure, store, manage, use and dispose of data in ways that are aligned with ethical principles.",A. True | B. False,A,True,A,True,verified,,"The statement is True. The cited DMBOK material defines or describes the concept in a way that supports the wording in the question. Pay attention to the exact scope, qualifiers, and terminology used by DMBOK.","Data handling ethics are concerned with how to procure, store, manage, use, and dispose of data in ways that are aligned with ethical principles. Figure 12 Context Diagram: Data Handling Ethics Definition: Data handling ethics are concerned with how to procure, store, manage, interpret, analyze / apply and dispose of data in ways that are aligned with ethical principles, including potential impacts on people and organizations.",49,51; 52,Data Handling Ethics,True
chapter-2-q002,Chapter 2,2,multi-select,Data Handling Ethics,Original 490,Original,CDMP - Data Management Fundamentals Exam Questions (Z-Library),2,"The ethics of data handling are complex, but are centred on several core concepts. Please select the correct answers.",A. Impact on machines | B. Impact on people | C. Potential for data management | D. Potential for misuse | E. Economic value of ethics | F. Economic value of data,B; D; F,Impact on people; Potential for misuse; Economic value of data,B; D; F,Impact on people; Potential for misuse; Economic value of data,verified,,"The correct selections match the elements, principles, activities, or examples associated with the concept on the cited DMBOK page(s). The remaining choices either introduce a different concept, reverse a condition, or fall outside the set being tested.","The ethics of data handling are complex, but they center on several core concepts: • Impact on people: Because data represents characteristics of individuals and is used to make decisions that affect people’s lives, there is an imperative to manage its quality and reliability.",49,51,Data Handling Ethics,True
chapter-2-q003,Chapter 2,3,multiple-choice,Data Handling Ethics,Original 490,Original,CDMP - Data Management Fundamentals Exam Questions (Z-Library),3,Within the Data Handling Ethics Context Diagram a key deliverable is the Ethical Data Handling Strategy.,A. True | B. False,A,True,A,True,verified,,"The statement is True. The cited DMBOK material defines or describes the concept in a way that supports the wording in the question. Pay attention to the exact scope, qualifiers, and terminology used by DMBOK.",Create an Ethical Data Handling Strategy (P) 4.,50,52,Data Handling Ethics,True
chapter-2-q004,Chapter 2,4,multi-select,Data Handling Ethics,Original 490,Original,CDMP - Data Management Fundamentals Exam Questions (Z-Library),4,"The Belmont principles that may be adapted for Information Management disciplines, include:",A. Respect for Persons | B. Respect for Machines | C. Beneficence | D. Criminality | E. Justice,A; C; E,Respect for Persons; Beneficence; Justice,A; C; E,Respect for Persons; Beneficence; Justice,verified,,"The correct selections match the elements, principles, activities, or examples associated with the concept on the cited DMBOK page(s). The remaining choices either introduce a different concept, reverse a condition, or fall outside the set being tested.","For example, the Belmont Principles for medical research may be adapted in Information Management disciplines (US-HSS, 1979).",52,54,3.1 Ethical Principles for Data,True
chapter-2-q005,Chapter 2,5,multi-select,Data Handling Ethics,Original 490,Original,CDMP - Data Management Fundamentals Exam Questions (Z-Library),5,Please select the correct principles of the General Data Protection Regulation (GDPR) of the EU.,A. Purpose Limitation | B. Data Minimisation | C. Accuracy | D. Storage Limitation | E. Accountability | F. All of the above,F,All of the above,F,All of the above,verified,,"The correct selections match the elements, principles, activities, or examples associated with the concept on the cited DMBOK page(s). The remaining choices either introduce a different concept, reverse a condition, or fall outside the set being tested.","18 HIPAA (Health Insurance Portability and Accountability Act) in the US, PIPEDA (Personal Information Protection and Electronic Documents Act) in Canada, the EU General Data Protection Regulation (GDPR) and other data protection / information privacy laws describe obligations toward the handling of personal identifying data (e.g., name, addresses,…",54,51,Data Handling Ethics,True
chapter-2-q006,Chapter 2,6,multiple-choice,Data Handling Ethics,Original 490,Original,CDMP - Data Management Fundamentals Exam Questions (Z-Library),6,Misleading visualisations could be an example where a base level of truthfulness and transparency are not adhered to.,A. True | B. False,A,True,A,True,verified,,"The statement is True. The cited DMBOK material defines or describes the concept in a way that supports the wording in the question. Pay attention to the exact scope, qualifiers, and terminology used by DMBOK.","It also includes a base level of truthfulness and transparency – not using data to lie or mislead, and being transparent regarding the sources, uses, and intent behind an organization’s data handling. The Most Useless and Misleading Infographics on the Internet. http://bit.ly/1YDgURl See http://bit.ly/2tNktve Google “misleading data visualization” for additional examples.",57,59,3.4 Risks of Unethical Data Handling Practices,True
chapter-2-q007,Chapter 2,7,multi-select,Data Handling Ethics,Original 490,Original,CDMP - Data Management Fundamentals Exam Questions (Z-Library),7,Bias refers to an inclination of outlook. Please select the types of data bias:,A. Data collection for pre-defined results | B. Hunch and search | C. Positive reinforcement | D. Context and Emotion | E. Biased use of data collected | F. Biased sampling methodology,A; B; E; F,Data collection for pre-defined results; Hunch and search; Biased use of data collected; Biased sampling methodology,A; B; E; F,Data collection for pre-defined results; Hunch and search; Biased use of data collected; Biased sampling methodology,verified,,"The correct selections match the elements, principles, activities, or examples associated with the concept on the cited DMBOK page(s). The remaining choices either introduce a different concept, reverse a condition, or fall outside the set being tested.","There are several types of bias: • Data Collection for pre-defined result: The analyst is pressured to collect data and produce results in order to reach a pre-defined conclusion, rather than as an effort to draw an objective conclusion. Bias refers to an inclination of outlook.",58; 59,60; 61,24 http://bit.ly/2lOzJqU,True
chapter-2-q008,Chapter 2,8,multiple-choice,Data Handling Ethics,Original 490,Original,CDMP - Data Management Fundamentals Exam Questions (Z-Library),8,If data is not integrated with care it presents risk for unethical data handling. These ethical risks intersect with fundamental problems in data management including: Limited knowledge of data’s origin and lineage; Data of poor quality; Unreliable Metadata; and Documentation of error remediation.,A. True | B. False,B,False,B,False,verified,,"The statement is False. The cited DMBOK material defines or describes the concept in a way that does not support the wording in the question. Pay attention to the exact scope, qualifiers, and terminology used by DMBOK.","These ethical risks intersect with fundamental problems in data management, including: • Unreliable Metadata: Data consumers depend on reliable Metadata, including consistent definitions of individual data elements, documentation of data’s origin, and documentation of lineage (e.g., rules by which data is integrated).",59; 60,61; 62,3.4.5 Transforming and Integrating Data,True
chapter-2-q009,Chapter 2,9,multi-select,Data Handling Ethics,Original 490,Original,CDMP - Data Management Fundamentals Exam Questions (Z-Library),9,Obfuscating or redacting data is the practice of making information anonymous or removing sensitive information. Risks are present in the following instances:,A. Data storage | B. Data marketing | C. Data aggregation | D. Data marking | E. Data masking | F. Data integration,C; D; E,Data aggregation; Data marking; Data masking,C; D; E,Data aggregation; Data marking; Data masking,verified,,"The correct selections match the elements, principles, activities, or examples associated with the concept on the cited DMBOK page(s). The remaining choices either introduce a different concept, reverse a condition, or fall outside the set being tested.","Obfuscating or redacting data is the practice of making information anonymous, or removing sensitive information.",60,62,3.4.6 Obfuscation / Redaction of Data,True
chapter-2-q010,Chapter 2,10,multiple-choice,Data Handling Ethics,Original 490,Original,CDMP - Data Management Fundamentals Exam Questions (Z-Library),10,Improving an organization’s ethical behaviour requires an informal Organizational Change Management (OCM) process.,A. True | B. False,B,False,B,False,verified,,"The statement is False. The cited DMBOK material defines or describes the concept in a way that does not support the wording in the question. Pay attention to the exact scope, qualifiers, and terminology used by DMBOK.",Improving an organization’s ethical behavior regarding data requires a formal Organizational Change Management (OCM) process. (See Chapter 17.),61,63,3.5 Establishing an Ethical Data Culture,True
chapter-3-q001,Chapter 3,1,multiple-choice,Data Governance,Original 490,Original,CDMP - Data Management Fundamentals Exam Questions (Z-Library),1,"The purpose of data governance is to ensure that data is managed properly, according to policies and best practices. Data governance is focused on how decisions are made about data and how people and processes are expected to behave in relation to data.",A. True | B. False,A,True,A,True,verified,,"The statement is True. The cited DMBOK material defines or describes the concept in a way that supports the wording in the question. Pay attention to the exact scope, qualifiers, and terminology used by DMBOK.","The purpose of Data Governance is to ensure that data is managed properly, according to policies and best practices (Ladley, 2012).",67; 68,70,Data Governance,True
chapter-3-q002,Chapter 3,2,multi-select,Data Governance,Original 490,Original,CDMP - Data Management Fundamentals Exam Questions (Z-Library),2,"The scope and focus of any data governance program depend on organizational needs, but most programs include:",A. Strategy | B. Policy | C. Data Management Projects | D. Compliance | E. Oversight | F. All of the above,F,All of the above,F,All of the above,verified,,"The correct selections match the elements, principles, activities, or examples associated with the concept on the cited DMBOK page(s). The remaining choices either introduce a different concept, reverse a condition, or fall outside the set being tested.",The Data Governance function guides all other data management functions.,68,70,Data Governance,True
chapter-3-q003,Chapter 3,3,multiple-choice,Data Governance,Original 490,Original,CDMP - Data Management Fundamentals Exam Questions (Z-Library),3,A goal of data governance is to enable an organisation to manage its data as a liability.,A. True | B. False,B,False,B,False,verified,,"The statement is False. The cited DMBOK material defines or describes the concept in a way that does not support the wording in the question. Pay attention to the exact scope, qualifiers, and terminology used by DMBOK.",The goal of Data Governance is to enable an organization to manage data as an asset.,69,73,1.2 Goals and Principles,True
chapter-3-q004,Chapter 3,4,multi-select,Data Governance,Original 490,Original,CDMP - Data Management Fundamentals Exam Questions (Z-Library),4,Drivers for data governance most often focus on reducing risk or improving processes. Please select the elements that relate to the reduction in risk:,A. Specific risk management | B. General risk management | C. Data ethics | D. Data security | E. Publicity | F. Privacy,B; D; F,General risk management; Data security; Privacy,B; D; F,General risk management; Data security; Privacy,verified,,"The correct selections match the elements, principles, activities, or examples associated with the concept on the cited DMBOK page(s). The remaining choices either introduce a different concept, reverse a condition, or fall outside the set being tested.",Drivers for Data Governance most often focus on reducing risks or improving processes.,70,72,1.1 Business Drivers,True
chapter-3-q005,Chapter 3,5,multi-select,Data Governance,Original 490,Original,CDMP - Data Management Fundamentals Exam Questions (Z-Library),5,Drivers for data governance most often focus on reducing risk or improving processes. Please select the elements that relate to the improvement of processes:,A. Regulatory compliance | B. Data quality improvements | C. Metadata management | D. Efficiency in development projects | E. Vendor management | F. All of the above,F,All of the above,F,All of the above,verified,,"The correct selections match the elements, principles, activities, or examples associated with the concept on the cited DMBOK page(s). The remaining choices either introduce a different concept, reverse a condition, or fall outside the set being tested.",Drivers for Data Governance most often focus on reducing risks or improving processes.,70,72,1.1 Business Drivers,True
chapter-3-q006,Chapter 3,6,multiple-choice,Data Governance,Original 490,Original,CDMP - Data Management Fundamentals Exam Questions (Z-Library),6,Data governance and IT governance are the same thing.,A. True | B. False,B,False,B,False,verified,,"The statement is False. The cited DMBOK material defines or describes the concept in a way that does not support the wording in the question. Pay attention to the exact scope, qualifiers, and terminology used by DMBOK.","In contrast, Data Governance focuses exclusively on the management of data assets and of data as an asset. A common analogy is to equate Data Governance to auditing and accounting.",71,72; 73,1.1 Business Drivers,True
chapter-3-q007,Chapter 3,7,multi-select,Data Governance,Original 490,Original,CDMP - Data Management Fundamentals Exam Questions (Z-Library),7,Select three correct attributes a data governance programme must be:,A. Embedded | B. Flexible | C. Measures | D. Rigid | E. Independent responsibility | F. Sustainable,A; C; F,Embedded; Measures; Sustainable,A; C; F,Embedded; Measures; Sustainable,verified,,"The correct selections match the elements, principles, activities, or examples associated with the concept on the cited DMBOK page(s). The remaining choices either introduce a different concept, reverse a condition, or fall outside the set being tested.",• Embedded: Data Governance is not an add-on process.,71,73,1.2 Goals and Principles,True
chapter-3-q008,Chapter 3,8,multiple-choice,Data Governance,Original 490,Original,CDMP - Data Management Fundamentals Exam Questions (Z-Library),8,"Governance ensures data is managed, but does not include the actual act of managing data.",A. True | B. False,A,True,A,True,verified,,"The statement is True. The cited DMBOK material defines or describes the concept in a way that supports the wording in the question. Pay attention to the exact scope, qualifiers, and terminology used by DMBOK.","Just as an auditor controls financial processes but does not actually execute financial management, Data Governance ensures data is properly managed without directly executing data management (see Figure 15). Figure 15 Data Governance and Data Management Data, Information, And Content Lifecycles Data Governance Ensuring data is managed Data Management Managing data to achieve goals Oversight Execution",72,74,1.3 Essential Concepts,True
chapter-3-q009,Chapter 3,9,multi-select,Data Governance,Original 490,Original,CDMP - Data Management Fundamentals Exam Questions (Z-Library),9,Data governance can be understood in terms of political governance. It includes the following three function types:,A. Legislative-like functions | B. Judicial-like functions | C. Ethical-like functions | D. Executive functions | E. Data-like functions | F. Morality-like functions,A; B; D,Legislative-like functions; Judicial-like functions; Executive functions,A; B; D,Legislative-like functions; Judicial-like functions; Executive functions,verified,,"The correct selections match the elements, principles, activities, or examples associated with the concept on the cited DMBOK page(s). The remaining choices either introduce a different concept, reverse a condition, or fall outside the set being tested.",Data Governance can be understood in terms of political governance.,73; 74,75,1.3.2 Data Governance Organization,True
chapter-3-q010,Chapter 3,10,multiple-choice,Data Governance,Original 490,Original,CDMP - Data Management Fundamentals Exam Questions (Z-Library),10,"The Data Governance Council (DGC) manages data governance initiatives, issues, and escalations.",A. True | B. False,A,True,A,True,verified,,"The statement is True. The cited DMBOK material defines or describes the concept in a way that supports the wording in the question. Pay attention to the exact scope, qualifiers, and terminology used by DMBOK.","Data Governance Council (DGC) Manages Data Governance initiatives (e.g., development of policies or metrics), issues, and escalations.",74,76,1.3.2 Data Governance Organization,True
chapter-3-q011,Chapter 3,11,multiple-choice,Data Governance,Original 490,Original,CDMP - Data Management Fundamentals Exam Questions (Z-Library),11,Data Governance Office (DGO) focuses on enterprise-level data definitions and data management standards across all DAMA-DMBOK knowledge areas. Consists of coordinating data management roles.,A. True | B. False,A,True,A,True,verified,,"The statement is True. The cited DMBOK material defines or describes the concept in a way that supports the wording in the question. Pay attention to the exact scope, qualifiers, and terminology used by DMBOK.",Data Governance Office (DGO) Ongoing focus on enterprise-level data definitions and data management standards across all DAMA-DMBOK Knowledge Areas.,74,76,1.3.2 Data Governance Organization,True
chapter-3-q012,Chapter 3,12,multi-select,Data Governance,Original 490,Original,CDMP - Data Management Fundamentals Exam Questions (Z-Library),12,Three types of data governance operating models include:,A. Centralized | B. Decentralized | C. Feathered | D. Federated | E. Replicated | F. Duplicated,A; D; E,Centralized; Federated; Replicated,A; D; E,Centralized; Federated; Replicated,verified,,"The correct selections match the elements, principles, activities, or examples associated with the concept on the cited DMBOK page(s). The remaining choices either introduce a different concept, reverse a condition, or fall outside the set being tested.","In a replicated model, the same Data Governance operating model and standards are adopted by each business unit. Figure 17 Enterprise Data Governance Operating Framework Examples27",75,77,1.3.3 Data Governance Operating Model Types,True
chapter-3-q013,Chapter 3,13,multiple-choice,Data Governance,Original 490,Original,CDMP - Data Management Fundamentals Exam Questions (Z-Library),13,Data stewardship is the least common label to describe accountability and responsibility for data and processes to ensure effective control and use of data assets.,A. True | B. False,B,False,B,False,verified,,"The statement is False. The cited DMBOK material defines or describes the concept in a way that does not support the wording in the question. Pay attention to the exact scope, qualifiers, and terminology used by DMBOK.",Data Stewardship is the most common label to describe accountability and responsibility for data and processes that ensure effective control and use of data assets.,75,77,1.3.4 Data Stewardship,True
chapter-3-q014,Chapter 3,14,multi-select,Data Governance,Original 490,Original,CDMP - Data Management Fundamentals Exam Questions (Z-Library),14,Please select the correct types of data stewards:,A. Executive Data Steward | B. Chief Data Steward | C. Enterprise Data Steward | D. Business Data Steward | E. A Data Seller | F. All of the above,A; B; C; D,Executive Data Steward; Chief Data Steward; Enterprise Data Steward; Business Data Steward,A; B; C; D,Executive Data Steward; Chief Data Steward; Enterprise Data Steward; Business Data Steward,verified,,"The correct selections match the elements, principles, activities, or examples associated with the concept on the cited DMBOK page(s). The remaining choices either introduce a different concept, reverse a condition, or fall outside the set being tested.",Legislative & Judicial View Do the right things Executive View Do things right IT Organizations Data Management Executives Data Governance Steering Committee Data Governance Council (DGC) Program Manage- ment Program Steering Committees Project Management Office Projects Chief Data Officer Chief Information Officer Data Governance Office (DGO) Chief Data…,76; 77,76,1.3.2 Data Governance Organization,True
chapter-3-q015,Chapter 3,15,multiple-choice,Data Governance,Original 490,Original,CDMP - Data Management Fundamentals Exam Questions (Z-Library),15,"Data asset valuation is the process of understanding and calculating the economic value of data to an organisation. Value comes when the economic benefit of using data outweighs the costs of acquiring and storing it, as well as managing risk related to usage.",A. True | B. False,A,True,A,True,verified,,"The statement is True. The cited DMBOK material defines or describes the concept in a way that supports the wording in the question. Pay attention to the exact scope, qualifiers, and terminology used by DMBOK.","Data asset valuation is the process of understanding and calculating the economic value of data to an organization. So, value comes when the economic benefit of using data outweighs the costs of acquiring and storing it, as well as managing risk related to usage.",77,79; 80,1.3.7 Data Asset Valuation,True
chapter-3-q016,Chapter 3,16,multi-select,Data Governance,Original 490,Original,CDMP - Data Management Fundamentals Exam Questions (Z-Library),16,Some ways to measure value of data include:,A. Replacement cost | B. Market value | C. Selling Data | D. Risk cost | E. Identified opportunities | F. All of the above,F,All of the above,F,All of the above,verified,,"The correct selections match the elements, principles, activities, or examples associated with the concept on the cited DMBOK page(s). The remaining choices either introduce a different concept, reverse a condition, or fall outside the set being tested.","Some other ways to measure value include: • Replacement cost: The replacement or recovery cost of data lost in a disaster or data breach, including the transactions, domains, catalogs, documents, and metrics within an organization. Level of Valuation Principle Value the data as an asset at a level that makes the most sense or is the easiest to measure.",78,80; 81,1.3.7 Data Asset Valuation,True
chapter-3-q017,Chapter 3,17,multi-select,Data Governance,Original 490,Original,CDMP - Data Management Fundamentals Exam Questions (Z-Library),17,Please select the correct Generally Accepted Information Principles:,A. Asset Principle | B. Audit Principle | C. Due Diligence Principle | D. Going Concern Principle | E. Ethical Principle | F. All of the above,A; B; C; D,Asset Principle; Audit Principle; Due Diligence Principle; Going Concern Principle,A; B; C; D,Asset Principle; Audit Principle; Due Diligence Principle; Going Concern Principle,verified,,"The correct selections match the elements, principles, activities, or examples associated with the concept on the cited DMBOK page(s). The remaining choices either introduce a different concept, reverse a condition, or fall outside the set being tested.","Principle Description Due Diligence Principle If a risk is known, it must be reported. See pp 108-09, Generally Accepted Information Principles.",78,80; 81,1.3.7 Data Asset Valuation,True
chapter-3-q018,Chapter 3,18,multiple-choice,Data Governance,Original 490,Original,CDMP - Data Management Fundamentals Exam Questions (Z-Library),18,A data governance program must contribute to the organization by identifying and delivering on specific benefits.,A. True | B. False,A,True,A,True,verified,,"The statement is True. The cited DMBOK material defines or describes the concept in a way that supports the wording in the question. Pay attention to the exact scope, qualifiers, and terminology used by DMBOK.","A Data Governance function must contribute to the organization by identifying and delivering on specific benefits (e.g., reduce fines paid to regulators).",80,82,2.3 Perform Discovery and Business Alignment,True
chapter-3-q019,Chapter 3,19,multiple-choice,Data Governance,Original 490,Original,CDMP - Data Management Fundamentals Exam Questions (Z-Library),19,Part of alignment includes developing organizational touchpoints for data governance work. Some examples of touchpoints include: Procurement and Contracts; Budget and Funding; Regulatory Compliance; and the SDLC framework.,A. True | B. False,A,True,A,True,verified,,"The statement is True. The cited DMBOK material defines or describes the concept in a way that supports the wording in the question. Pay attention to the exact scope, qualifiers, and terminology used by DMBOK.","Part of alignment includes developing organizational touchpoints for Data Governance work. CDO Budget & Funding Procurement & Contracts Policies, Procedures, & Standards DG Management and Oversight Regulatory Compliance SDLC and Agile Control Points EAI Asset Optimization Data Quality Programs",81,83,2.4 Develop Organizational Touch Points,True
chapter-3-q020,Chapter 3,20,multi-select,Data Governance,Original 490,Original,CDMP - Data Management Fundamentals Exam Questions (Z-Library),20,A data governance strategy defines the scope and approach to governance efforts. Deliverables include:,A. Charter | B. Operating framework and accountabilities | C. Implementation roadmap | D. Plan for operational success | E. All of the above | F. None of the above,E,All of the above,E,All of the above,verified,,"The correct selections match the elements, principles, activities, or examples associated with the concept on the cited DMBOK page(s). The remaining choices either introduce a different concept, reverse a condition, or fall outside the set being tested.",A Data Governance strategy defines the scope and approach to governance efforts.,82,84,2.5 Develop Data Governance Strategy,True
chapter-4-q001,Chapter 4,1,multiple-choice,Data Architecture,Original 490,Original,CDMP - Data Management Fundamentals Exam Questions (Z-Library),1,"Architecture is the fundamental organization of a system, embodied in its components, their relationships to each other and the environment and the principles governing its design and evolution.",A. True | B. False,A,True,A,True,verified,,"The statement is True. The cited DMBOK material defines or describes the concept in a way that supports the wording in the question. Pay attention to the exact scope, qualifiers, and terminology used by DMBOK.","ISO/IEC 42010:2007 Systems and Software Engineering – Architecture Description (2011) defines architecture as “the fundamental organization of a system, embodied in its components, their relationships to each other and the environment, and the principles governing its design and evolution.” However, depending on context, the word architecture can refer to a…",97; 98,99,Data Architecture,True
chapter-4-q002,Chapter 4,2,multi-select,Data Architecture,Original 490,Original,CDMP - Data Management Fundamentals Exam Questions (Z-Library),2,Enterprise Architecture domains include:,A. Business Architecture | B. Data Architecture | C. Data Management Architecture | D. Systems Architecture | E. Application Architecture | F. Technology Architecture,A; B; E; F,Business Architecture; Data Architecture; Application Architecture; Technology Architecture,A; B; E; F,Business Architecture; Data Architecture; Application Architecture; Technology Architecture,verified,,"The correct selections match the elements, principles, activities, or examples associated with the concept on the cited DMBOK page(s). The remaining choices either introduce a different concept, reverse a condition, or fall outside the set being tested.","Data Architecture operates in context of other architecture domains, including business, application, and technical architecture. Domain Enterprise Business Architecture Enterprise Data Architecture Enterprise Applications Architecture Enterprise Technology Architecture Roles Business architects and analysts, business data stewards Data architects and modelers, data stewards Applications architects Infrastructure architects",98,103; 104,1.3.1 Enterprise Architecture Domains,True
chapter-4-q003,Chapter 4,3,multiple-choice,Data Architecture,Original 490,Original,CDMP - Data Management Fundamentals Exam Questions (Z-Library),3,The most informal enterprise data model is the most detailed data architecture design document.,A. True | B. False,B,False,B,False,verified,,"The statement is False. The cited DMBOK material defines or describes the concept in a way that does not support the wording in the question. Pay attention to the exact scope, qualifiers, and terminology used by DMBOK.","The most detailed Data Architecture design document is a formal enterprise data model, containing data names, comprehensive data and Metadata definitions, conceptual and logical entities and relationships, and business rules.",98,100,Data Architecture,True
chapter-4-q004,Chapter 4,4,multiple-choice,Data Architecture,Original 490,Original,CDMP - Data Management Fundamentals Exam Questions (Z-Library),4,The goal of data architecture is to:,A. Serve as a platform to enable data governance and management | B. Bridge between business strategy and technology execution | C. Provide the organisation with clear system of the architecture | D. Make the integration between data management and data analytics possible,B,Bridge between business strategy and technology execution,B,Bridge between business strategy and technology execution,verified,,"The correct option matches the DMBOK definition, relationship, or classification used on the cited page(s). The distractors either omit a required element, add an unsupported qualifier, or describe a neighboring concept rather than the one asked for.",The goal of Data Architecture is to be a bridge between business strategy and technology execution.,99,101,1.1 Business Drivers,True
chapter-4-q005,Chapter 4,5,multiple-choice,Data Architecture,Original 490,Original,CDMP - Data Management Fundamentals Exam Questions (Z-Library),5,Data architects facilitate alignment between [1] and [2],A. [1] Business and [2] IT | B. [1] Technology and [2] Data | C. [1] Governance and [2] Management | D. [1] Strategy and [2] Execution,A,[1] Business and [2] IT,A,[1] Business and [2] IT,verified,,"The correct option matches the DMBOK definition, relationship, or classification used on the cited page(s). The distractors either omit a required element, add an unsupported qualifier, or describe a neighboring concept rather than the one asked for.",The goal of Data Architecture is to be a bridge between business strategy and technology execution.,99,101,1.1 Business Drivers,True
chapter-4-q006,Chapter 4,6,multiple-choice,Data Architecture,Original 490,Original,CDMP - Data Management Fundamentals Exam Questions (Z-Library),6,A goal of data architecture is to identify data storage and processing requirements.,A. True | B. False,A,True,A,True,verified,,"The statement is True. The cited DMBOK material defines or describes the concept in a way that supports the wording in the question. Pay attention to the exact scope, qualifiers, and terminology used by DMBOK.",Primary Data Architecture outcomes include: • Data storage and processing requirements • Designs of structures and plans that meet the current and long-term data requirements of the enterprise,100,101,1.2 Data Architecture Outcomes and Practices,True
chapter-4-q007,Chapter 4,7,multi-select,Data Architecture,Original 490,Original,CDMP - Data Management Fundamentals Exam Questions (Z-Library),7,The deliverables in the data architecture context diagram include:,A. Data flows | B. Enterprise data | C. Implementation roadmap | D. Data Value Chains | E. None of the above | F. All of the above,F,All of the above,F,All of the above,verified,,"The correct selections match the elements, principles, activities, or examples associated with the concept on the cited DMBOK page(s). The remaining choices either introduce a different concept, reverse a condition, or fall outside the set being tested.",Figure 21 Context Diagram: Data Architecture Architects seek to design in a way that brings value to the organization. Primary Data Architecture outcomes include: • Data storage and processing requirements • Designs of structures and plans that meet the current and long-term data requirements of the enterprise,100,101; 102,1.2 Data Architecture Outcomes and Practices,True
chapter-4-q008,Chapter 4,8,multiple-choice,Data Architecture,Original 490,Original,CDMP - Data Management Fundamentals Exam Questions (Z-Library),8,The purpose of enterprise application architecture is to describe the structure and functionality of applications in an enterprise.,A. True | B. False,A,True,A,True,verified,,"The statement is True. The cited DMBOK material defines or describes the concept in a way that supports the wording in the question. Pay attention to the exact scope, qualifiers, and terminology used by DMBOK.","Architects from different domains must address development directions and requirements collaboratively, as each domain influences and put constraints on the other domains. (See also Figure 22.) Table 6 Architecture Domains Domain Enterprise Business Architecture Enterprise Data Architecture Enterprise Applications Architecture Enterprise Technology…",101,103,1.3.1 Enterprise Architecture Domains,True
chapter-4-q009,Chapter 4,9,multiple-choice,Data Architecture,Original 490,Original,CDMP - Data Management Fundamentals Exam Questions (Z-Library),9,The dependencies of enterprise technology architecture are that it acts on specified data according to business requirements.,A. True | B. False,B,False,B,False,verified,,"The statement is False. The cited DMBOK material defines or describes the concept in a way that does not support the wording in the question. Pay attention to the exact scope, qualifiers, and terminology used by DMBOK.","Architects from different domains must address development directions and requirements collaboratively, as each domain influences and put constraints on the other domains. (See also Figure 22.) Table 6 Architecture Domains Domain Enterprise Business Architecture Enterprise Data Architecture Enterprise Applications Architecture Enterprise Technology… Domain Enterprise Business Architecture Enterprise Data Architecture Enterprise Applications Architecture Enterprise Technology Architecture Roles Business architects and analysts, business data stewards Data architects and modelers, data stewards Applications architects Infrastructure architects",102,103; 104,1.3.1 Enterprise Architecture Domains,True
chapter-4-q010,Chapter 4,10,multiple-choice,Data Architecture,Original 490,Original,CDMP - Data Management Fundamentals Exam Questions (Z-Library),10,"The roles associated with enterprise data architecture are data architect, data modellers and data stewards.",A. True | B. False,A,True,A,True,verified,,"The statement is True. The cited DMBOK material defines or describes the concept in a way that supports the wording in the question. Pay attention to the exact scope, qualifiers, and terminology used by DMBOK.","Domain Enterprise Business Architecture Enterprise Data Architecture Enterprise Applications Architecture Enterprise Technology Architecture Roles Business architects and analysts, business data stewards Data architects and modelers, data stewards Applications architects Infrastructure architects",102,104,1.3.1 Enterprise Architecture Domains,True
chapter-4-q011,Chapter 4,11,multi-select,Data Architecture,Original 490,Original,CDMP - Data Management Fundamentals Exam Questions (Z-Library),11,The Zachman Framework’s communication interrogative columns provide guidance on defining enterprise architecture. Please select the answer(s) that are coupled correctly:,A. What -> The inventory column | B. What -> The entity column | C. When -> The timing column | D. Why -> The motivation column | E. Who -> The responsibility column | F. How -> The process column,A; C; D; E; F,What -> The inventory column; When -> The timing column; Why -> The motivation column; Who -> The responsibility column; How -> The process column,A; C; D; E; F,What -> The inventory column; When -> The timing column; Why -> The motivation column; Who -> The responsibility column; How -> The process column,verified,,"The correct selections match the elements, principles, activities, or examples associated with the concept on the cited DMBOK page(s). The remaining choices either introduce a different concept, reverse a condition, or fall outside the set being tested.","Translated to enterprise architecture, the columns can be understood as follows: • What (the inventory column): Entities used to build the architecture • How (the process column): Activities performed • Where (the distribution column): Business location and technology location • Who (the responsibility column): Roles and organizations • When (the timing… Inventory Identification Process Identification Distribution Identification Responsibility Identification Timing Identification Motivation Identification Inventory definition Process Definition Distribution Definition Responsibility Definition Timing Definition Motivation Definition…",103,104; 105,1.3.2.1 Zachman Framework for Enterprise Architecture,True
chapter-4-q012,Chapter 4,12,multiple-choice,Data Architecture,Original 490,Original,CDMP - Data Management Fundamentals Exam Questions (Z-Library),12,What model is the highest level model within the enterprise data model?,A. Logical model | B. Physical model | C. Conceptual model | D. Subject Area model,C,Conceptual model,C,Conceptual model,verified,,"The correct option matches the DMBOK definition, relationship, or classification used on the cited page(s). The distractors either omit a required element, add an unsupported qualifier, or describe a neighboring concept rather than the one asked for.","Hence, the conceptual enterprise data model is built up by the combination of Subject Area models. All levels are part of the Enterprise Data Model, and linkages create paths to trace an entity from top to bottom and between models in the same level.",106,107; 108,1.3.3.1 Enterprise Data Model,True
chapter-4-q013,Chapter 4,13,multiple-choice,Data Architecture,Original 490,Original,CDMP - Data Management Fundamentals Exam Questions (Z-Library),13,For each subject area logical model: Decrease detail by adding attributes and less-significant entities and relationships.,A. True | B. False,B,False,B,False,verified,,"The statement is False. The cited DMBOK material defines or describes the concept in a way that does not support the wording in the question. Pay attention to the exact scope, qualifiers, and terminology used by DMBOK.","For example, a table or file MobileDevice in a project-specific physical model may link to a 1 diagram: 12-20 significant business subject areas with relationships 1+ diagram per subject area: 50+ significant entities within subject area with relationships For each Subject Area Logical Model: Increase detail by adding attributes, and less-significant… • Horizontal: Entities and relationships may appear in multiple models in the same level; entities in logical models centered on one topic may relate to entities in other topics, marked or noted as external to the subject area on the model images.",106,107; 108,1.3.3.1 Enterprise Data Model,True
chapter-4-q014,Chapter 4,14,multi-select,Data Architecture,Original 490,Original,CDMP - Data Management Fundamentals Exam Questions (Z-Library),14,Data flows map and document relationships between data and:,A. Locations where local differences occur | B. Situations where local differences occur | C. Network segments | D. Applications within a business process | E. None of the above | F. All of the above,A; C; D,Locations where local differences occur; Network segments; Applications within a business process,A; C; D,Locations where local differences occur; Network segments; Applications within a business process,verified,,"The correct selections match the elements, principles, activities, or examples associated with the concept on the cited DMBOK page(s). The remaining choices either introduce a different concept, reverse a condition, or fall outside the set being tested.","Data flows map and document relationships between data and: • Applications within a business process • Data stores or databases in an environment • Network segments (useful for security mapping) • Business roles, depicting which roles have responsibility for creating, updating, using, and deleting data (CRUD) • Locations where local differences occur Data…",108,109,1.3.3.2 Data Flow Design,True
chapter-4-q015,Chapter 4,15,multi-select,Data Architecture,Original 490,Original,CDMP - Data Management Fundamentals Exam Questions (Z-Library),15,Enterprise data architecture usually includes the following work streams:,A. Strategy | B. Governance | C. Organization | D. Results | E. Working methods | F. All of the above,A; C; D; E,Strategy; Organization; Results; Working methods,A; C; D; E,Strategy; Organization; Results; Working methods,verified,,"The correct selections match the elements, principles, activities, or examples associated with the concept on the cited DMBOK page(s). The remaining choices either introduce a different concept, reverse a condition, or fall outside the set being tested.","An Enterprise Data Architecture practice generally includes the following work streams, executed serially or in parallel: • Strategy: Select frameworks, state approaches, develop roadmap • Acceptance and culture: Inform and motivate changes in behavior • Organization: Organize Data Architecture work by assigning accountabilities and responsibilities •…",110,111,2.1 Establish Data Architecture Practice,True
chapter-4-q016,Chapter 4,16,multiple-choice,Data Architecture,Original 490,Original,CDMP - Data Management Fundamentals Exam Questions (Z-Library),16,A roadmap for enterprise data architecture describes the architecture’s 3 to 5- year development path. The roadmap should be guided by a data management maturity assessment.,A. True | B. False,A,True,A,True,verified,,"The statement is True. The cited DMBOK material defines or describes the concept in a way that supports the wording in the question. Pay attention to the exact scope, qualifiers, and terminology used by DMBOK.",A roadmap for Enterprise Data Architecture describes the architecture’s 3-5 year development path. The roadmap should be guided by a data management maturity assessment. (See Chapter 15.) Most business capabilities require data as an input; others also produce data on which other business capabilities are dependent.,111; 112,112; 113,2.1.2 Develop a Roadmap,True
chapter-4-q017,Chapter 4,17,multi-select,Data Architecture,Original 490,Original,CDMP - Data Management Fundamentals Exam Questions (Z-Library),17,Enterprise data architecture project-related activities include:,A. Define maturity assessment | B. Define scope | C. Design | D. Implement | E. None of the above | F. All of the above,B; C; D,Define scope; Design; Implement,B; C; D,Define scope; Design; Implement,verified,,"The correct selections match the elements, principles, activities, or examples associated with the concept on the cited DMBOK page(s). The remaining choices either introduce a different concept, reverse a condition, or fall outside the set being tested.",Enterprise Data Architecture project-related activities include: • Define scope: Ensure the scope and interface are aligned with the enterprise data model.,113; 114,114,2.1.3 Manage Enterprise Requirements within Projects,True
chapter-4-q018,Chapter 4,18,multi-select,Data Architecture,Original 490,Original,CDMP - Data Management Fundamentals Exam Questions (Z-Library),18,The process of building architectural activities into projects also differs between methodologies. They include:,A. Waterfall methods | B. Incremental methods | C. Kanban method | D. Agile iterative method | E. Duck and dive method | F. Pump and dump method,A; B; D,Waterfall methods; Incremental methods; Agile iterative method,A; B; D,Waterfall methods; Incremental methods; Agile iterative method,verified,,"The correct selections match the elements, principles, activities, or examples associated with the concept on the cited DMBOK page(s). The remaining choices either introduce a different concept, reverse a condition, or fall outside the set being tested.",The process of building architectural activities into projects also differs between methodologies.,114,115,2.1.3 Manage Enterprise Requirements within Projects,True
chapter-4-q019,Chapter 4,19,multiple-choice,Data Architecture,Original 490,Original,CDMP - Data Management Fundamentals Exam Questions (Z-Library),19,Data modelling tools and model repositories are necessary for managing the enterprise data model at all levels.,A. True | B. False,A,True,A,True,verified,,"The statement is True. The cited DMBOK material defines or describes the concept in a way that supports the wording in the question. Pay attention to the exact scope, qualifiers, and terminology used by DMBOK.",Data modeling tools and model repositories are necessary for managing the enterprise data model at all levels.,115,116,3.1 Data Modeling Tools,True
chapter-4-q020,Chapter 4,20,multiple-choice,Data Architecture,Original 490,Original,CDMP - Data Management Fundamentals Exam Questions (Z-Library),20,"Characteristics that minimise distractions and maximise useful information include, but are not limited to, consistent object attributes.",A. True | B. False,A,True,A,True,verified,,"The statement is True. The cited DMBOK material defines or describes the concept in a way that supports the wording in the question. Pay attention to the exact scope, qualifiers, and terminology used by DMBOK.",Characteristics that minimize distractions and maximize useful information include: • A clear and consistent legend: The legend should identify all objects and lines and what they signify.,82,117,4.2 Diagramming Clarity,True
chapter-5-q001,Chapter 5,1,multiple-choice,Data Modelling and Design,Original 490,Original,CDMP - Data Management Fundamentals Exam Questions (Z-Library),1,A deliverable in the data modelling and design context diagram is the logical data model.,A. True | B. False,A,True,A,True,verified,,"The statement is True. The cited DMBOK material defines or describes the concept in a way that supports the wording in the question. Pay attention to the exact scope, qualifiers, and terminology used by DMBOK.","C H A P T E R 5 Data Modeling and Design Figure 28 Context Diagram: Data Modeling and Design Definition: Data modeling is the process of discovering, analyzing, and scoping data requirements, and then representing and communicating these data requirements in a precise form called the data model.",124,123; 124,Data Modelling and Design,True
chapter-5-q002,Chapter 5,2,multi-select,Data Modelling and Design,Original 490,Original,CDMP - Data Management Fundamentals Exam Questions (Z-Library),2,Inputs in the data modelling and design context diagram include:,A. Data standards | B. Data sets | C. Data Management Architecture | D. Systems Architecture | E. Data architecture | F. Enterprise taxonomy,A; B; E; F,Data standards; Data sets; Data architecture; Enterprise taxonomy,A; B; E; F,Data standards; Data sets; Data architecture; Enterprise taxonomy,verified,,"The correct selections match the elements, principles, activities, or examples associated with the concept on the cited DMBOK page(s). The remaining choices either introduce a different concept, reverse a condition, or fall outside the set being tested.","Figure 28 Context Diagram: Data Modeling and Design Definition: Data modeling is the process of discovering, analyzing, and scoping data requirements, and then representing and communicating these data requirements in a precise form called the data model. C H A P T E R 5 Data Modeling and Design",124,123; 124,Data Modelling and Design,True
chapter-5-q003,Chapter 5,3,multiple-choice,Data Modelling and Design,Original 490,Original,CDMP - Data Management Fundamentals Exam Questions (Z-Library),3,Data models comprise and contain metadata essential to data consumers.,A. True | B. False,A,True,A,True,verified,,"The statement is True. The cited DMBOK material defines or describes the concept in a way that supports the wording in the question. Pay attention to the exact scope, qualifiers, and terminology used by DMBOK.",Data models comprise and contain Metadata essential to data consumers.,125,125,Data Modelling and Design,True
chapter-5-q004,Chapter 5,4,multi-select,Data Modelling and Design,Original 490,Original,CDMP - Data Management Fundamentals Exam Questions (Z-Library),4,Data models are critical to effective management of data. They:,"A. Provide a common vocabulary around data | B. Capture and document explicit knowledge about an organization’s data and systems | C. Serve as a primary communication tool during projects | D. Provide the starting point for customizations, integration or even replacement of an application | E. Provide the organisation with clear system of the architecture | F. Make the integration between data management and data analytics possible",A; B; C; D,"Provide a common vocabulary around data; Capture and document explicit knowledge about an organization’s data and systems; Serve as a primary communication tool during projects; Provide the starting point for customizations, integration or even replacement of an application",A; B; C; D,"Provide a common vocabulary around data; Capture and document explicit knowledge about an organization’s data and systems; Serve as a primary communication tool during projects; Provide the starting point for customizations, integration or even replacement of an application",verified,,"The correct selections match the elements, principles, activities, or examples associated with the concept on the cited DMBOK page(s). The remaining choices either introduce a different concept, reverse a condition, or fall outside the set being tested.","They: • Provide a common vocabulary around data • Capture and document explicit knowledge about an organization’s data and systems • Serve as a primary communications tool during projects • Provide the starting point for customization, integration, or even replacement of an application",125,125,1.1 Business Drivers,True
chapter-5-q005,Chapter 5,5,multi-select,Data Modelling and Design,Original 490,Original,CDMP - Data Management Fundamentals Exam Questions (Z-Library),5,Confirming and documenting understanding of different perspectives facilitates:,A. Formalization | B. Normalization | C. Scope definition | D. Knowledge retention/documentation,A; C; D,Formalization; Scope definition; Knowledge retention/documentation,A; C; D,Formalization; Scope definition; Knowledge retention/documentation,verified,,"The correct selections match the elements, principles, activities, or examples associated with the concept on the cited DMBOK page(s). The remaining choices either introduce a different concept, reverse a condition, or fall outside the set being tested.",Confirming and documenting understanding of different perspectives facilitates: • Formalization: A data model documents a concise definition of data structures and relationships.,125,125,1.2 Goals and Principles,True
chapter-5-q006,Chapter 5,6,multiple-choice,Data Modelling and Design,Original 490,Original,CDMP - Data Management Fundamentals Exam Questions (Z-Library),6,"Data modelling is most infrequently performed in the context of systems and maintenance efforts, known as SDLC.",A. True | B. False,B,False,B,False,verified,,"The statement is False. The cited DMBOK material defines or describes the concept in a way that does not support the wording in the question. Pay attention to the exact scope, qualifiers, and terminology used by DMBOK.","Data modeling is most frequently performed in the context of systems development and maintenance efforts, known as the system development lifecycle (SDLC).",126,126,1.3.1 Data Modeling and Data Models,True
chapter-5-q007,Chapter 5,7,multiple-choice,Data Modelling and Design,Original 490,Original,CDMP - Data Management Fundamentals Exam Questions (Z-Library),7,SDLC stands for:,A. System development leverage cycle | B. System design lifecycle | C. System and design long cycle | D. System development lifecycle,D,System development lifecycle,D,System development lifecycle,verified,,"The correct option matches the DMBOK definition, relationship, or classification used on the cited page(s). The distractors either omit a required element, add an unsupported qualifier, or describe a neighboring concept rather than the one asked for.","Data modeling is most frequently performed in the context of systems development and maintenance efforts, known as the system development lifecycle (SDLC).",126,126,1.3.1 Data Modeling and Data Models,True
chapter-5-q008,Chapter 5,8,multiple-choice,Data Modelling and Design,Original 490,Original,CDMP - Data Management Fundamentals Exam Questions (Z-Library),8,Category information is one of the types of data that can be modelled.,A. True | B. False,A,True,A,True,verified,,"The statement is True. The cited DMBOK material defines or describes the concept in a way that supports the wording in the question. Pay attention to the exact scope, qualifiers, and terminology used by DMBOK.","The types of data being modeled in any given organization reflect the priorities of the organization or the project that requires a data model: • Category information: Data used to classify and assign types to things. This section will explain the different types of data that can be modeled, the component pieces of data models, the types of data models that can be developed, and the reasons for choosing different types in different situations.",126,126,1.3.2 Types of Data that are Modeled,True
chapter-5-q009,Chapter 5,9,multiple-choice,Data Modelling and Design,Original 490,Original,CDMP - Data Management Fundamentals Exam Questions (Z-Library),9,Business activity information is one of the types of data that can be modelled.,A. True | B. False,B,False,B,False,verified,,"The statement is False. The cited DMBOK material defines or describes the concept in a way that does not support the wording in the question. Pay attention to the exact scope, qualifiers, and terminology used by DMBOK.","This section will explain the different types of data that can be modeled, the component pieces of data models, the types of data models that can be developed, and the reasons for choosing different types in different situations. The types of data being modeled in any given organization reflect the priorities of the organization or the project that requires a data model: • Category information: Data used to classify and assign types to things.",127,126,1.3 Essential Concepts,True
chapter-5-q010,Chapter 5,10,multiple-choice,Data Modelling and Design,Original 490,Original,CDMP - Data Management Fundamentals Exam Questions (Z-Library),10,Examples of the ‘Who’ entity category include: employee; patient; player; and suspect.,A. True | B. False,A,True,A,True,verified,,"The statement is True. The cited DMBOK material defines or describes the concept in a way that supports the wording in the question. Pay attention to the exact scope, qualifiers, and terminology used by DMBOK.","Employee, Patient, Player, Suspect, Customer, Vendor, Student, Passenger, Competitor, Author What Product or service of interest to the enterprise. The most common is entity-type, as a type of something is being represented (e.g., Jane is of type Employee), therefore, Jane is the entity and Employee is the entity type.",127,127; 128,1.3.3.1 Entity,True
chapter-5-q011,Chapter 5,11,multi-select,Data Modelling and Design,Original 490,Original,CDMP - Data Management Fundamentals Exam Questions (Z-Library),11,Examples of the ‘What’ entity category include the following nouns:,A. Product | B. Service | C. Time | D. Sales amount | E. Payment quantity | F. All of the above,A; B,Product; Service,A; B,Product; Service,verified,,"The correct selections match the elements, principles, activities, or examples associated with the concept on the cited DMBOK page(s). The remaining choices either introduce a different concept, reverse a condition, or fall outside the set being tested.",It often refers to what the organization makes or what service it provides.,128,127,1.3.3.1 Entity,True
chapter-5-q012,Chapter 5,12,multi-select,Data Modelling and Design,Original 490,Original,CDMP - Data Management Fundamentals Exam Questions (Z-Library),12,High-quality data definitions exhibit three characteristics:,A. Clearness | B. Clarity | C. Accuracy | D. Completeness,B; C; D,Clarity; Accuracy; Completeness,B; C; D,Clarity; Accuracy; Completeness,verified,,"The correct selections match the elements, principles, activities, or examples associated with the concept on the cited DMBOK page(s). The remaining choices either introduce a different concept, reverse a condition, or fall outside the set being tested.",High quality data definitions exhibit three essential characteristics: • Clarity: The definition should be easy to read and grasp.,129,129,1.3.3.1.3 Definition of Entities,True
chapter-5-q013,Chapter 5,13,multi-select,Data Modelling and Design,Original 490,Original,CDMP - Data Management Fundamentals Exam Questions (Z-Library),13,The number of entities in a relationship is the arity of the relationship. The most common are:,A. Unary | B. Binary | C. Trinary | D. Ternary,A; B; D,Unary; Binary; Ternary,A; B; D,Unary; Binary; Ternary,verified,,"The correct selections match the elements, principles, activities, or examples associated with the concept on the cited DMBOK page(s). The remaining choices either introduce a different concept, reverse a condition, or fall outside the set being tested.","The most common are unary, binary, and ternary relationships.",131,130,1.3.3.2.4 Arity of Relationships,True
chapter-5-q014,Chapter 5,14,multiple-choice,Data Modelling and Design,Original 490,Original,CDMP - Data Management Fundamentals Exam Questions (Z-Library),14,What type of key is used in physical and sometimes logical relational data modelling schemes to represent a relationship?,A. Primary key | B. Foreign key | C. Network key | D. Applications key | E. Door key | F. All of the above,B,Foreign key,B,Foreign key,verified,,"The correct option matches the DMBOK definition, relationship, or classification used on the cited page(s). The distractors either omit a required element, add an unsupported qualifier, or describe a neighboring concept rather than the one asked for.",A foreign key is used in physical and sometimes logical relational data modeling schemes to represent a relationship.,132,132,1.3.3.2.5 Foreign Key,True
chapter-5-q015,Chapter 5,15,multi-select,Data Modelling and Design,Original 490,Original,CDMP - Data Management Fundamentals Exam Questions (Z-Library),15,Please select the valid modelling schemes or notations:,A. NoSQL | B. Dimensional | C. Relational | D. Object-orientated | E. Fact-based | F. Matrix-based,A; B; C; D; E,NoSQL; Dimensional; Relational; Object-orientated; Fact-based,A; B; C; D; E,NoSQL; Dimensional; Relational; Object-orientated; Fact-based,verified,,"The correct selections match the elements, principles, activities, or examples associated with the concept on the cited DMBOK page(s). The remaining choices either introduce a different concept, reverse a condition, or fall outside the set being tested.","The six most common schemes used to represent data are: Relational, Dimensional, Object-Oriented, Fact- Based, Time-Based, and NoSQL.",136,135,1.3.4 Data Modeling Schemes,True
chapter-5-q016,Chapter 5,16,multiple-choice,Data Modelling and Design,Original 490,Original,CDMP - Data Management Fundamentals Exam Questions (Z-Library),16,Domains can be identified in different ways including: data type; data format; list; range; and rule-based.,A. True | B. False,A,True,A,True,verified,,"The statement is True. The cited DMBOK material defines or describes the concept in a way that supports the wording in the question. Pay attention to the exact scope, qualifiers, and terminology used by DMBOK.",Domains can be defined in different ways.,135; 136,135,1.3.3.4 Domain,True
chapter-5-q017,Chapter 5,17,multi-select,Data Modelling and Design,Original 490,Original,CDMP - Data Management Fundamentals Exam Questions (Z-Library),17,"Snowflaking is the term given to normalizing the flat, single-table, dimensional structure in a star schema into the respective component hierarchical or network structures.",A. True | B. False,A,True,A,True,verified,,"The statement is True. The cited DMBOK material defines or describes the concept in a way that supports the wording in the question. Pay attention to the exact scope, qualifiers, and terminology used by DMBOK.","Snowflaking is the term given to normalizing the flat, single-table, dimensional structure in a star schema into the respective component hierarchical or network structures.",139,138,1.3.4.2.3 Snowflaking,True
chapter-5-q018,Chapter 5,18,multi-select,Data Modelling and Design,Original 490,Original,CDMP - Data Management Fundamentals Exam Questions (Z-Library),18,Class operations can be:,A. General: Hidden | B. Public: Externally visible | C. Internally visible: Visible to children objects | D. Private: Hidden,B; C; D,Public: Externally visible; Internally visible: Visible to children objects; Private: Hidden,B; C; D,Public: Externally visible; Internally visible: Visible to children objects; Private: Hidden,verified,,"The correct selections match the elements, principles, activities, or examples associated with the concept on the cited DMBOK page(s). The remaining choices either introduce a different concept, reverse a condition, or fall outside the set being tested.","Class Operations can be: • Public: Externally visible • Internally Visible: Visible to children Objects • Private: Hidden In comparison, ER Physical models only offer Public access; all data is equally exposed to processes, queries, or manipulations.",141,139,1.3.4.3 Object-Oriented (UML),True
chapter-5-q019,Chapter 5,19,multiple-choice,Data Modelling and Design,Original 490,Original,CDMP - Data Management Fundamentals Exam Questions (Z-Library),19,"The data-vault is an object-orientated, time-based and uniquely linked set of normalized tables that support one or more functional areas of business.",A. True | B. False,B,False,B,False,verified,,"The statement is False. The cited DMBOK material defines or describes the concept in a way that does not support the wording in the question. Pay attention to the exact scope, qualifiers, and terminology used by DMBOK.","The Data Vault is a detail-oriented, time-based, and uniquely linked set of normalized tables that support one or more functional areas of business.",141,141,1.3.4.5.1 Data Vault,True
chapter-5-q020,Chapter 5,20,multiple-choice,Data Modelling and Design,Original 490,Original,CDMP - Data Management Fundamentals Exam Questions (Z-Library),20,Time-based patterns are used when data values must be associated in chronological order and with specific time values.,A. True | B. False,A,True,A,True,verified,,"The statement is True. The cited DMBOK material defines or describes the concept in a way that supports the wording in the question. Pay attention to the exact scope, qualifiers, and terminology used by DMBOK.",Time-based patterns are used when data values must be associated in chronological order and with specific time values.,142,141,1.3.4.5 Time-Based,True
chapter-6-q001,Chapter 6,1,multiple-choice,Data Storage and Operations,Original 490,Original,CDMP - Data Management Fundamentals Exam Questions (Z-Library),1,"Data Storage and Operations: The design, implementation and support of stored data to maximize its value.",A. True | B. False,A,True,A,True,verified,,"The statement is True. The cited DMBOK material defines or describes the concept in a way that supports the wording in the question. Pay attention to the exact scope, qualifiers, and terminology used by DMBOK.","C H A P T E R 6 Data Storage and Operations Introduction ata Storage and Operations includes the design, implementation, and support of stored data, to maximize its value throughout its lifecycle, from creation/acquisition to disposal (see Chapter 1).",170,166,Data Storage and Operations,True
chapter-6-q002,Chapter 6,2,multi-select,Data Storage and Operations,Original 490,Original,CDMP - Data Management Fundamentals Exam Questions (Z-Library),2,Inputs in the data storage and operations context diagram include:,A. Data requirements | B. Service level agreements | C. Data Management Architecture | D. Systems Architecture | E. Data architecture | F. Data models,A; B; E; F,Data requirements; Service level agreements; Data architecture; Data models,A; B; E; F,Data requirements; Service level agreements; Data architecture; Data models,verified,,"The correct selections match the elements, principles, activities, or examples associated with the concept on the cited DMBOK page(s). The remaining choices either introduce a different concept, reverse a condition, or fall outside the set being tested.","C H A P T E R 6 Data Storage and Operations Figure 54 Context Diagram: Data Storage and Operations Definition: The design, implementation, and support of stored data to maximize its value.",170,166; 167,Data Storage and Operations,True
chapter-6-q003,Chapter 6,3,multiple-choice,Data Storage and Operations,Original 490,Original,CDMP - Data Management Fundamentals Exam Questions (Z-Library),3,Companies do not rely on their information systems to run their operations.,A. True | B. False,B,False,B,False,verified,,"The statement is False. The cited DMBOK material defines or describes the concept in a way that does not support the wording in the question. Pay attention to the exact scope, qualifiers, and terminology used by DMBOK.",Companies rely on their information systems to run their operations.,171,168,1.1 Business Drivers,True
chapter-6-q004,Chapter 6,4,multi-select,Data Storage and Operations,Original 490,Original,CDMP - Data Management Fundamentals Exam Questions (Z-Library),4,The goals of data storage and operations include:,"A. Managing performance of data assets | B. Capture and document explicit knowledge about an organization’s data and systems | C. Managing the availability of data throughout the data lifecycle | D. Provide the starting point for customizations, integration or even replacement of an application | E. Managing the performance of data transactions | F. Make the integration between data management and data analytics possible",A; C; E,Managing performance of data assets; Managing the availability of data throughout the data lifecycle; Managing the performance of data transactions,A; C; E,Managing performance of data assets; Managing the availability of data throughout the data lifecycle; Managing the performance of data transactions,verified,,"The correct selections match the elements, principles, activities, or examples associated with the concept on the cited DMBOK page(s). The remaining choices either introduce a different concept, reverse a condition, or fall outside the set being tested.",C H A P T E R 6 Data Storage and Operations Manage availability of data throughout the data lifecycle.,171,166; 167,Data Storage and Operations,True
chapter-6-q005,Chapter 6,5,multiple-choice,Data Storage and Operations,Original 490,Original,CDMP - Data Management Fundamentals Exam Questions (Z-Library),5,Please select the correct term for the following sentence: Any collection of stored data regardless of structure or content. Some large databases refer to instances and schemas.,A. Schema | B. Database | C. Node | D. Instance,B,Database,B,Database,verified,,"The correct option matches the DMBOK definition, relationship, or classification used on the cited page(s). The distractors either omit a required element, add an unsupported qualifier, or describe a neighboring concept rather than the one asked for.",Some large databases refer to instances and schema.,172,169,1.3.1 Database Terms,True
chapter-6-q006,Chapter 6,6,multiple-choice,Data Storage and Operations,Original 490,Original,CDMP - Data Management Fundamentals Exam Questions (Z-Library),6,A node is a group of computers hosting either processing or data as part of a distributed database.,A. True | B. False,B,False,B,False,verified,,"The statement is False. The cited DMBOK material defines or describes the concept in a way that does not support the wording in the question. Pay attention to the exact scope, qualifiers, and terminology used by DMBOK.",• Node: An individual computer hosting either processing or data as part of a distributed database.,172,169,1.3.1 Database Terms,True
chapter-6-q007,Chapter 6,7,multiple-choice,Data Storage and Operations,Original 490,Original,CDMP - Data Management Fundamentals Exam Questions (Z-Library),7,SLA stands for:,A. Service Level Agreement | B. System Lifecycle Audit | C. System Latitude Audit | D. Service Lifecycle Audit,A,Service Level Agreement,A,Service Level Agreement,verified,,"The correct option matches the DMBOK definition, relationship, or classification used on the cited page(s). The distractors either omit a required element, add an unsupported qualifier, or describe a neighboring concept rather than the one asked for.",Service Level Agreement System Performance System Availability System Recovery Service Level Agreement Database Performance Database Availability Data Owners Data Stewards IT Data Management Services DBA NSA,170,197,2.2.4.1 Set Database Performance Service Levels,True
chapter-6-q008,Chapter 6,8,multiple-choice,Data Storage and Operations,Original 490,Original,CDMP - Data Management Fundamentals Exam Questions (Z-Library),8,The database administrator (DBA) is the most established and the most widely adopted data professional role.,A. True | B. False,A,True,A,True,verified,,"The statement is True. The cited DMBOK material defines or describes the concept in a way that supports the wording in the question. Pay attention to the exact scope, qualifiers, and terminology used by DMBOK.","The role of DBA is the most established and most widely adopted data professional role, and database administration practices are perhaps the most mature of all data management practices.",173,167,Data Storage and Operations,True
chapter-6-q009,Chapter 6,9,multiple-choice,Data Storage and Operations,Original 490,Original,CDMP - Data Management Fundamentals Exam Questions (Z-Library),9,DBAs exclusively perform all the activities of data storage and operations.,A. True | B. False,B,False,B,False,verified,,"The statement is False. The cited DMBOK material defines or describes the concept in a way that does not support the wording in the question. Pay attention to the exact scope, qualifiers, and terminology used by DMBOK.",C H A P T E R 6 Data Storage and Operations,173,166,Data Storage and Operations,True
chapter-6-q010,Chapter 6,10,multiple-choice,Data Storage and Operations,Original 490,Original,CDMP - Data Management Fundamentals Exam Questions (Z-Library),10,An application DBA leads the review and administration of procedural database objects.,A. True | B. False,B,False,B,False,verified,,"The statement is False. The cited DMBOK material defines or describes the concept in a way that does not support the wording in the question. Pay attention to the exact scope, qualifiers, and terminology used by DMBOK.",Procedural DBAs lead the review and administration of procedural database objects.,174,171,1.3.3.3 Procedural and Development DBAs,True
chapter-6-q011,Chapter 6,11,multi-select,Data Storage and Operations,Original 490,Original,CDMP - Data Management Fundamentals Exam Questions (Z-Library),11,Please select the types of DBA specializations:,A. Data | B. Application | C. Innovation | D. Development | E. Procedural | F. All of the above,B; D; E,Application; Development; Procedural,B; D; E,Application; Development; Procedural,verified,,"The correct selections match the elements, principles, activities, or examples associated with the concept on the cited DMBOK page(s). The remaining choices either introduce a different concept, reverse a condition, or fall outside the set being tested.","Many DBAs specialize as Production, Application, Procedural, or Development DBAs. The procedural DBA ensures this procedural logic is planned, implemented, tested, and shared (reused).",173,170; 171,1.3.3 Administrators,True
chapter-6-q012,Chapter 6,12,multi-select,Data Storage and Operations,Original 490,Original,CDMP - Data Management Fundamentals Exam Questions (Z-Library),12,Please select the two classifications of database types:,A. Centralized | B. Generic | C. Distributed | D. MapReduce,A; C,Centralized; Distributed,A; C,Centralized; Distributed,verified,,"The correct selections match the elements, principles, activities, or examples associated with the concept on the cited DMBOK page(s). The remaining choices either introduce a different concept, reverse a condition, or fall outside the set being tested.","A database can be classified as either centralized or distributed. Distributed Centralized Distributed, not Federated User View User View Location A Location A Location B Location C",175,171,1.3.4 Database Architecture Types,True
chapter-6-q013,Chapter 6,13,multi-select,Data Storage and Operations,Original 490,Original,CDMP - Data Management Fundamentals Exam Questions (Z-Library),13,There are numerous methods of implementing databases on the cloud. The most common are:,A. Virtual machine image | B. Distributed machine image | C. DAAS | D. Managed database hosting on the cloud,A; C; D,Virtual machine image; DAAS; Managed database hosting on the cloud,A; C; D,Virtual machine image; DAAS; Managed database hosting on the cloud,verified,,"The correct selections match the elements, principles, activities, or examples associated with the concept on the cited DMBOK page(s). The remaining choices either introduce a different concept, reverse a condition, or fall outside the set being tested.",Here are some methods for implementing databases on the cloud: • Virtual machine image: Cloud platforms allow users to purchase virtual machine instances for a limited time.,178,174,1.3.4.3 Virtualization / Cloud Platforms,True
chapter-6-q014,Chapter 6,14,multi-select,Data Storage and Operations,Original 490,Original,CDMP - Data Management Fundamentals Exam Questions (Z-Library),14,The CAP theorem asserts that the distributed system cannot comply with all the parts of the ACID. A distributed system must instead trade-off between the following properties:,A. Consistency | B. Utilization | C. Availability | D. System development | E. Partition tolerance | F. All of the above,A; C; E,Consistency; Availability; Partition tolerance,A; C; E,Consistency; Availability; Partition tolerance,verified,,"The correct selections match the elements, principles, activities, or examples associated with the concept on the cited DMBOK page(s). The remaining choices either introduce a different concept, reverse a condition, or fall outside the set being tested.",The theorem asserts that a distributed system cannot comply with all parts of ACID at all times. Partition Tolerance No System Failures CAP Theorem “Pick Two” CAP Theorem “Pick Two” CAP Theorem “Pick Two” Partition Tolerance,180,176,1.3.5.3 CAP,True
chapter-6-q015,Chapter 6,15,multi-select,Data Storage and Operations,Original 490,Original,CDMP - Data Management Fundamentals Exam Questions (Z-Library),15,The acronym BASE is made up of:,A. Basically available | B. Basically not available | C. Software state | D. Soft state | E. Eventual consistency | F. Everything considered,A; D; E,Basically available; Soft state; Eventual consistency,A; D; E,Basically available; Soft state; Eventual consistency,verified,,"The correct selections match the elements, principles, activities, or examples associated with the concept on the cited DMBOK page(s). The remaining choices either introduce a different concept, reverse a condition, or fall outside the set being tested.","• Soft State: The data is in a constant state of flux; while a response may be given, the data is not guaranteed to be current.",179,175,1.3.5.2 BASE,True
chapter-6-q016,Chapter 6,16,multiple-choice,Data Storage and Operations,Original 490,Original,CDMP - Data Management Fundamentals Exam Questions (Z-Library),16,"The CAP theorem states that at most two of the three properties: consistency, availability and partition tolerance can exist in any shared data system.",A. True | B. False,A,True,A,True,verified,,"The statement is True. The cited DMBOK material defines or describes the concept in a way that supports the wording in the question. Pay attention to the exact scope, qualifiers, and terminology used by DMBOK.",The CAP Theorem states that at most two of the three properties can exist in any shared-data system. Partition Tolerance No System Failures CAP Theorem “Pick Two” CAP Theorem “Pick Two” CAP Theorem “Pick Two” Partition Tolerance,180,176,1.3.5.3 CAP,True
chapter-6-q017,Chapter 6,17,multiple-choice,Data Storage and Operations,Original 490,Original,CDMP - Data Management Fundamentals Exam Questions (Z-Library),17,SSD is the abbreviation for Solid State Dimension.,A. True | B. False,B,False,B,False,verified,,"The statement is False. The cited DMBOK material defines or describes the concept in a way that does not support the wording in the question. Pay attention to the exact scope, qualifiers, and terminology used by DMBOK.",Recent advances in memory storage have made flash memory or solid state drives (SSDs) an attractive alternative to disks.,182,177,1.3.6.4 Flash Memory,True
chapter-6-q018,Chapter 6,18,multi-select,Data Storage and Operations,Original 490,Original,CDMP - Data Management Fundamentals Exam Questions (Z-Library),18,Test environments serve many uses:,A. Quality Assurance Testing (QA) | B. Integration Testing | C. User Acceptance Testing (UAT) | D. Performance Testing | E. All of the above | F. None of the above,E,All of the above,E,All of the above,verified,,"The correct selections match the elements, principles, activities, or examples associated with the concept on the cited DMBOK page(s). The remaining choices either introduce a different concept, reverse a condition, or fall outside the set being tested.",Test environments serve many uses: • Quality Assurance Testing (QA): Used to test functionality against requirements.,183,179,1.3.7.2.2 Test,True
chapter-6-q019,Chapter 6,19,multiple-choice,Data Storage and Operations,Original 490,Original,CDMP - Data Management Fundamentals Exam Questions (Z-Library),19,"A sandbox environment can either be a sub-set of the production system, walled off from production processing or a completely separate environment.",A. True | B. False,A,True,A,True,verified,,"The statement is True. The cited DMBOK material defines or describes the concept in a way that supports the wording in the question. Pay attention to the exact scope, qualifiers, and terminology used by DMBOK.","A sandbox environment can either be a sub-set of the production system, walled off from production processing, or a completely separate environment.",184,179,1.3.7.2.3 Sandboxes or Experimental Environments,True
chapter-6-q020,Chapter 6,20,multiple-choice,Data Storage and Operations,Original 490,Original,CDMP - Data Management Fundamentals Exam Questions (Z-Library),20,A sandbox is an alternate environment that allows write-only connections to production data and can be managed by the administrator.,A. True | B. False,B,False,B,False,verified,,"The statement is False. The cited DMBOK material defines or describes the concept in a way that does not support the wording in the question. Pay attention to the exact scope, qualifiers, and terminology used by DMBOK.",A sandbox is an alternate environment that allows read-only connections to production data and can be managed by the users.,184,179,1.3.7.2.3 Sandboxes or Experimental Environments,True
chapter-7-q001,Chapter 7,1,multiple-choice,Data Security,Original 490,Original,CDMP - Data Management Fundamentals Exam Questions (Z-Library),1,"Data security includes the planning, development and execution of security policies and procedures to provide authentication, authorisation, access and auditing of data and information assets.",A. True | B. False,A,True,A,True,verified,,"The statement is True. The cited DMBOK material defines or describes the concept in a way that supports the wording in the question. Pay attention to the exact scope, qualifiers, and terminology used by DMBOK.","Introduction ata Security includes the planning, development, and execution of security policies and procedures to provide proper authentication, authorization, access, and auditing of data and information assets.",217,209,Data Security,True
chapter-7-q002,Chapter 7,2,multi-select,Data Security,Original 490,Original,CDMP - Data Management Fundamentals Exam Questions (Z-Library),2,"The goals of data security practices are to protect information assets in alignment with privacy and confidentiality regulations, contractual agreements and business requirements. These requirements come from:",A. Stakeholders | B. Government regulations | C. Proprietary business concerns | D. Legitimate access needs | E. Contractual obligations | F. None of the above,A; B; C; D; E,Stakeholders; Government regulations; Proprietary business concerns; Legitimate access needs; Contractual obligations,A; B; C; D; E,Stakeholders; Government regulations; Proprietary business concerns; Legitimate access needs; Contractual obligations,verified,,"The correct selections match the elements, principles, activities, or examples associated with the concept on the cited DMBOK page(s). The remaining choices either introduce a different concept, reverse a condition, or fall outside the set being tested.","Nevertheless, the goal of data security practices is the same: To protect information assets in alignment with privacy and confidentiality regulations, contractual agreements, and business requirements. • Contractual obligations: Contractual and non-disclosure agreements also influence data security requirements.",217; 218,209; 210,Data Security,True
chapter-7-q003,Chapter 7,3,multiple-choice,Data Security,Original 490,Original,CDMP - Data Management Fundamentals Exam Questions (Z-Library),3,A deliverable in the data security context diagram is the data security architecture.,A. True | B. False,A,True,A,True,verified,,"The statement is True. The cited DMBOK material defines or describes the concept in a way that supports the wording in the question. Pay attention to the exact scope, qualifiers, and terminology used by DMBOK.","Figure 63 Context Diagram: Data Security Definition: The planning, development, and execution of security policies and procedures to provide proper authentication, authorization, access, and auditing of data and information assets within cultural and regulatory considerations.",219,211,Data Security,True
chapter-7-q004,Chapter 7,4,multi-select,Data Security,Original 490,Original,CDMP - Data Management Fundamentals Exam Questions (Z-Library),4,The goals of data security include:,A. Managing performance of data assets | B. Enable appropriate access to enterprise data assets | C. Managing the availability of data throughout the data lifecycle | D. Understand and comply with all relevant regulations and policies for privacy and confidentiality | E. Managing the performance of data transactions | F. Ensure that the privacy and confidentiality needs of all stakeholders are enforced and audited,B; D; F,Enable appropriate access to enterprise data assets; Understand and comply with all relevant regulations and policies for privacy and confidentiality; Ensure that the privacy and confidentiality needs of all stakeholders are enforced and audited,B; D; F,Enable appropriate access to enterprise data assets; Understand and comply with all relevant regulations and policies for privacy and confidentiality; Ensure that the privacy and confidentiality needs of all stakeholders are enforced and audited,verified,,"The correct selections match the elements, principles, activities, or examples associated with the concept on the cited DMBOK page(s). The remaining choices either introduce a different concept, reverse a condition, or fall outside the set being tested.","The goals of data security activities include: • Enabling appropriate access and preventing inappropriate access to enterprise data assets • Enabling compliance with regulations and policies for privacy, protection, and confidentiality • Ensuring that stakeholder requirements for privacy and confidentiality are met",219,214,1.2.1 Goals,True
chapter-7-q005,Chapter 7,5,multi-select,Data Security,Original 490,Original,CDMP - Data Management Fundamentals Exam Questions (Z-Library),5,What are the primary drivers of data security activities?,A. Risk reduction | B. Risk alleviation | C. Business growth | D. Business compliance,B; C,Risk alleviation; Business growth,B; C,Risk alleviation; Business growth,verified,,"The correct selections match the elements, principles, activities, or examples associated with the concept on the cited DMBOK page(s). The remaining choices either introduce a different concept, reverse a condition, or fall outside the set being tested.",Risk reduction and business growth are the primary drivers of data security activities.,220,212,1.1 Business Drivers,True
chapter-7-q006,Chapter 7,6,multiple-choice,Data Security,Original 490,Original,CDMP - Data Management Fundamentals Exam Questions (Z-Library),6,"Data security issues, breaches and unwarranted restrictions on employee access to data cannot directly impact operational success.",A. True | B. False,B,False,B,False,verified,,"The statement is False. The cited DMBOK material defines or describes the concept in a way that does not support the wording in the question. Pay attention to the exact scope, qualifiers, and terminology used by DMBOK.","Data security issues, breaches, and unwarranted restrictions on employee access to data can directly impact operational success.",220,212,1.1 Business Drivers,True
chapter-7-q007,Chapter 7,7,multiple-choice,Data Security,Original 490,Original,CDMP - Data Management Fundamentals Exam Questions (Z-Library),7,Vulnerability is defined as:,A. a patch in a system that allows it to be successfully unpatched and compromised. | B. being highly data risk rated | C. a strength in a system that allows external stakeholders to view data records. | D. a weakness or defect in a system that allows it to be successfully attacked and compromised.,D,a weakness or defect in a system that allows it to be successfully attacked and compromised.,D,a weakness or defect in a system that allows it to be successfully attacked and compromised.,verified,,"The correct option matches the DMBOK definition, relationship, or classification used on the cited page(s). The distractors either omit a required element, add an unsupported qualifier, or describe a neighboring concept rather than the one asked for.",A vulnerability is a weaknesses or defect in a system that allows it to be successfully attacked and compromised – essentially a hole in an organization’s defenses.,223,214,1.3.1 Vulnerability,True
chapter-7-q008,Chapter 7,8,multiple-choice,Data Security,Original 490,Original,CDMP - Data Management Fundamentals Exam Questions (Z-Library),8,Risk classifications describe the sensitivity of the data and the likelihood that it might be sought after for malicious purposes.,A. True | B. False,A,True,A,True,verified,,"The statement is True. The cited DMBOK material defines or describes the concept in a way that supports the wording in the question. Pay attention to the exact scope, qualifiers, and terminology used by DMBOK.",Risk classifications describe the sensitivity of the data and the likelihood that it might be sought after for malicious purposes.,224,215,1.3.4 Risk Classifications,True
chapter-7-q009,Chapter 7,9,multiple-choice,Data Security,Original 490,Original,CDMP - Data Management Fundamentals Exam Questions (Z-Library),9,Data integrity is the state of being partitioned – protected from being whole.,A. True | B. False,B,False,B,False,verified,,"The statement is False. The cited DMBOK material defines or describes the concept in a way that does not support the wording in the question. Pay attention to the exact scope, qualifiers, and terminology used by DMBOK.","In security, data integrity is the state of being whole – protected from improper alteration, deletion, or addition.",226,218,1.3.7 Data Integrity,True
chapter-7-q010,Chapter 7,10,multi-select,Data Security,Original 490,Original,CDMP - Data Management Fundamentals Exam Questions (Z-Library),10,The four A’s in security processes include:,A. Audit | B. Authentication | C. Access | D. Authorization | E. Aliment | F. Applicable,A; B; C; D,Audit; Authentication; Access; Authorization,A; B; C; D,Audit; Authentication; Access; Authorization,verified,,"The correct selections match the elements, principles, activities, or examples associated with the concept on the cited DMBOK page(s). The remaining choices either introduce a different concept, reverse a condition, or fall outside the set being tested.","Data security requirements and procedures are categorized into four groups, known as the four A’s: Access, Audit, Authentication, and Authorization. More stringent authentication methods include the person having a security token, answering questions, or submitting a fingerprint.",225,217,1.3.6 Security Processes,True
chapter-7-q011,Chapter 7,11,multi-select,Data Security,Original 490,Original,CDMP - Data Management Fundamentals Exam Questions (Z-Library),11,There are several methods for masking data:,A. Substitution | B. Temporal variance | C. Temporal stagnation | D. Value stagnation | E. Value variance | F. All of the above,A; B; E,Substitution; Temporal variance; Value variance,A; B; E,Substitution; Temporal variance; Value variance,verified,,"The correct selections match the elements, principles, activities, or examples associated with the concept on the cited DMBOK page(s). The remaining choices either introduce a different concept, reverse a condition, or fall outside the set being tested.",There are several methods for masking or obfuscating data.,228; 229,220,1.3.9.3 Masking Methods,True
chapter-7-q012,Chapter 7,12,multi-select,Data Security,Original 490,Original,CDMP - Data Management Fundamentals Exam Questions (Z-Library),12,Please select the two concepts that drive security restrictions:,A. Regulation | B. Regression | C. Confidence level | D. Confidentiality level,A; D,Regulation; Confidentiality level,A; D,Regulation; Confidentiality level,verified,,"The correct selections match the elements, principles, activities, or examples associated with the concept on the cited DMBOK page(s). The remaining choices either introduce a different concept, reverse a condition, or fall outside the set being tested.",Two concepts drive security restrictions: the level of confidentiality of data and regulation related to data.,234; 235,225,1.3.12 Types of Data Security Restrictions,True
chapter-7-q013,Chapter 7,13,multi-select,Data Security,Original 490,Original,CDMP - Data Management Fundamentals Exam Questions (Z-Library),13,Device security standards include:,A. Access policies regarding connections using mobile devices | B. Awareness of security vulnerabilities | C. Installation of malware software | D. Storage of data on fixed devices,A; B,Access policies regarding connections using mobile devices; Awareness of security vulnerabilities,A; B,Access policies regarding connections using mobile devices; Awareness of security vulnerabilities,verified,,"The correct selections match the elements, principles, activities, or examples associated with the concept on the cited DMBOK page(s). The remaining choices either introduce a different concept, reverse a condition, or fall outside the set being tested.","Device security standards include: • Access policies regarding connections using mobile devices • Storage of data on portable devices such as laptops, DVDs, CDs, or USB drives • Data wiping and disposal of devices in compliance with records management policies • Installation of anti-malware and encryption software • Awareness of security vulnerabilities",233,224,1.3.11.2 Device Security,True
chapter-7-q014,Chapter 7,14,multi-select,Data Security,Original 490,Original,CDMP - Data Management Fundamentals Exam Questions (Z-Library),14,Confidentiality classification schemas might include two or more of the five confidentiality classification levels. Three correct classification levels are:,A. Consistency | B. Internal use only | C. Restricted confidential | D. System development | E. Confidential | F. None of the above,B; C; E,Internal use only; Restricted confidential; Confidential,B; C; E,Internal use only; Restricted confidential; Confidential,verified,,"The correct selections match the elements, principles, activities, or examples associated with the concept on the cited DMBOK page(s). The remaining choices either introduce a different concept, reverse a condition, or fall outside the set being tested.","A typical classification schema might include two or more of the five confidentiality classification levels listed here: • For general audiences: Information available to anyone, including the public.",235,226,1.3.12.1 Confidential Data,True
chapter-7-q015,Chapter 7,15,multi-select,Data Security,Original 490,Original,CDMP - Data Management Fundamentals Exam Questions (Z-Library),15,Malware types include:,A. Trojan horse | B. Worm | C. Weasel | D. Virus | E. Adware | F. Camware,A; B; D; E,Trojan horse; Worm; Virus; Adware,A; B; D; E,Trojan horse; Worm; Virus; Adware,verified,,"The correct selections match the elements, principles, activities, or examples associated with the concept on the cited DMBOK page(s). The remaining choices either introduce a different concept, reverse a condition, or fall outside the set being tested.","Once installed, a Trojan horse will delete files, access personal information, install malware, reconfigure the computer, install a key logger, or even allow hackers to use the computer as a weapon (Bot or Zombie) against other computers on a network.",243; 244,234,1.3.16.3 Trojan Horse,True
chapter-7-q016,Chapter 7,16,multiple-choice,Data Security,Original 490,Original,CDMP - Data Management Fundamentals Exam Questions (Z-Library),16,"Malware refers to any infectious software created to damage, change or improperly access a computer or network.",A. True | B. False,A,True,A,True,verified,,"The statement is True. The cited DMBOK material defines or describes the concept in a way that supports the wording in the question. Pay attention to the exact scope, qualifiers, and terminology used by DMBOK.","Malware refers to any malicious software created to damage, change, or improperly access a computer or network.",242,233,1.3.16 Malware,True
chapter-7-q017,Chapter 7,17,multiple-choice,Data Security,Original 490,Original,CDMP - Data Management Fundamentals Exam Questions (Z-Library),17,Instant Messaging (IM) allows users to message each other in real time.,A. True | B. False,A,True,A,True,verified,,"The statement is True. The cited DMBOK material defines or describes the concept in a way that supports the wording in the question. Pay attention to the exact scope, qualifiers, and terminology used by DMBOK.",IM allows users to relay messages to each other in real time.,244,234,1.3.16.6.1 Instant Messaging (IM),True
chapter-7-q018,Chapter 7,18,multi-select,Data Security,Original 490,Original,CDMP - Data Management Fundamentals Exam Questions (Z-Library),18,Different levels of policy are required to govern behavior related to enterprise security. For example:,A. Data security policy | B. Business Security Policy | C. IT security policy | D. Enterprise security policy | E. All of the above | F. None of the above,A; C; D,Data security policy; IT security policy; Enterprise security policy,A; C; D,Data security policy; IT security policy; Enterprise security policy,verified,,"The correct selections match the elements, principles, activities, or examples associated with the concept on the cited DMBOK page(s). The remaining choices either introduce a different concept, reverse a condition, or fall outside the set being tested.",Different levels of policy are required to govern behavior related to enterprise security.,247,237,2.2.1 Security Policy Contents,True
chapter-7-q019,Chapter 7,19,multiple-choice,Data Security,Original 490,Original,CDMP - Data Management Fundamentals Exam Questions (Z-Library),19,"The IT security policy provides categories for individual application, database roles, user groups and information sensitivity.",A. True | B. False,B,False,B,False,verified,,"The statement is False. The cited DMBOK material defines or describes the concept in a way that does not support the wording in the question. Pay attention to the exact scope, qualifiers, and terminology used by DMBOK.","• Data Security Policy: Categories for individual applications, database roles, user groups, and information sensitivity Commonly, the IT Security Policy and Data Security Policy are part of a combined security policy.",247,238,2.2.1 Security Policy Contents,True
chapter-7-q020,Chapter 7,20,multiple-choice,Data Security,Original 490,Original,CDMP - Data Management Fundamentals Exam Questions (Z-Library),20,"Data access control can be organized at an individual level or group level, depending on the need.",A. True | B. False,A,True,A,True,verified,,"The statement is True. The cited DMBOK material defines or describes the concept in a way that supports the wording in the question. Pay attention to the exact scope, qualifiers, and terminology used by DMBOK.","Data access control can be organized at an individual or group level, depending on the need.",249,239,2.3.3 Define Security Roles,True
chapter-8-q001,Chapter 8,1,multiple-choice,Data Integration and Interoperability,Original 490,Original,CDMP - Data Management Fundamentals Exam Questions (Z-Library),1,"Data Integration and Interoperability (DII) describes processes related to the movement and consolidation of data within and between data stores, applications and organizations.",A. True | B. False,A,True,A,True,verified,,"The statement is True. The cited DMBOK material defines or describes the concept in a way that supports the wording in the question. Pay attention to the exact scope, qualifiers, and terminology used by DMBOK.","Introduction ata Integration and Interoperability (DII) describes processes related to the movement and consolidation of data within and between data stores, applications, and organizations. C H A P T E R 8 Data Integration and Interoperability",269,257,Data Integration and Interoperability,True
chapter-8-q002,Chapter 8,2,multi-select,Data Integration and Interoperability,Original 490,Original,CDMP - Data Management Fundamentals Exam Questions (Z-Library),2,Data Integration and Interoperability is dependent on these other areas of data management:,A. Metadata | B. Data architecture | C. Data governance | D. Data security | E. Data modelling and design | F. Data storage and operations,A; B; C; D; E; F,Metadata; Data architecture; Data governance; Data security; Data modelling and design; Data storage and operations,A; B; C; D; E; F,Metadata; Data architecture; Data governance; Data security; Data modelling and design; Data storage and operations,verified,,"The correct selections match the elements, principles, activities, or examples associated with the concept on the cited DMBOK page(s). The remaining choices either introduce a different concept, reverse a condition, or fall outside the set being tested.",DII solutions enable basic data management functions on which most organizations depend: • Data migration and conversion • Data consolidation into hubs or marts • Integration of vendor packages into an organization’s application portfolio • Data sharing between applications and across organizations • Distributing data across data stores and data centers… C H A P T E R 8 Data Integration and Interoperability,270,257,Data Integration and Interoperability,True
chapter-8-q003,Chapter 8,3,multiple-choice,Data Integration and Interoperability,Original 490,Original,CDMP - Data Management Fundamentals Exam Questions (Z-Library),3,The need to manage data movement efficiently is a primary driver for Data Integration and Interoperability.,A. True | B. False,A,True,A,True,verified,,"The statement is True. The cited DMBOK material defines or describes the concept in a way that supports the wording in the question. Pay attention to the exact scope, qualifiers, and terminology used by DMBOK.",C H A P T E R 8 Data Integration and Interoperability The need to manage data movement efficiently is a primary driver for DII.,270,257; 258,Data Integration and Interoperability,True
chapter-8-q004,Chapter 8,4,multi-select,Data Integration and Interoperability,Original 490,Original,CDMP - Data Management Fundamentals Exam Questions (Z-Library),4,The goals of Data Integration and Interoperability include:,"A. Provide data securely, with regulatory compliance, in the format and timeframe needed. | B. Lower cost and complexity of managing solutions by developing shared models and interfaces. | C. Managing the availability of data throughout the data lifecycle | D. Provide the starting point for customizations, integration or even replacement of an application | E. Identify meaningful events and automatically trigger alerts and actions. | F. Support business intelligence, analytics, master data management and operational efficiency efforts.",A; B; E; F,"Provide data securely, with regulatory compliance, in the format and timeframe needed.; Lower cost and complexity of managing solutions by developing shared models and interfaces.; Identify meaningful events and automatically trigger alerts and actions.; Support business intelligence, analytics, master data management and operational efficiency efforts.",A; B; E; F,"Provide data securely, with regulatory compliance, in the format and timeframe needed.; Lower cost and complexity of managing solutions by developing shared models and interfaces.; Identify meaningful events and automatically trigger alerts and actions.; Support business intelligence, analytics, master data management and operational efficiency efforts.",verified,,"The correct selections match the elements, principles, activities, or examples associated with the concept on the cited DMBOK page(s). The remaining choices either introduce a different concept, reverse a condition, or fall outside the set being tested.","The implementation of Data Integration and Interoperability practices and solutions aims to: • Make data available in the format and timeframe needed by data consumers, both human and system • Consolidate data physically and virtually into data hubs • Lower cost and complexity of managing solutions by developing shared models and interfaces • Identify… Support business intelligence, analytics, master data management, and operational efficiency efforts.",271,259; 260,1.2 Goals and Principles,True
chapter-8-q005,Chapter 8,5,multiple-choice,Data Integration and Interoperability,Original 490,Original,CDMP - Data Management Fundamentals Exam Questions (Z-Library),5,One of the deliverables in the Data Integration and Interoperability context diagram is:,A. Data Integration and Interoperability Strategy | B. Data hogging | C. Data access agreements | D. Data security plan,C,Data access agreements,C,Data access agreements,verified,,"The correct option matches the DMBOK definition, relationship, or classification used on the cited page(s). The distractors either omit a required element, add an unsupported qualifier, or describe a neighboring concept rather than the one asked for.",C H A P T E R 8 Data Integration and Interoperability,271,257,Data Integration and Interoperability,True
chapter-8-q006,Chapter 8,6,multiple-choice,Data Integration and Interoperability,Original 490,Original,CDMP - Data Management Fundamentals Exam Questions (Z-Library),6,"ETL is the basic process which is central to all areas in Data Integration and Interoperability. It is an abbreviation for extract, transition and load.",A. True | B. False,B,False,B,False,verified,,"The statement is False. The cited DMBOK material defines or describes the concept in a way that does not support the wording in the question. Pay attention to the exact scope, qualifiers, and terminology used by DMBOK.","Central to all areas in Data Integration and Interoperability is the basic process of Extract, Transform, and Load (ETL).",273,260,"1.3.1 Extract, Transform, and Load",True
chapter-8-q007,Chapter 8,7,multiple-choice,Data Integration and Interoperability,Original 490,Original,CDMP - Data Management Fundamentals Exam Questions (Z-Library),7,One example of a transformation process in ETL is:,A. Re-ordering | B. Recording | C. Duping | D. Servicing,A,Re-ordering,A,Re-ordering,verified,,"The correct option matches the DMBOK definition, relationship, or classification used on the cited page(s). The distractors either omit a required element, add an unsupported qualifier, or describe a neighboring concept rather than the one asked for.","Examples of transformation may include • Format changes: Conversion of the technical format of the data; for example, from EBCDIC to ASCII format • Structure changes: Changes to the structure of the data; for example, from denormalized to normalized records • Semantic conversion: Conversion of data values to maintain consistent semantic representation. Central to all areas in Data Integration and Interoperability is the basic process of Extract, Transform, and Load (ETL).",273; 274,260; 261,1.3.1.2 Transform,True
chapter-8-q008,Chapter 8,8,multiple-choice,Data Integration and Interoperability,Original 490,Original,CDMP - Data Management Fundamentals Exam Questions (Z-Library),8,The load step of ETL is physically storing or presenting the results of the transformation in the target system.,A. True | B. False,A,True,A,True,verified,,"The statement is True. The cited DMBOK material defines or describes the concept in a way that supports the wording in the question. Pay attention to the exact scope, qualifiers, and terminology used by DMBOK.","The load step of ETL is physically storing or presenting the result of the transformations in the target system. Transformation may be performed in batch or real-time, either physically storing the result in a staging area, or virtually storing the transformed data in memory until ready to move to the load step.",274,262,1.3.1.3 Load,True
chapter-8-q009,Chapter 8,9,multiple-choice,Data Integration and Interoperability,Original 490,Original,CDMP - Data Management Fundamentals Exam Questions (Z-Library),9,"A synonym for transformation in ETL is mapping. Mapping is the process of developing the lookup matrix from source to target structures, but not the result of the process.",A. True | B. False,B,False,B,False,verified,,"The statement is False. The cited DMBOK material defines or describes the concept in a way that does not support the wording in the question. Pay attention to the exact scope, qualifiers, and terminology used by DMBOK.","A synonym for transformation, a mapping is both the process of developing the lookup matrix from source to target structures and the result of that process.",275,263,1.3.1.5 Mapping,True
chapter-8-q010,Chapter 8,10,multiple-choice,Data Integration and Interoperability,Original 490,Original,CDMP - Data Management Fundamentals Exam Questions (Z-Library),10,Change Data Capture is a method of reducing bandwidth by filtering to include only data that has been changed within a defined timeframe.,A. True | B. False,A,True,A,True,verified,,"The statement is True. The cited DMBOK material defines or describes the concept in a way that supports the wording in the question. Pay attention to the exact scope, qualifiers, and terminology used by DMBOK.",Change Data Capture is a method of reducing bandwidth by filtering to include only data that has been changed within a defined timeframe.,275,264,1.3.2.2 Change Data Capture,True
chapter-8-q011,Chapter 8,11,multi-select,Data Integration and Interoperability,Original 490,Original,CDMP - Data Management Fundamentals Exam Questions (Z-Library),11,"There are three techniques for data-based change data capture, namely:","A. The source system populates specific data elements. | B. Application automated interfaces | C. The source system processes copy data that has changed into a separate object as part of the transaction, which is then used for the extract process. | D. The source systems send binary code through ASCI that makes the process rapid. | E. The source system processes add to a simple list of objects and identifiers when changing data, which is then used to control selection of data extraction. | F. None of the above",A; C; E,"The source system populates specific data elements.; The source system processes copy data that has changed into a separate object as part of the transaction, which is then used for the extract process.; The source system processes add to a simple list of objects and identifiers when changing data, which is then used to control selection of data extraction.",A; C; E,"The source system populates specific data elements.; The source system processes copy data that has changed into a separate object as part of the transaction, which is then used for the extract process.; The source system processes add to a simple list of objects and identifiers when changing data, which is then used to control selection of data extraction.",verified,,"The correct selections match the elements, principles, activities, or examples associated with the concept on the cited DMBOK page(s). The remaining choices either introduce a different concept, reverse a condition, or fall outside the set being tested.","• The source system processes add to a simple list of objects and identifiers when changing data, which is then used to control selection of data for extraction.",276,264,1.3.2.2 Change Data Capture,True
chapter-8-q012,Chapter 8,12,multi-select,Data Integration and Interoperability,Original 490,Original,CDMP - Data Management Fundamentals Exam Questions (Z-Library),12,Latency can be:,A. Batch | B. Event-driven | C. Distributed | D. Real-time synchronous,A; C; D,Batch; Distributed; Real-time synchronous,A; C; D,Batch; Distributed; Real-time synchronous,verified,,"The correct selections match the elements, principles, activities, or examples associated with the concept on the cited DMBOK page(s). The remaining choices either introduce a different concept, reverse a condition, or fall outside the set being tested.","Latency can be high (batch) or low (event-driven) to very low (real-time synchronous). Near-real-time processing has a lower latency than batch processing and often a lower system load as the work is distributed over time, but it is usually slower than a synchronized data integration solution.",275,263; 264,1.3.2 Latency,True
chapter-8-q013,Chapter 8,13,multi-select,Data Integration and Interoperability,Original 490,Original,CDMP - Data Management Fundamentals Exam Questions (Z-Library),13,Examples of interaction models include:,A. Hub-and-spoke | B. Publish - subscribe | C. Point-to-point | D. Wheel-and-spike,A; B; C,Hub-and-spoke; Publish - subscribe; Point-to-point,A; B; C,Hub-and-spoke; Publish - subscribe; Point-to-point,verified,,"The correct selections match the elements, principles, activities, or examples associated with the concept on the cited DMBOK page(s). The remaining choices either introduce a different concept, reverse a condition, or fall outside the set being tested.","Determine which interaction model or combination will fulfill the requirements – hub-and-spoke, point-to- point, or publish-subscribe.",280; 281,276,2.2.1.1 Select Interaction Model,True
chapter-8-q014,Chapter 8,14,multi-select,Data Integration and Interoperability,Original 490,Original,CDMP - Data Management Fundamentals Exam Questions (Z-Library),14,"As an often-overlooked aspect of basic data movement architecture, process controls include:",A. Consistency logging | B. Batch job logs | C. Database activity logs | D. Alerts | E. Exception logs | F. All of the above,B; C; D; E,Batch job logs; Database activity logs; Alerts; Exception logs,B; C; D; E,Batch job logs; Database activity logs; Alerts; Exception logs,verified,,"The correct selections match the elements, principles, activities, or examples associated with the concept on the cited DMBOK page(s). The remaining choices either introduce a different concept, reverse a condition, or fall outside the set being tested.","An often-overlooked aspect of basic data movement architecture, controls include: • Database activity logs • Batch job logs • Alerts • Exception logs • Job dependence charts with remediation options, standard responses • Job ‘clock’ information, such as the timing of dependent jobs, the expected length of the jobs, and the computing (available) window time",282,269,1.3.7.2 Orchestration and Process Controls,True
chapter-8-q015,Chapter 8,15,multi-select,Data Integration and Interoperability,Original 490,Original,CDMP - Data Management Fundamentals Exam Questions (Z-Library),15,"Use business rules to support Data Integration and Interoperability at various points, to:",A. Direct the flow of data in the organization | B. Monitor the organization’s operational data | C. Software alerts when events are triggered | D. Direct when to automatically trigger events and alerts | E. Consistency in allocation event resources | F. None of the above,A; B; D,Direct the flow of data in the organization; Monitor the organization’s operational data; Direct when to automatically trigger events and alerts,A; B; D,Direct the flow of data in the organization; Monitor the organization’s operational data; Direct when to automatically trigger events and alerts,verified,,"The correct selections match the elements, principles, activities, or examples associated with the concept on the cited DMBOK page(s). The remaining choices either introduce a different concept, reverse a condition, or fall outside the set being tested.","Use business rules to support Data Integration and Interoperability at various points, to: • Assess data in potential source and target data sets • Direct the flow of data in the organization • Monitor the organization’s operational data • Direct when to automatically trigger events and alerts For Master Data Management, business rules include match rules,…",289,275,2.1.5 Collect Business Rules,True
chapter-8-q016,Chapter 8,16,multiple-choice,Data Integration and Interoperability,Original 490,Original,CDMP - Data Management Fundamentals Exam Questions (Z-Library),16,The flow of data in a data integration solution does not have to be designed and documented.,A. True | B. False,B,False,B,False,verified,,"The statement is False. The cited DMBOK material defines or describes the concept in a way that does not support the wording in the question. Pay attention to the exact scope, qualifiers, and terminology used by DMBOK.",The flow of data in a data integration solution must be designed and documented.,291,277,2.2.4 Design Data Orchestration,True
chapter-8-q017,Chapter 8,17,multiple-choice,Data Integration and Interoperability,Original 490,Original,CDMP - Data Management Fundamentals Exam Questions (Z-Library),17,Preparation and pre-processing of historical data needed in a predictive model may be performed in nightly batch processes or in near real-time.,A. True | B. False,A,True,A,True,verified,,"The statement is True. The cited DMBOK material defines or describes the concept in a way that supports the wording in the question. Pay attention to the exact scope, qualifiers, and terminology used by DMBOK.","Developing complex event processing solutions requires: • Preparation of the historical data about an individual, organization, product, or market and pre- population of the predictive models • Processing the real-time data stream to fully populate the predictive model and identify meaningful events (opportunities or threats) • Executing the triggered…",293,279,2.3.5 Develop Complex Event Processing Flows,True
chapter-8-q018,Chapter 8,18,multi-select,Data Integration and Interoperability,Original 490,Original,CDMP - Data Management Fundamentals Exam Questions (Z-Library),18,Developing complex event processing solutions requires:,A. Preparation of historical data and pre-population of a predictive model | B. Integration testing for subsequent logging requirements | C. Processing of real-time data stream to fully populate a predictive model and identify meaningful events | D. Executing the triggered action in response to the prediction | E. All of the above | F. None of the above,A; C; D,Preparation of historical data and pre-population of a predictive model; Processing of real-time data stream to fully populate a predictive model and identify meaningful events; Executing the triggered action in response to the prediction,A; C; D,Preparation of historical data and pre-population of a predictive model; Processing of real-time data stream to fully populate a predictive model and identify meaningful events; Executing the triggered action in response to the prediction,verified,,"The correct selections match the elements, principles, activities, or examples associated with the concept on the cited DMBOK page(s). The remaining choices either introduce a different concept, reverse a condition, or fall outside the set being tested.","Developing complex event processing solutions requires: • Preparation of the historical data about an individual, organization, product, or market and pre- population of the predictive models • Processing the real-time data stream to fully populate the predictive model and identify meaningful events (opportunities or threats) • Executing the triggered…",292,279,2.3.5 Develop Complex Event Processing Flows,True
chapter-8-q019,Chapter 8,19,multiple-choice,Data Integration and Interoperability,Original 490,Original,CDMP - Data Management Fundamentals Exam Questions (Z-Library),19,"Real-time data integration is usually triggered by batch processing, such as historic data.",A. True | B. False,B,False,B,False,verified,,"The statement is False. The cited DMBOK material defines or describes the concept in a way that does not support the wording in the question. Pay attention to the exact scope, qualifiers, and terminology used by DMBOK.","Real-time data integration orchestration is usually triggered by an event, such as new or updated data.",291,277,2.2.4 Design Data Orchestration,True
chapter-8-q020,Chapter 8,20,multiple-choice,Data Integration and Interoperability,Original 490,Original,CDMP - Data Management Fundamentals Exam Questions (Z-Library),20,Integration of ETL data flows will usually be developed within tools specialised to manage those flows in a proprietary way.,A. True | B. False,A,True,A,True,verified,,"The statement is True. The cited DMBOK material defines or describes the concept in a way that supports the wording in the question. Pay attention to the exact scope, qualifiers, and terminology used by DMBOK.",Integration or ETL data flows will usually be developed within tools specialized to manage those flows in a proprietary way.,291,278,2.3.2 Develop Data Flows,True
chapter-9-q001,Chapter 9,1,multiple-choice,Document and content management,Original 490,Original,CDMP - Data Management Fundamentals Exam Questions (Z-Library),1,E-discovery is the process of finding electronic records that might serve as evidence in a legal action.,A. True | B. False,A,True,A,True,verified,,"The statement is True. The cited DMBOK material defines or describes the concept in a way that supports the wording in the question. Pay attention to the exact scope, qualifiers, and terminology used by DMBOK.",E-discovery is the process of finding electronic records that might serve as evidence in a legal action.,305,289,1.1 Business Drivers,True
chapter-9-q002,Chapter 9,2,multi-select,Document and content management,Original 490,Original,CDMP - Data Management Fundamentals Exam Questions (Z-Library),2,Deliverables in the document and content management context diagram include:,A. Metadata and reference data | B. Policy and procedure | C. Data governance | D. Content and records management strategy | E. Audit trail and log | F. Data storage and operations,B; C; D; E,Policy and procedure; Data governance; Content and records management strategy; Audit trail and log,B; C; D; E,Policy and procedure; Data governance; Content and records management strategy; Audit trail and log,verified,,"The correct selections match the elements, principles, activities, or examples associated with the concept on the cited DMBOK page(s). The remaining choices either introduce a different concept, reverse a condition, or fall outside the set being tested.",C H A P T E R 9 Document and Content Management Audit Document and Records 3.,304,287; 288,Document and content management,True
chapter-9-q003,Chapter 9,3,multiple-choice,Document and content management,Original 490,Original,CDMP - Data Management Fundamentals Exam Questions (Z-Library),3,"Document and content management is defined as planning, implementation and control activities for storage management of data and information found in any form or medium.",A. True | B. False,B,False,B,False,verified,,"The statement is False. The cited DMBOK material defines or describes the concept in a way that does not support the wording in the question. Pay attention to the exact scope, qualifiers, and terminology used by DMBOK.",C H A P T E R 9 Document and Content Management,304,287,Document and content management,True
chapter-9-q004,Chapter 9,4,multi-select,Document and content management,Original 490,Original,CDMP - Data Management Fundamentals Exam Questions (Z-Library),4,The goals of implementing best practices around document and content management include:,A. Ensuring effective and efficient retrieval and use of data and information in unstructured formats | B. Ensuring integration capabilities between structured and unstructured data | C. Complying with legal obligations and customer expectations | D. Enduring integration competencies between semi-structured systems | E. Managing the performance of data transactions | F. Make the integration between data management and data analytics possible,A; B; C,Ensuring effective and efficient retrieval and use of data and information in unstructured formats; Ensuring integration capabilities between structured and unstructured data; Complying with legal obligations and customer expectations,A; B; C,Ensuring effective and efficient retrieval and use of data and information in unstructured formats; Ensuring integration capabilities between structured and unstructured data; Complying with legal obligations and customer expectations,verified,,"The correct selections match the elements, principles, activities, or examples associated with the concept on the cited DMBOK page(s). The remaining choices either introduce a different concept, reverse a condition, or fall outside the set being tested.",The goals of implementing best practices around Document and Content Management include: • Ensuring effective and efficient retrieval and use of data and information in unstructured formats • Ensuring integration capabilities between structured and unstructured data • Complying with legal obligations and customer expectations Management of Documents and…,305,289,1.2 Goals and Principles,True
chapter-9-q005,Chapter 9,5,multiple-choice,Document and content management,Original 490,Original,CDMP - Data Management Fundamentals Exam Questions (Z-Library),5,"Please select the correct term for the following sentence: An organization shall assign a senior executive to appropriate individuals, adopt policies and processes to guide staff, and ensure program auditability.",A. Principle of integrity | B. Principle of availability | C. Principle of retention | D. Principle of accountability,D,Principle of accountability,D,Principle of accountability,verified,,"The correct option matches the DMBOK definition, relationship, or classification used on the cited page(s). The distractors either omit a required element, add an unsupported qualifier, or describe a neighboring concept rather than the one asked for.","• Principle of Accountability: An organization shall assign a senior executive to appropriate individuals, adopt policies and processes to guide staff, and ensure program auditability.",306,290,1.2 Goals and Principles,True
chapter-9-q006,Chapter 9,6,multiple-choice,Document and content management,Original 490,Original,CDMP - Data Management Fundamentals Exam Questions (Z-Library),6,"Content refers to the data and information inside a file, document or website.",A. True | B. False,A,True,A,True,verified,,"The statement is True. The cited DMBOK material defines or describes the concept in a way that supports the wording in the question. Pay attention to the exact scope, qualifiers, and terminology used by DMBOK.","Content refers to the data and information inside the file, document, or website.",307,290,1.3.1 Content,True
chapter-9-q007,Chapter 9,7,multiple-choice,Document and content management,Original 490,Original,CDMP - Data Management Fundamentals Exam Questions (Z-Library),7,ECM is an abbreviation for:,A. Enterprise compliance management | B. Enterprise compliance manager | C. Enterprise component management | D. Enterprise content management,D,Enterprise content management,D,Enterprise content management,verified,,"The correct option matches the DMBOK definition, relationship, or classification used on the cited page(s). The distractors either omit a required element, add an unsupported qualifier, or describe a neighboring concept rather than the one asked for.",C H A P T E R 9 Document and Content Management,307,287,Document and content management,True
chapter-9-q008,Chapter 9,8,multiple-choice,Document and content management,Original 490,Original,CDMP - Data Management Fundamentals Exam Questions (Z-Library),8,Content management includes the systems for organizing information resources so that they can specially be stored.,A. True | B. False,B,False,B,False,verified,,"The statement is False. The cited DMBOK material defines or describes the concept in a way that does not support the wording in the question. Pay attention to the exact scope, qualifiers, and terminology used by DMBOK.","Content management includes the processes, techniques, and technologies for organizing, categorizing, and structuring information resources so that they can be stored, published, and reused in multiple ways.",307,291,1.3.1.1 Content Management,True
chapter-9-q009,Chapter 9,9,multiple-choice,Document and content management,Original 490,Original,CDMP - Data Management Fundamentals Exam Questions (Z-Library),9,"Content needs to be modular, structured, reusable and device and platform independent.",A. True | B. False,A,True,A,True,verified,,"The statement is True. The cited DMBOK material defines or describes the concept in a way that supports the wording in the question. Pay attention to the exact scope, qualifiers, and terminology used by DMBOK.","Content needs to be modular, structured, reusable, and device- and platform- independent.",308,292,1.3.1.4 Content Delivery Methods,True
chapter-9-q010,Chapter 9,10,multiple-choice,Document and content management,Original 490,Original,CDMP - Data Management Fundamentals Exam Questions (Z-Library),10,"A controlled vocabulary is a defined list of explicitly allowed terms used to index, categorize, tag, sort and retrieve content through browsing and searching.",A. True | B. False,A,True,A,True,verified,,"The statement is True. The cited DMBOK material defines or describes the concept in a way that supports the wording in the question. Pay attention to the exact scope, qualifiers, and terminology used by DMBOK.","A controlled vocabulary is a defined list of explicitly allowed terms used to index, categorize, tag, sort, and retrieve content through browsing and searching.",309,293,1.3.2 Controlled Vocabularies,True
chapter-9-q011,Chapter 9,11,multi-select,Document and content management,Original 490,Original,CDMP - Data Management Fundamentals Exam Questions (Z-Library),11,"Taxonomies can have different structures, including:",A. Polyhierarchy | B. Application | C. Facet taxonomy | D. Network taxonomy | E. Flat taxonomy | F. All of the above,A; C; D; E,Polyhierarchy; Facet taxonomy; Network taxonomy; Flat taxonomy,A; C; D; E,Polyhierarchy; Facet taxonomy; Network taxonomy; Flat taxonomy,verified,,"The correct selections match the elements, principles, activities, or examples associated with the concept on the cited DMBOK page(s). The remaining choices either introduce a different concept, reverse a condition, or fall outside the set being tested.",Taxonomies can have different structures: • A flat taxonomy has no relationships among the set of controlled categories.,312; 313,296,1.3.2.6 Taxonomies,True
chapter-9-q012,Chapter 9,12,multi-select,Document and content management,Original 490,Original,CDMP - Data Management Fundamentals Exam Questions (Z-Library),12,Well prepared records have characteristics such as:,A. Context | B. Content | C. Compliance | D. Timeliness,A; B; D,Context; Content; Timeliness,A; B; D,Context; Content; Timeliness,verified,,"The correct selections match the elements, principles, activities, or examples associated with the concept on the cited DMBOK page(s). The remaining choices either introduce a different concept, reverse a condition, or fall outside the set being tested.","Well-prepared records have characteristics such as: • Content: Content must be accurate, complete, and truthful.",317,300,1.3.3.2 Records Management,True
chapter-9-q013,Chapter 9,13,multi-select,Document and content management,Original 490,Original,CDMP - Data Management Fundamentals Exam Questions (Z-Library),13,Information architecture is the process of creating structure for a body of information or content. It includes the following components:,A. Navigation maps | B. User flows | C. Use cases | D. Controlled technologies,A; B; C,Navigation maps; User flows; Use cases,A; B; C,Navigation maps; User flows; Use cases,verified,,"The correct selections match the elements, principles, activities, or examples associated with the concept on the cited DMBOK page(s). The remaining choices either introduce a different concept, reverse a condition, or fall outside the set being tested.",Information Architecture is the process of creating structure for a body of information or content.,320,303,1.3.6 Information Architecture,True
chapter-9-q014,Chapter 9,14,multi-select,Document and content management,Original 490,Original,CDMP - Data Management Fundamentals Exam Questions (Z-Library),14,Most document programs have policies related to:,A. Scope and compliance audits | B. Proper destruction of records | C. Proper construction of records | D. Identification and protection of vital records | E. Partition tolerance | F. All of the above,A; B; D,Scope and compliance audits; Proper destruction of records; Identification and protection of vital records,A; B; D,Scope and compliance audits; Proper destruction of records; Identification and protection of vital records,verified,,"The correct selections match the elements, principles, activities, or examples associated with the concept on the cited DMBOK page(s). The remaining choices either introduce a different concept, reverse a condition, or fall outside the set being tested.","Most document management programs have policies related to: • Scope and compliance with audits • Identification and protection of vital records • Purpose and schedule for retaining records (a.k.a retention schedule) • How to respond to information hold orders (special protection orders); these are requirements for retaining information for a lawsuit, even…",324,307,2.1.3 Create Content Handling Policies,True
chapter-9-q015,Chapter 9,15,multi-select,Document and content management,Original 490,Original,CDMP - Data Management Fundamentals Exam Questions (Z-Library),15,"ANSI standard 859 has three levels of control of data, based on the criticality of the data and the perceived harm that would occur if data were corrupt or otherwise unavailable, including:",A. Basic | B. Formal | C. Informal | D. Custody | E. Revision | F. None of the above,B; D; E,Formal; Custody; Revision,B; D; E,Formal; Custody; Revision,verified,,"The correct selections match the elements, principles, activities, or examples associated with the concept on the cited DMBOK page(s). The remaining choices either introduce a different concept, reverse a condition, or fall outside the set being tested.","ANSI Standard 859 has three levels of control of data, based on the criticality of the data and the perceived harm that would occur if data were corrupted or otherwise unavailable: formal, revision, and custody: • Formal control requires formal change initiation, thorough evaluation for impact, decision by a change authority, and full status accounting of…",326,309,2.2.2 Manage Versioning and Control,True
chapter-9-q016,Chapter 9,16,multiple-choice,Document and content management,Original 490,Original,CDMP - Data Management Fundamentals Exam Questions (Z-Library),16,A content strategy should end with an inventory of current state and a gap assessment.,A. True | B. False,B,False,B,False,verified,,"The statement is False. The cited DMBOK material defines or describes the concept in a way that does not support the wording in the question. Pay attention to the exact scope, qualifiers, and terminology used by DMBOK.",A content strategy should start with an inventory of current state and a gap assessment.,324,307,2.1.2 Develop a Content Strategy,True
chapter-9-q017,Chapter 9,17,multiple-choice,Document and content management,Original 490,Original,CDMP - Data Management Fundamentals Exam Questions (Z-Library),17,Record management starts with a vague definition of what constitutes a record.,A. True | B. False,B,False,B,False,verified,,"The statement is False. The cited DMBOK material defines or describes the concept in a way that does not support the wording in the question. Pay attention to the exact scope, qualifiers, and terminology used by DMBOK.",Records management starts with a clear definition of what constitutes a record.,323,306,2.1.1 Plan for Records Management,True
chapter-9-q018,Chapter 9,18,multi-select,Document and content management,Original 490,Original,CDMP - Data Management Fundamentals Exam Questions (Z-Library),18,Some document management systems have a module that may support different types of workflows such as:,A. Quality Assurance Testing (QA) | B. Manual workflows that indicate where the user sends the document | C. User Acceptance Testing (UAT) | D. Dynamic rules that allow for different workflows based on content | E. All of the above | F. None of the above,B; D,Manual workflows that indicate where the user sends the document; Dynamic rules that allow for different workflows based on content,B; D,Manual workflows that indicate where the user sends the document; Dynamic rules that allow for different workflows based on content,verified,,"The correct selections match the elements, principles, activities, or examples associated with the concept on the cited DMBOK page(s). The remaining choices either introduce a different concept, reverse a condition, or fall outside the set being tested.","Some document management systems have a module that may support different types of workflows, such as: • Manual workflows that indicate where the user sends the document • Rules-based workflow, where rules are created that dictate the flow of the document within an organization • Dynamic rules that allow for different workflows based on content Document…",331,314,3.1.1 Document Management,True
chapter-9-q019,Chapter 9,19,multiple-choice,Document and content management,Original 490,Original,CDMP - Data Management Fundamentals Exam Questions (Z-Library),19,"An image processing system captures, transforms and manages images of paper and electronic documents.",A. True | B. False,A,True,A,True,verified,,"The statement is True. The cited DMBOK material defines or describes the concept in a way that supports the wording in the question. Pay attention to the exact scope, qualifiers, and terminology used by DMBOK.","An image processing system captures, transforms, and manages images of paper and electronic documents.",331,314,3.1.1.2 Image Processing,True
chapter-9-q020,Chapter 9,20,multiple-choice,Document and content management,Original 490,Original,CDMP - Data Management Fundamentals Exam Questions (Z-Library),20,OCR is the abbreviation for Optical Character Recognition.,A. True | B. False,A,True,A,True,verified,,"The statement is True. The cited DMBOK material defines or describes the concept in a way that supports the wording in the question. Pay attention to the exact scope, qualifiers, and terminology used by DMBOK.","The capturing capability uses technologies such as scanning, optical and intelligence character recognition, or form processing.",332,314,3.1.1.2 Image Processing,True
chapter-10-q001,Chapter 10,1,multiple-choice,Reference and master data,Original 490,Original,CDMP - Data Management Fundamentals Exam Questions (Z-Library),1,"Reference and Master data definition: Managing shared data to meet organizational goals, reduce risks associated with data redundancy, ensure higher quality, and reduce the costs of data integration.",A. True | B. False,A,True,A,True,verified,,"The statement is True. The cited DMBOK material defines or describes the concept in a way that supports the wording in the question. Pay attention to the exact scope, qualifiers, and terminology used by DMBOK.","Centrally managed Reference Data enables organizations to: • Meet data requirements for multiple initiatives and reduce the risks and costs of data integration through use of consistent Reference Data • Manage the quality of Reference Data While data-driven organizational initiatives focus on transactional data (increasing sales or market share, reducing… The goals of a Reference and Master Data Management program include: • Ensuring the organization has complete, consistent, current, authoritative Master and Reference Data across organizational processes • Enabling Master and Reference Data to be shared across enterprise functions and…",348,331,1.1 Business Drivers,True
chapter-10-q002,Chapter 10,2,multi-select,Reference and master data,Original 490,Original,CDMP - Data Management Fundamentals Exam Questions (Z-Library),2,The most common drivers for initiating a Master Data Management Program are:,A. Metadata insecurity | B. Managing data quality | C. Reducing risk | D. Managing the costs of data integration | E. Meeting organizational data requirements | F. Reducing latency,B; C; D; E,Managing data quality; Reducing risk; Managing the costs of data integration; Meeting organizational data requirements,B; C; D; E,Managing data quality; Reducing risk; Managing the costs of data integration; Meeting organizational data requirements,verified,,"The correct selections match the elements, principles, activities, or examples associated with the concept on the cited DMBOK page(s). The remaining choices either introduce a different concept, reverse a condition, or fall outside the set being tested.","The most common drivers for initiating a Master Data Management program are: • Meeting organizational data requirements: Multiple areas within an organization need access to the same data sets, with the confidence that the data sets are complete, current, and consistent.",349,331,1.1 Business Drivers,True
chapter-10-q003,Chapter 10,3,multiple-choice,Reference and master data,Original 490,Original,CDMP - Data Management Fundamentals Exam Questions (Z-Library),3,A goal of reference and master data is to provide an authoritative source of reconciled and quality-assessed master and reference data.,A. True | B. False,A,True,A,True,verified,,"The statement is True. The cited DMBOK material defines or describes the concept in a way that supports the wording in the question. Pay attention to the exact scope, qualifiers, and terminology used by DMBOK.","C H A P T E R 10 Reference and Master Data Ensuring the organization has complete, consistent, current, authoritative Master and Reference Data across organizational processes.",348,329; 330,Reference and master data,True
chapter-10-q004,Chapter 10,4,multi-select,Reference and master data,Original 490,Original,CDMP - Data Management Fundamentals Exam Questions (Z-Library),4,Reference and Master Data Management follow these guiding principles:,A. Quality | B. Stewardship | C. Authority | D. Ownership | E. Exclusivity | F. Inclusivity,A; B; C; D,Quality; Stewardship; Authority; Ownership,A; B; C; D,Quality; Stewardship; Authority; Ownership,verified,,"The correct selections match the elements, principles, activities, or examples associated with the concept on the cited DMBOK page(s). The remaining choices either introduce a different concept, reverse a condition, or fall outside the set being tested.","The goals of a Reference and Master Data Management program include: • Ensuring the organization has complete, consistent, current, authoritative Master and Reference Data across organizational processes • Enabling Master and Reference Data to be shared across enterprise functions and applications • Lowering the cost and reducing the complexity of data… • Quality: Reference and Master Data Management require ongoing Data Quality monitoring and governance.",350,331; 332,1.2 Goals and Principles,True
chapter-10-q005,Chapter 10,5,multi-select,Reference and master data,Original 490,Original,CDMP - Data Management Fundamentals Exam Questions (Z-Library),5,Master data is an aggregation of:,A. Transaction Structure Data | B. Database Structure Data | C. Reference Data | D. Enterprise Structure Data,A; C; D,Transaction Structure Data; Reference Data; Enterprise Structure Data,A; C; D,Transaction Structure Data; Reference Data; Enterprise Structure Data,verified,,"The correct selections match the elements, principles, activities, or examples associated with the concept on the cited DMBOK page(s). The remaining choices either introduce a different concept, reverse a condition, or fall outside the set being tested.",Many people understand Master Data to include both transaction structure data and enterprise structure data.,350; 351,332,1.3.1 Differences Between Master and Reference Data,True
chapter-10-q006,Chapter 10,6,multiple-choice,Reference and master data,Original 490,Original,CDMP - Data Management Fundamentals Exam Questions (Z-Library),6,"Reference data management entails the preventative maintenance of undefined domain values, definitions and the relationship within and across domain values.",A. True | B. False,B,False,B,False,verified,,"The statement is False. The cited DMBOK material defines or describes the concept in a way that does not support the wording in the question. Pay attention to the exact scope, qualifiers, and terminology used by DMBOK.",The goal of Reference Data Management is to ensure values are consistent and current across different functions and that the data is accessible to the organization. • Reference Data Management (RDM) entails control over defined domain values and their definitions.,353,333; 334,1.3.2 Reference Data,True
chapter-10-q007,Chapter 10,7,multiple-choice,Reference and master data,Original 490,Original,CDMP - Data Management Fundamentals Exam Questions (Z-Library),7,SOR stands for:,A. Service of Record | B. System of Record | C. System on Record | D. Service over Record,B,System of Record,B,System of Record,verified,,"The correct option matches the DMBOK definition, relationship, or classification used on the cited page(s). The distractors either omit a required element, add an unsupported qualifier, or describe a neighboring concept rather than the one asked for.","The golden record encompasses all the data in every system of record (SOR) within a particular organization.”59 However, the two parts of this definition bring the concept into question, as data in different systems may not align into ‘a single version of the truth’.",358,339,"1.3.3.2 Trusted Source, Golden Record",True
chapter-10-q008,Chapter 10,8,multiple-choice,Reference and master data,Original 490,Original,CDMP - Data Management Fundamentals Exam Questions (Z-Library),8,"A System of Reference is an authoritative system where data consumers can obtain reliable data to support transactions and analysis, even if the information did not originate in the system reference.",A. True | B. False,A,True,A,True,verified,,"The statement is True. The cited DMBOK material defines or describes the concept in a way that supports the wording in the question. Pay attention to the exact scope, qualifiers, and terminology used by DMBOK.","A System of Reference is an authoritative system where data consumers can obtain reliable data to support transactions and analysis, even if the information did not originate in the system of reference.",358,339,"1.3.3.1 System of Record, System of Reference",True
chapter-10-q009,Chapter 10,9,multiple-choice,Reference and master data,Original 490,Original,CDMP - Data Management Fundamentals Exam Questions (Z-Library),9,A ‘Golden Record’ means that it is always a 100% complete and accurate representation of all entities within the organization.,A. True | B. False,B,False,B,False,verified,,"The statement is False. The cited DMBOK material defines or describes the concept in a way that does not support the wording in the question. Pay attention to the exact scope, qualifiers, and terminology used by DMBOK.","Within any Master Data effort, the merging/resolution of data from multiple sources into a ‘Golden Record’ does not mean that it is always a 100% complete and 100% accurate representation of all the entities within the organization (especially in organizations that have multiple SOR’s supplying data to the Master Data environment).",359,339,"1.3.3.2 Trusted Source, Golden Record",True
chapter-10-q010,Chapter 10,10,multiple-choice,Reference and master data,Original 490,Original,CDMP - Data Management Fundamentals Exam Questions (Z-Library),10,"Master data management includes several basic steps, which include: Develop rules for accurately matching and merging entity instances.",A. True | B. False,A,True,A,True,verified,,"The statement is True. The cited DMBOK material defines or describes the concept in a way that supports the wording in the question. Pay attention to the exact scope, qualifiers, and terminology used by DMBOK.","• Develop rules for accurately matching and merging entity instances • Establish an approach to identify and restore inappropriately matched and merged data • Establish an approach to distribute trusted data to systems across the enterprise Executing the process, though, is not as simple as these steps imply, as MDM is a lifecycle management process.",360,341,1.3.3.3 Master Data Management,True
chapter-10-q011,Chapter 10,11,multi-select,Reference and master data,Original 490,Original,CDMP - Data Management Fundamentals Exam Questions (Z-Library),11,"Through similarity analysis, slight variations in data can be recognized and data values can be consolidated. Two basic approaches, which can be used together, are:",A. Realistic | B. Opportunistic | C. Deterministic | D. Probabilistic | E. Procedural | F. All of the above,C; D,Deterministic; Probabilistic,C; D,Deterministic; Probabilistic,verified,,"The correct selections match the elements, principles, activities, or examples associated with the concept on the cited DMBOK page(s). The remaining choices either introduce a different concept, reverse a condition, or fall outside the set being tested.","Two basic approaches, which can be used together, are deterministic and probabilistic: • Deterministic algorithms, like parsing and standardization, rely on defined patterns and rules for assigning weights and scores for determining similarity.",363,344,1.3.3.4.4 Entity Resolution and Identifier Management,True
chapter-10-q012,Chapter 10,12,multi-select,Reference and master data,Original 490,Original,CDMP - Data Management Fundamentals Exam Questions (Z-Library),12,Two risks with the Matching process are:,A. False positives | B. False Certainties | C. False Negatives | D. False Uncertainties,A; C,False positives; False Negatives,A; C,False positives; False Negatives,verified,,"The correct selections match the elements, principles, activities, or examples associated with the concept on the cited DMBOK page(s). The remaining choices either introduce a different concept, reverse a condition, or fall outside the set being tested.",The risks with this process are: • False positives: Two references that do not represent the same entity are linked with a single identifier.,363,343,1.3.3.4.4 Entity Resolution and Identifier Management,True
chapter-10-q013,Chapter 10,13,multi-select,Reference and master data,Original 490,Original,CDMP - Data Management Fundamentals Exam Questions (Z-Library),13,Consistent input data reduces the chance of errors in associating records. Preparation processes include:,A. Standardization | B. Enrichment | C. Validation | D. Database management,A; B; C,Standardization; Enrichment; Validation,A; B; C,Standardization; Enrichment; Validation,verified,,"The correct selections match the elements, principles, activities, or examples associated with the concept on the cited DMBOK page(s). The remaining choices either introduce a different concept, reverse a condition, or fall outside the set being tested.",Consistent input data reduces the chance of errors in associating records.,362,342,"1.3.3.4.3 Data Validation, Standardization, and Enrichment",True
chapter-10-q014,Chapter 10,14,multi-select,Reference and master data,Original 490,Original,CDMP - Data Management Fundamentals Exam Questions (Z-Library),14,"Match rules for different scenarios require different workflows, including:",A. Consistency rules | B. Duplicate identification match rules | C. Match-merge rules | D. Match-split rules | E. Match-link rules | F. All of the above,B; C; E,Duplicate identification match rules; Match-merge rules; Match-link rules,B; C; E,Duplicate identification match rules; Match-merge rules; Match-link rules,verified,,"The correct selections match the elements, principles, activities, or examples associated with the concept on the cited DMBOK page(s). The remaining choices either introduce a different concept, reverse a condition, or fall outside the set being tested.",1.3.3.4.4.3 Matching Workflows / Reconciliation Types Match rules for different scenarios require different workflows: • Duplicate identification match rules focus on a specific set of data elements that uniquely identify an entity and identify merge opportunities without taking automatic action.,364; 365,345,"123 Main, Dataland, SQ 98765",True
chapter-10-q015,Chapter 10,15,multi-select,Reference and master data,Original 490,Original,CDMP - Data Management Fundamentals Exam Questions (Z-Library),15,"There are three basic approaches to implementing a Master Data hub environment, including:",A. Transaction hub | B. Distributed hub | C. Registry | D. Consolidated approach | E. Eventual consistency | F. Transparent hub,A; C; D,Transaction hub; Registry; Consolidated approach,A; C; D,Transaction hub; Registry; Consolidated approach,verified,,"The correct selections match the elements, principles, activities, or examples associated with the concept on the cited DMBOK page(s). The remaining choices either introduce a different concept, reverse a condition, or fall outside the set being tested.",• A Consolidated approach is a hybrid of Registry and Transaction Hub. There are several basic architectural approaches to reference and Master Data integration.,371; 372,349; 350,1.3.4 Data Sharing Architecture,True
chapter-10-q016,Chapter 10,16,multiple-choice,Reference and master data,Original 490,Original,CDMP - Data Management Fundamentals Exam Questions (Z-Library),16,A Global ID is the MDM solution-assigned and maintained unique identifier attached to reconciled records.,A. True | B. False,A,True,A,True,verified,,"The statement is True. The cited DMBOK material defines or describes the concept in a way that supports the wording in the question. Pay attention to the exact scope, qualifiers, and terminology used by DMBOK.",A Global ID is the MDM solution-assigned and -maintained unique identifier attached to reconciled records. X-Ref Management is management of the relationship between source IDs and the Global ID.,365,345; 346,"123 Main, Dataland, SQ 98765",True
chapter-10-q017,Chapter 10,17,multiple-choice,Reference and master data,Original 490,Original,CDMP - Data Management Fundamentals Exam Questions (Z-Library),17,Customer relationship management systems manage Master Data about customers.,A. True | B. False,A,True,A,True,verified,,"The statement is True. The cited DMBOK material defines or describes the concept in a way that supports the wording in the question. Pay attention to the exact scope, qualifiers, and terminology used by DMBOK.",Customer Relationship Management (CRM) systems manage Master Data about customers.,366,346,1.3.3.5 Party Master Data,True
chapter-10-q018,Chapter 10,18,multi-select,Reference and master data,Original 490,Original,CDMP - Data Management Fundamentals Exam Questions (Z-Library),18,Key processing steps for MDM include:,"A. Data model management | B. Data acquisition | C. Data validation, standardization and enrichment | D. Entity resolution | E. Data sharing and stewardship | F. None of the above",A; B; C; D; E,"Data model management; Data acquisition; Data validation, standardization and enrichment; Entity resolution; Data sharing and stewardship",A; B; C; D; E,"Data model management; Data acquisition; Data validation, standardization and enrichment; Entity resolution; Data sharing and stewardship",verified,,"The correct selections match the elements, principles, activities, or examples associated with the concept on the cited DMBOK page(s). The remaining choices either introduce a different concept, reverse a condition, or fall outside the set being tested.","Figure 76 Key Processing Steps for MDM Data Model Management Data Validation, Standardization, and Enrichment Data Sharing & Stewardship Data Acquisition Entity Resolution They include data model management; data acquisition; data validation, standardization, and enrichment; entity resolution; and stewardship and sharing.",361,341,1.3.3.4 Master Data Management Key Processing Steps,True
chapter-10-q019,Chapter 10,19,multiple-choice,Reference and master data,Original 490,Original,CDMP - Data Management Fundamentals Exam Questions (Z-Library),19,"In matching, false positives are three references that do not represent the same entity are linked with a single identifier.",A. True | B. False,B,False,B,False,verified,,"The statement is False. The cited DMBOK material defines or describes the concept in a way that does not support the wording in the question. Pay attention to the exact scope, qualifiers, and terminology used by DMBOK.",The risks with this process are: • False positives: Two references that do not represent the same entity are linked with a single identifier.,363,343,1.3.3.4.4 Entity Resolution and Identifier Management,True
chapter-10-q020,Chapter 10,20,multiple-choice,Reference and master data,Original 490,Original,CDMP - Data Management Fundamentals Exam Questions (Z-Library),20,Product Master data can only focus on an organization’s internal product and services.,A. True | B. False,B,False,B,False,verified,,"The statement is False. The cited DMBOK material defines or describes the concept in a way that does not support the wording in the question. Pay attention to the exact scope, qualifiers, and terminology used by DMBOK.",Product Master Data can focus on an organization’s internal products and services or on industry-wide (including competitor) products and services.,367,348,1.3.3.8 Product Master Data,True
chapter-11-q001,Chapter 11,1,multiple-choice,Data warehouse and business intelligence,Original 490,Original,CDMP - Data Management Fundamentals Exam Questions (Z-Library),1,Business requirements are an input in the Data Warehouse and Business Intelligence context diagram.,A. True | B. False,A,True,A,True,verified,,"The statement is True. The cited DMBOK material defines or describes the concept in a way that supports the wording in the question. Pay attention to the exact scope, qualifiers, and terminology used by DMBOK.",C H A P T E R 11 Data Warehousing and Business Intelligence Develop the Data Warehouse and Data Marts (D) 4.,382,361; 362,Data warehouse and business intelligence,True
chapter-11-q002,Chapter 11,2,multi-select,Data warehouse and business intelligence,Original 490,Original,CDMP - Data Management Fundamentals Exam Questions (Z-Library),2,Primary deliverables of the Data Warehouse and Business Intelligence context diagram include:,A. Data Products | B. Data Stewardship | C. Governance Activities | D. Release Plan | E. Load Tuning Activities | F. BI Activity Monitoring,A; C; D; E; F,Data Products; Governance Activities; Release Plan; Load Tuning Activities; BI Activity Monitoring,A; C; D; E; F,Data Products; Governance Activities; Release Plan; Load Tuning Activities; BI Activity Monitoring,verified,,"The correct selections match the elements, principles, activities, or examples associated with the concept on the cited DMBOK page(s). The remaining choices either introduce a different concept, reverse a condition, or fall outside the set being tested.","Maintain Data Products (O) Inputs: • Business Requirements • Scalability, Operational, Infrastructure & Support Requirements • Data Quality, Security and Access Requirements • IT Strategy • Related IT Policies & Standards • Internal Data Feeds • Master and Reference Data • Industry and External Data Deliverables: • DW and BI Architecture • Data Products •… The primary driver for data warehousing is to support operational functions, compliance requirements, and Business Intelligence (BI) activities (though not all BI activities depend on warehouse data).",382,362; 363,Data warehouse and business intelligence,True
chapter-11-q003,Chapter 11,3,multiple-choice,Data warehouse and business intelligence,Original 490,Original,CDMP - Data Management Fundamentals Exam Questions (Z-Library),3,A goal of Data warehouse and business intelligence is to support and enable ineffective business analysis and decision making by knowledge workers.,A. True | B. False,B,False,B,False,verified,,"The statement is False. The cited DMBOK material defines or describes the concept in a way that does not support the wording in the question. Pay attention to the exact scope, qualifiers, and terminology used by DMBOK.",To create insights to support and enable effective business analysis and decision making. C H A P T E R 11 Data Warehousing and Business Intelligence,382,361; 362,Data warehouse and business intelligence,True
chapter-11-q004,Chapter 11,4,multi-select,Data warehouse and business intelligence,Original 490,Original,CDMP - Data Management Fundamentals Exam Questions (Z-Library),4,The implementation of a Data Warehouse should follow these guiding principles:,A. Managing performance of data assets | B. Focus on the business goals | C. Managing the availability of data throughout the data lifecycle | D. Start with the end in mind | E. Managing the performance of data transactions | F. Collaborate,B; D; F,Focus on the business goals; Start with the end in mind; Collaborate,B; D; F,Focus on the business goals; Start with the end in mind; Collaborate,verified,,"The correct selections match the elements, principles, activities, or examples associated with the concept on the cited DMBOK page(s). The remaining choices either introduce a different concept, reverse a condition, or fall outside the set being tested.",Organizations implement data warehouses in order to: • Support Business Intelligence activity • Enable effective business analysis and decision-making • Find ways to innovate based on insights from their data The implementation of a Data Warehouse should follow these guiding principles: • Focus on business goals: Make sure DW serves organizational…,383; 384,363,1.2 Goals and Principles,True
chapter-11-q005,Chapter 11,5,multiple-choice,Data warehouse and business intelligence,Original 490,Original,CDMP - Data Management Fundamentals Exam Questions (Z-Library),5,The differences between warehouses and operational systems do not include the following element:,A. Time variant | B. Database | C. Subject-orientated | D. Historical,B,Database,B,Database,verified,,"The correct option matches the DMBOK definition, relationship, or classification used on the cited page(s). The distractors either omit a required element, add an unsupported qualifier, or describe a neighboring concept rather than the one asked for.","Source Systems, on the left side of Figure 82, include the operational systems and external data to be brought into the DW/BI environment. Data moves from source systems into a staging area where it may be cleansed and enriched as it is integrated and stored in the DW and/or an ODS.",386,370,1.3.7.1 Source Systems,True
chapter-11-q006,Chapter 11,6,multiple-choice,Data warehouse and business intelligence,Original 490,Original,CDMP - Data Management Fundamentals Exam Questions (Z-Library),6,"Data warehousing describes the operational extract, cleaning, transformation, control and load processes that maintain the data in a data warehouse.",A. True | B. False,A,True,A,True,verified,,"The statement is True. The cited DMBOK material defines or describes the concept in a way that supports the wording in the question. Pay attention to the exact scope, qualifiers, and terminology used by DMBOK.","Data Warehousing describes the operational extract, cleansing, transformation, control, and load processes that maintain the data in a data warehouse.",385,364,1.3.3 Data Warehousing,True
chapter-11-q007,Chapter 11,7,multiple-choice,Data warehouse and business intelligence,Original 490,Original,CDMP - Data Management Fundamentals Exam Questions (Z-Library),7,CIF stands for:,A. Company Information Factory | B. Corporate Information Floor | C. Corporate Information Factories | D. Corporate Information Factory,D,Corporate Information Factory,D,Corporate Information Factory,verified,,"The correct option matches the DMBOK definition, relationship, or classification used on the cited page(s). The distractors either omit a required element, add an unsupported qualifier, or describe a neighboring concept rather than the one asked for.",Bill Inmon’s Corporate Information Factory (CIF) is one of the two primary patterns for data warehousing. Figure 80 The Corporate Information Factory Reference Data DM DM DM DW Op DM ODS App App App App Analysis Historical Reference Data Operational Reports (per App) Operational Reports (integrated) Integration & Transformation Raw Detailed Data Exploratory Analysis Operational Analysis Applications Data Marts,386,365; 367,1.3.5 Corporate Information Factory (Inmon),True
chapter-11-q008,Chapter 11,8,multiple-choice,Data warehouse and business intelligence,Original 490,Original,CDMP - Data Management Fundamentals Exam Questions (Z-Library),8,The data in data warehouses and marts differ. Data is organized by subject rather than function.,A. True | B. False,A,True,A,True,verified,,"The statement is True. The cited DMBOK material defines or describes the concept in a way that supports the wording in the question. Pay attention to the exact scope, qualifiers, and terminology used by DMBOK.","For example, • The purpose shifts from execution of operational functions to analysis • End users of systems move from front line workers to decision-makers • System usage moves from fixed operations to ad hoc uses • Response time requirements are relaxed (strategic decisions take more time than do daily operations) • Much more data is involved in each… • Subject-oriented: The data warehouse is organized based on major business entities, rather than focusing on a functional or application.",387,365; 367,1.3.5 Corporate Information Factory (Inmon),True
chapter-11-q009,Chapter 11,9,multiple-choice,Data warehouse and business intelligence,Original 490,Original,CDMP - Data Management Fundamentals Exam Questions (Z-Library),9,An Operational Data Mart is a data mart focused on tactical decision support.,A. True | B. False,A,True,A,True,verified,,"The statement is True. The cited DMBOK material defines or describes the concept in a way that supports the wording in the question. Pay attention to the exact scope, qualifiers, and terminology used by DMBOK.",• Operational Data Mart (OpDM): An OpDM is a data mart focused on tactical decision support.,387,366,1.3.5 Corporate Information Factory (Inmon),True
chapter-11-q010,Chapter 11,10,multiple-choice,Data warehouse and business intelligence,Original 490,Original,CDMP - Data Management Fundamentals Exam Questions (Z-Library),10,Operational reports are outputs from the data stewards.,A. True | B. False,B,False,B,False,verified,,"The statement is False. The cited DMBOK material defines or describes the concept in a way that does not support the wording in the question. Pay attention to the exact scope, qualifiers, and terminology used by DMBOK.",Figure 80 The Corporate Information Factory Reference Data DM DM DM DW Op DM ODS App App App App Analysis Historical Reference Data Operational Reports (per App) Operational Reports (integrated) Integration & Transformation Raw Detailed Data Exploratory Analysis Operational Analysis Applications Data Marts,387,367,1.3.5 Corporate Information Factory (Inmon),True
chapter-11-q011,Chapter 11,11,multi-select,Data warehouse and business intelligence,Original 490,Original,CDMP - Data Management Fundamentals Exam Questions (Z-Library),11,"The Data Warehouse encompasses all components in the data staging and data presentation areas, including:",A. Data Access Tool | B. Application Tool | C. Operational source systems | D. Data staging area | E. Data presentation area | F. All of the above,A; C; D; E,Data Access Tool; Operational source systems; Data staging area; Data presentation area,A; C; D; E,Data Access Tool; Operational source systems; Data staging area; Data presentation area,verified,,"The correct selections match the elements, principles, activities, or examples associated with the concept on the cited DMBOK page(s). The remaining choices either introduce a different concept, reverse a condition, or fall outside the set being tested.",• Data staging area: Kimball’s staging includes the set of processes needed to integrate and transform data for presentation. Operational Source Systems Data Staging Area Data Presentation Area Data Access Tools Extract Extract Extract Extract Load Load Load Load Data Mart #1 Data Mart #2 Data Mart #N Access Access Access Access SERVICES:  Clean  Combine  Standardize  Conform Dimensions REPORT WRITERS ANALYTICAL APPLICATIONS MODELS: Forecasting Scoring Data Mining AD-HOC…,389,369,1.3.6 Dimensional DW (Kimball),True
chapter-11-q012,Chapter 11,12,multi-select,Data warehouse and business intelligence,Original 490,Original,CDMP - Data Management Fundamentals Exam Questions (Z-Library),12,"The Data Warehouse has a set of storage areas, including:",A. Staging areas | B. Data marts | C. Cubes | D. Kubernetes,A; B; C,Staging areas; Data marts; Cubes,A; B; C,Staging areas; Data marts; Cubes,verified,,"The correct selections match the elements, principles, activities, or examples associated with the concept on the cited DMBOK page(s). The remaining choices either introduce a different concept, reverse a condition, or fall outside the set being tested.","The warehouse has a set of storage areas: • Staging area: A staging area is an intermediate data store between an original data source and the centralized data repository. From the DW, it may be accessed via marts or cubes and used for various kinds of reporting.",391; 392,370; 371,1.3.7.3 Data Storage Areas,True
chapter-11-q013,Chapter 11,13,multi-select,Data warehouse and business intelligence,Original 490,Original,CDMP - Data Management Fundamentals Exam Questions (Z-Library),13,"The impact of the changes from new volatile data must be isolated from the bulk of the historical, non-volatile DW data. There are three main approaches, including:",A. Streaming | B. Messaging | C. DAAS | D. Trickle Feeds,A; B; D,Streaming; Messaging; Trickle Feeds,A; B; D,Streaming; Messaging; Trickle Feeds,verified,,"The correct selections match the elements, principles, activities, or examples associated with the concept on the cited DMBOK page(s). The remaining choices either introduce a different concept, reverse a condition, or fall outside the set being tested.","The impact of the changes from new volatile data must be isolated from the bulk of the historical, non-volatile DW data.",394,373,1.3.8.3 Near-real-time and Real-time,True
chapter-11-q014,Chapter 11,14,multi-select,Data warehouse and business intelligence,Original 490,Original,CDMP - Data Management Fundamentals Exam Questions (Z-Library),14,"Typically, DW/BI have three concurrent development tracks:",A. Data mart | B. Business Intelligence tools | C. Data | D. System development | E. Technology | F. None of the above,B; C; E,Business Intelligence tools; Data; Technology,B; C; E,Business Intelligence tools; Data; Technology,verified,,"The correct selections match the elements, principles, activities, or examples associated with the concept on the cited DMBOK page(s). The remaining choices either introduce a different concept, reverse a condition, or fall outside the set being tested.","Typically, DW/BI projects have three concurrent development tracks: • Data: The data necessary to support the analysis the business wants to do.",396,375,2.3 Develop the Data Warehouse and Data Marts,True
chapter-11-q015,Chapter 11,15,multi-select,Data warehouse and business intelligence,Original 490,Original,CDMP - Data Management Fundamentals Exam Questions (Z-Library),15,Business Intelligence tool types include:,"A. Technology reporting | B. Operational reporting | C. Descriptive, self-service analytics | D. Operations performance management (OPM) | E. Business performance management (BPM) | F. Predictive, self-service analytics",B; C; E,"Operational reporting; Descriptive, self-service analytics; Business performance management (BPM)",B; C; E,"Operational reporting; Descriptive, self-service analytics; Business performance management (BPM)",verified,,"The correct selections match the elements, principles, activities, or examples associated with the concept on the cited DMBOK page(s). The remaining choices either introduce a different concept, reverse a condition, or fall outside the set being tested.","• Descriptive, self-service analytics provides BI to the front lines of the business, where analytical capabilities guide operational decisions.",404,383,3.3 Business Intelligence Tools Types,True
chapter-11-q016,Chapter 11,16,multiple-choice,Data warehouse and business intelligence,Original 490,Original,CDMP - Data Management Fundamentals Exam Questions (Z-Library),16,An implemented warehouse and its customer facing BI tool is a data product.,A. True | B. False,A,True,A,True,verified,,"The statement is True. The cited DMBOK material defines or describes the concept in a way that supports the wording in the question. Pay attention to the exact scope, qualifiers, and terminology used by DMBOK.",An implemented warehouse and its customer-facing BI tools is a data product.,399,378,2.6 Maintain Data Products,True
chapter-11-q017,Chapter 11,17,multiple-choice,Data warehouse and business intelligence,Original 490,Original,CDMP - Data Management Fundamentals Exam Questions (Z-Library),17,Release management is critical to batch development processes that grow new capabilities.,A. True | B. False,B,False,B,False,verified,,"The statement is False. The cited DMBOK material defines or describes the concept in a way that does not support the wording in the question. Pay attention to the exact scope, qualifiers, and terminology used by DMBOK.","Release Management is critical to an incremental development processes that grows new capabilities, enhances the production deployment, and ensures provision of regular maintenance across the deployed assets.",399,378,2.6.1 Release Management,True
chapter-11-q018,Chapter 11,18,multi-select,Data warehouse and business intelligence,Original 490,Original,CDMP - Data Management Fundamentals Exam Questions (Z-Library),18,Three classic implementation approaches that support Online Analytical Processing include:,A. QOLAP | B. ROLAP | C. OLAP2 | D. HOLAP | E. MOLAP | F. None of the above,B; D; E,ROLAP; HOLAP; MOLAP,B; D; E,ROLAP; HOLAP; MOLAP,verified,,"The correct selections match the elements, principles, activities, or examples associated with the concept on the cited DMBOK page(s). The remaining choices either introduce a different concept, reverse a condition, or fall outside the set being tested.",Three classic implementation approaches support Online Analytical Processing.,407,386,3.3.3.1 Multi-dimensional Analysis – OLAP,True
chapter-11-q019,Chapter 11,19,multiple-choice,Data warehouse and business intelligence,Original 490,Original,CDMP - Data Management Fundamentals Exam Questions (Z-Library),19,Self-service is a fundamental delivery channel in the BI portfolio.,A. True | B. False,A,True,A,True,verified,,"The statement is True. The cited DMBOK material defines or describes the concept in a way that supports the wording in the question. Pay attention to the exact scope, qualifiers, and terminology used by DMBOK.",Self-service is a fundamental delivery channel within the BI portfolio.,408,386,4.2 Self-Service BI,True
chapter-11-q020,Chapter 11,20,multiple-choice,Data warehouse and business intelligence,Original 490,Original,CDMP - Data Management Fundamentals Exam Questions (Z-Library),20,A data dictionary is necessary to support the use of a DW.,A. True | B. False,A,True,A,True,verified,,"The statement is True. The cited DMBOK material defines or describes the concept in a way that supports the wording in the question. Pay attention to the exact scope, qualifiers, and terminology used by DMBOK.",A data dictionary is necessary to support the use of a DW.,402,381,3.1.1 Data Dictionary / Glossary,True
chapter-12-q001,Chapter 12,1,multiple-choice,Metadata management,Original 490,Original,CDMP - Data Management Fundamentals Exam Questions (Z-Library),1,"With reliable Metadata an organization does not know what data it has, what the data represents and how it moves through the systems, who has access to it, or what it means for the data to be of high quality.",A. True | B. False,B,False,B,False,verified,,"The statement is False. The cited DMBOK material defines or describes the concept in a way that does not support the wording in the question. Pay attention to the exact scope, qualifiers, and terminology used by DMBOK.","Without reliable Metadata, an organization does not know what data it has, what the data represents, where it originates, how it moves through systems, who has access to it, or what it means for the data to be of high quality.",418,397,Metadata management,True
chapter-12-q002,Chapter 12,2,multi-select,Metadata management,Original 490,Original,CDMP - Data Management Fundamentals Exam Questions (Z-Library),2,Deliverables in the Metadata Management context diagram include:,A. Metadata Strategy | B. Metadata Standards | C. Data Lineage | D. Metadata Architecture | E. Metadata design | F. Data storage and operations,A; B; C; D,Metadata Strategy; Metadata Standards; Data Lineage; Metadata Architecture,A; B; C; D,Metadata Strategy; Metadata Standards; Data Lineage; Metadata Architecture,verified,,"The correct selections match the elements, principles, activities, or examples associated with the concept on the cited DMBOK page(s). The remaining choices either introduce a different concept, reverse a condition, or fall outside the set being tested.","Figure 84 Context Diagram: Metadata Definition: Planning, Implementation, and control activities that contributes to the ability to process, maintain, integrate, secure, audit and govern other data Goals: 1.",419,396,Metadata management,True
chapter-12-q003,Chapter 12,3,multiple-choice,Metadata management,Original 490,Original,CDMP - Data Management Fundamentals Exam Questions (Z-Library),3,"Poorly managed Metadata leads to, among other things, redundant data and data management processes.",A. True | B. False,A,True,A,True,verified,,"The statement is True. The cited DMBOK material defines or describes the concept in a way that supports the wording in the question. Pay attention to the exact scope, qualifiers, and terminology used by DMBOK.","Poorly managed Metadata leads to: • Redundant data and data management processes • Replicated and redundant dictionaries, repositories, and other Metadata storage • Inconsistent definitions of data elements and risks associated with data misuse • Competing and conflicting sources and versions of Metadata which reduce the confidence of data consumers • Doubt…",420,398,1.1 Business Drivers,True
chapter-12-q004,Chapter 12,4,multi-select,Metadata management,Original 490,Original,CDMP - Data Management Fundamentals Exam Questions (Z-Library),4,The goals of Metadata management include:,"A. Managing performance of data assets | B. Ensure metadata quality, consistency, currency and security | C. Managing the availability of data throughout the data lifecycle | D. Provide standard ways to make metadata accessible to metadata consumers | E. Managing the performance of data transactions | F. Establish or enforce the use of technical Metadata standards to enable data exchange",B; D; F,"Ensure metadata quality, consistency, currency and security; Provide standard ways to make metadata accessible to metadata consumers; Establish or enforce the use of technical Metadata standards to enable data exchange",B; D; F,"Ensure metadata quality, consistency, currency and security; Provide standard ways to make metadata accessible to metadata consumers; Establish or enforce the use of technical Metadata standards to enable data exchange",verified,,"The correct selections match the elements, principles, activities, or examples associated with the concept on the cited DMBOK page(s). The remaining choices either introduce a different concept, reverse a condition, or fall outside the set being tested.",The goals of Metadata management include: • Document and manage organizational knowledge of data-related business terminology in order to ensure people understand data content and can use data consistently • Collect and integrate Metadata from diverse sources to ensure people understand similarities and differences between data from different parts of the…,420; 421,398,1.2 Goals and Principles,True
chapter-12-q005,Chapter 12,5,multiple-choice,Metadata management,Original 490,Original,CDMP - Data Management Fundamentals Exam Questions (Z-Library),5,"Metadata is described using a different set of categories, not including:",A. Descriptive metadata | B. Database metadata | C. Structural metadata | D. Administrative metadata,B,Database metadata,B,Database metadata,verified,,"The correct option matches the DMBOK definition, relationship, or classification used on the cited page(s). The distractors either omit a required element, add an unsupported qualifier, or describe a neighboring concept rather than the one asked for.","Outside of information technology, for example, in library or information science, Metadata is described using a different set of categories: • Descriptive Metadata (e.g., title, author, and subject) describes a resource and enables identification and retrieval.",422,400,1.3.2 Types of Metadata,True
chapter-12-q006,Chapter 12,6,multiple-choice,Metadata management,Original 490,Original,CDMP - Data Management Fundamentals Exam Questions (Z-Library),6,Business metadata focuses largely on the content and condition of the data and includes details related to data governance.,A. True | B. False,A,True,A,True,verified,,"The statement is True. The cited DMBOK material defines or describes the concept in a way that supports the wording in the question. Pay attention to the exact scope, qualifiers, and terminology used by DMBOK.",Business Metadata focuses largely on the content and condition of the data and includes details related to Data Governance.,422,400,1.3.2.1 Business Metadata,True
chapter-12-q007,Chapter 12,7,multiple-choice,Metadata management,Original 490,Original,CDMP - Data Management Fundamentals Exam Questions (Z-Library),7,Operational Metadata describes details of the processing and accessing of data. Which one is not an example?,A. Error logs | B. Schedule anomalies | C. Purge criteria | D. Failure logs,D,Failure logs,D,Failure logs,verified,,"The correct option matches the DMBOK definition, relationship, or classification used on the cited page(s). The distractors either omit a required element, add an unsupported qualifier, or describe a neighboring concept rather than the one asked for.",Operational Metadata describes details of the processing and accessing of data.,423; 424,401,1.3.2.3 Operational Metadata,True
chapter-12-q008,Chapter 12,8,multiple-choice,Metadata management,Original 490,Original,CDMP - Data Management Fundamentals Exam Questions (Z-Library),8,"Technical Metadata provides data about the technical data, the systems that store data, and the processes that move between systems.",A. True | B. False,B,False,B,False,verified,,"The statement is False. The cited DMBOK material defines or describes the concept in a way that does not support the wording in the question. Pay attention to the exact scope, qualifiers, and terminology used by DMBOK.","Technical Metadata provides information about the technical details of data, the systems that store data, and the processes that move it within and between systems.",423,400,1.3.2.2 Technical Metadata,True
chapter-12-q009,Chapter 12,9,multiple-choice,Metadata management,Original 490,Original,CDMP - Data Management Fundamentals Exam Questions (Z-Library),9,"Metadata is essential to the management of unstructured data, as it is to the management of structured data.",A. True | B. False,A,True,A,True,verified,,"The statement is True. The cited DMBOK material defines or describes the concept in a way that supports the wording in the question. Pay attention to the exact scope, qualifiers, and terminology used by DMBOK.","Any data that is not in a database or data file, including documents or other media, is considered unstructured data. (See Chapters 9 and 14.) Metadata is as essential to the management of unstructured data as it is to the management of structured data – perhaps even more so.",424,402,1.3.4 Metadata for Unstructured Data,True
chapter-12-q010,Chapter 12,10,multiple-choice,Metadata management,Original 490,Original,CDMP - Data Management Fundamentals Exam Questions (Z-Library),10,The minority of operational metadata is generated as data is processed.,A. True | B. False,B,False,B,False,verified,,"The statement is False. The cited DMBOK material defines or describes the concept in a way that does not support the wording in the question. Pay attention to the exact scope, qualifiers, and terminology used by DMBOK.",The majority of operational Metadata is generated as data is processed.,425,402,1.3.5 Sources of Metadata,True
chapter-12-q011,Chapter 12,11,multi-select,Metadata management,Original 490,Original,CDMP - Data Management Fundamentals Exam Questions (Z-Library),11,The business glossary application is structured to meet the functional requirements of the three core audiences:,A. Data users | B. Application users | C. Innovation users | D. Business users | E. Data stewards | F. Technical users,D; E; F,Business users; Data stewards; Technical users,D; E; F,Business users; Data stewards; Technical users,verified,,"The correct selections match the elements, principles, activities, or examples associated with the concept on the cited DMBOK page(s). The remaining choices either introduce a different concept, reverse a condition, or fall outside the set being tested.","The business glossary application is structured to meet the functional requirements of the three core audiences: • Business users: Data analysts, research analysts, management, and executive staff use the business glossary to understand terminology and data.",426; 427,403,1.3.5.2 Business Glossary,True
chapter-12-q012,Chapter 12,12,multi-select,Metadata management,Original 490,Original,CDMP - Data Management Fundamentals Exam Questions (Z-Library),12,Examples of business metadata include:,A. Data models | B. Data quality rules | C. Data usage notes | D. Data Standards,A; B; C; D,Data models; Data quality rules; Data usage notes; Data Standards,A; B; C; D,Data models; Data quality rules; Data usage notes; Data Standards,verified,,"The correct selections match the elements, principles, activities, or examples associated with the concept on the cited DMBOK page(s). The remaining choices either introduce a different concept, reverse a condition, or fall outside the set being tested.","Examples of Business Metadata include: • Definitions and descriptions of data sets, tables, and columns • Business rules, transformation rules, calculations, and derivations • Data models • Data Quality rules and measurement results • Schedules by which data is updated • Data provenance and data lineage • Data standards • Designations of the system of…",423,400,1.3.2.1 Business Metadata,True
chapter-12-q013,Chapter 12,13,multi-select,Metadata management,Original 490,Original,CDMP - Data Management Fundamentals Exam Questions (Z-Library),13,Examples of technical metadata include:,A. Access permission | B. Recovery and backup rules | C. Column properties | D. Data subject properties,A; B; C,Access permission; Recovery and backup rules; Column properties,A; B; C,Access permission; Recovery and backup rules; Column properties,verified,,"The correct selections match the elements, principles, activities, or examples associated with the concept on the cited DMBOK page(s). The remaining choices either introduce a different concept, reverse a condition, or fall outside the set being tested.","Examples of Technical Metadata include: • Physical database table and column names • Column properties • Database object properties • Access permissions • Data CRUD (create, replace, update, and delete) rules • Physical data models, including data table names, keys, and indexes • Documented relationships between the data models and the physical assets • ETL job details • File format schema definitions • Source-to-target mapping documentation • Data lineage documentation, including…",423,400; 401,1.3.2.2 Technical Metadata,True
chapter-12-q014,Chapter 12,14,multi-select,Metadata management,Original 490,Original,CDMP - Data Management Fundamentals Exam Questions (Z-Library),14,The business glossary should capture business terms attributes such as:,A. Lineage | B. Utilization | C. Common misunderstandings in terms | D. System development | E. Algorithms supporting definitions | F. All of the above,A; C; E,Lineage; Common misunderstandings in terms; Algorithms supporting definitions,A; C; E,Lineage; Common misunderstandings in terms; Algorithms supporting definitions,verified,,"The correct selections match the elements, principles, activities, or examples associated with the concept on the cited DMBOK page(s). The remaining choices either introduce a different concept, reverse a condition, or fall outside the set being tested.","The business glossary should capture business terms attributes such as: • Term name, definition, acronym or abbreviation, and any synonyms • Business unit and or application responsible for managing the data associated with the terminology • Name of the person identifying the term, and date updated • Categorization or taxonomy association for the term… The purpose of a business glossary is to document and store an organization’s business concepts and terminology, definitions, and the relationships between those terms.",427,403; 404,1.3.5.2 Business Glossary,True
chapter-12-q015,Chapter 12,15,multiple-choice,Metadata management,Original 490,Original,CDMP - Data Management Fundamentals Exam Questions (Z-Library),15,The acronym CMDB stands for:,A. Customization management tools or databases | B. Classic management technologies or databases | C. Cached management technologies or databases | D. Configuration management tools or databases | E. Cached management tools or databases | F. Classic monitoring technologies or databases,D,Configuration management tools or databases,D,Configuration management tools or databases,verified,,"The correct option matches the DMBOK definition, relationship, or classification used on the cited page(s). The distractors either omit a required element, add an unsupported qualifier, or describe a neighboring concept rather than the one asked for.","Configuration management tools or databases (CMDB) provide the capability to manage and maintain Metadata specifically related to the IT assets, the relationships among them, and contractual details of the asset.",427,404,1.3.5.4 Configuration Management Tools,True
chapter-12-q016,Chapter 12,16,multiple-choice,Metadata management,Original 490,Original,CDMP - Data Management Fundamentals Exam Questions (Z-Library),16,"CMDBs provide the capability to manage and maintain Metadata specifically related to IT assets, the relationships among them, and contractual details of the assets.",A. True | B. False,A,True,A,True,verified,,"The statement is True. The cited DMBOK material defines or describes the concept in a way that supports the wording in the question. Pay attention to the exact scope, qualifiers, and terminology used by DMBOK.","Configuration management tools or databases (CMDB) provide the capability to manage and maintain Metadata specifically related to the IT assets, the relationships among them, and contractual details of the asset.",427,404,1.3.5.4 Configuration Management Tools,True
chapter-12-q017,Chapter 12,17,multiple-choice,Metadata management,Original 490,Original,CDMP - Data Management Fundamentals Exam Questions (Z-Library),17,SOA stands for Service Orchestrated Architecture.,A. True | B. False,B,False,B,False,verified,,"The statement is False. The cited DMBOK material defines or describes the concept in a way that does not support the wording in the question. Pay attention to the exact scope, qualifiers, and terminology used by DMBOK.",A service registry manages and stores the technical information about services and service end-points from a service-oriented architecture (SOA) perspective.,430,407,1.3.5.14 Service Registries,True
chapter-12-q018,Chapter 12,18,multi-select,Metadata management,Original 490,Original,CDMP - Data Management Fundamentals Exam Questions (Z-Library),18,All metadata management solutions include architectural layers including:,A. Metadata Quality Assurance Testing | B. Metadata integration | C. Metadata usage | D. Metadata delivery | E. Metadata control and management | F. None of the above,B; C; D; E,Metadata integration; Metadata usage; Metadata delivery; Metadata control and management,B; C; D; E,Metadata integration; Metadata usage; Metadata delivery; Metadata control and management,verified,,"The correct selections match the elements, principles, activities, or examples associated with the concept on the cited DMBOK page(s). The remaining choices either introduce a different concept, reverse a condition, or fall outside the set being tested.","Conceptually, all Metadata management solutions include architectural layers that correspond to points in the Metadata lifecycle: • Metadata creation and sourcing • Metadata storage in one or more repositories • Metadata integration • Metadata delivery • Metadata usage • Metadata control and management Different architectural approaches can be used to source, store, integrate, maintain, and make Metadata accessible to consumers.",431,407; 408,1.3.6 Types of Metadata Architecture,True
chapter-12-q019,Chapter 12,19,multiple-choice,Metadata management,Original 490,Original,CDMP - Data Management Fundamentals Exam Questions (Z-Library),19,"An advantage of a centralized repository includes high availability, since it is independent of the source systems.",A. True | B. False,A,True,A,True,verified,,"The statement is True. The cited DMBOK material defines or describes the concept in a way that supports the wording in the question. Pay attention to the exact scope, qualifiers, and terminology used by DMBOK.","Advantages of a centralized repository include: • High availability, since it is independent of the source systems • Quick Metadata retrieval, since the repository and the query reside together • Resolved database structures not affected by the proprietary nature of third party or commercial systems • Extracted Metadata may be transformed, customized, or…",431,408,1.3.6.1 Centralized Metadata Architecture,True
chapter-12-q020,Chapter 12,20,multiple-choice,Metadata management,Original 490,Original,CDMP - Data Management Fundamentals Exam Questions (Z-Library),20,A limitation of the centralized approach includes: Maintenance of a decentralized repository is costly.,A. True | B. False,B,False,B,False,verified,,"The statement is False. The cited DMBOK material defines or describes the concept in a way that does not support the wording in the question. Pay attention to the exact scope, qualifiers, and terminology used by DMBOK.",A centralized architecture consists of a single Metadata repository that contains copies of Metadata from the various sources.,431,408,1.3.6.1 Centralized Metadata Architecture,True
chapter-13-q001,Chapter 13,1,multiple-choice,Data quality,Original 490,Original,CDMP - Data Management Fundamentals Exam Questions (Z-Library),1,"Effective data management involves a set of complex, interrelated processes that enable an organisation to use its data to achieve strategic goals.",A. True | B. False,A,True,A,True,verified,,"The statement is True. The cited DMBOK material defines or describes the concept in a way that supports the wording in the question. Pay attention to the exact scope, qualifiers, and terminology used by DMBOK.",Effective Data Management involves a set of interrelated processes enabling an organization to use its data to achieve strategic goals.,449,424,Data quality,True
chapter-13-q002,Chapter 13,2,multi-select,Data quality,Original 490,Original,CDMP - Data Management Fundamentals Exam Questions (Z-Library),2,Deliverables in the data quality context diagram include:,A. DQM Procedures | B. Data architecture | C. Data governance | D. DQ Policies and guidelines | E. Analyses from data profiling | F. Data quality Service Level Agreements,A; D; E; F,DQM Procedures; DQ Policies and guidelines; Analyses from data profiling; Data quality Service Level Agreements,A; D; E; F,DQM Procedures; DQ Policies and guidelines; Analyses from data profiling; Data quality Service Level Agreements,verified,,"The correct selections match the elements, principles, activities, or examples associated with the concept on the cited DMBOK page(s). The remaining choices either introduce a different concept, reverse a condition, or fall outside the set being tested.",Establish Data Quality Service Level Agreements 5.,451,426,Data quality,True
chapter-13-q003,Chapter 13,3,multiple-choice,Data quality,Original 490,Original,CDMP - Data Management Fundamentals Exam Questions (Z-Library),3,The term data quality refers to only the characteristics associated with high quality data.,A. True | B. False,B,False,B,False,verified,,"The statement is False. The cited DMBOK material defines or describes the concept in a way that does not support the wording in the question. Pay attention to the exact scope, qualifiers, and terminology used by DMBOK.","Table 29 Common Dimensions of Data Quality Dimension of Quality Description Validity Validity refers to whether data values are consistent with a defined domain of values. They are so useful, that when we ask, “What is high-Data Quality?”, we can answer with the Data Quality dimension requirements.",453,429; 430,1.3.2 Data Quality Dimensions,True
chapter-13-q004,Chapter 13,4,multi-select,Data quality,Original 490,Original,CDMP - Data Management Fundamentals Exam Questions (Z-Library),4,Data can be assessed based on whether it is required by:,"A. Regulatory reporting | B. Capturing policy | C. Ongoing operations | D. Provide the starting point for customizations, integration or even replacement of an application | E. Business policy | F. Make the integration between data management and data analytics possible",A; C; E,Regulatory reporting; Ongoing operations; Business policy,A; C; E,Regulatory reporting; Ongoing operations; Business policy,verified,,"The correct selections match the elements, principles, activities, or examples associated with the concept on the cited DMBOK page(s). The remaining choices either introduce a different concept, reverse a condition, or fall outside the set being tested.","Data sets or individual data elements can be assessed for criticality based on the processes that consume them, the nature of the reports they appear in, or the financial, regulatory, or reputational risk to the organization if something were to go wrong with the data.72",454,429,1.3.1 Critical Data,True
chapter-13-q005,Chapter 13,5,multiple-choice,Data quality,Original 490,Original,CDMP - Data Management Fundamentals Exam Questions (Z-Library),5,Please select the incorrect item that does not represent a dimension in the Data Values category in Data Quality for the Information age.,A. Currency | B. Timeliness | C. Consistency | D. Completeness,B,Timeliness,B,Timeliness,verified,,"The correct option matches the DMBOK definition, relationship, or classification used on the cited page(s). The distractors either omit a required element, add an unsupported qualifier, or describe a neighboring concept rather than the one asked for.","o Value-added o Relevancy o Timeliness o Completeness o Appropriate amount of data • Representational Data Quality o Interpretability o Ease of understanding o Representational consistency o Concise representation • Accessibility Data Quality o Accessibility o Access security In Data Quality for the Information Age (1996), Thomas Redman formulated a set of… Pragmatic characteristics are associated with data presentation and are dynamic; their value (quality) can change depending on the uses of data.",455; 456,467; 468,8.2 Further Reading on Data Quality Dimensions,True
chapter-13-q006,Chapter 13,6,multiple-choice,Data quality,Original 490,Original,CDMP - Data Management Fundamentals Exam Questions (Z-Library),6,The accuracy dimension of data quality refers to the degree that data correctly represents ‘real-life’ entities.,A. True | B. False,A,True,A,True,verified,,"The statement is True. The cited DMBOK material defines or describes the concept in a way that supports the wording in the question. Pay attention to the exact scope, qualifiers, and terminology used by DMBOK.",Dimension of Quality Description Accuracy Accuracy refers to the degree that data correctly represents ‘real-life’ entities.,458,432,1.3.2 Data Quality Dimensions,True
chapter-13-q007,Chapter 13,7,multiple-choice,Data quality,Original 490,Original,CDMP - Data Management Fundamentals Exam Questions (Z-Library),7,What ISO standard defines characteristics that can be tested by any organisation in the data supply chain to objectively determine conformance of the data to this ISO standard?,A. ISO 9000 | B. ISO 7000 | C. ISO 8000 | D. ISO 9001,C,ISO 8000,C,ISO 8000,verified,,"The correct option matches the DMBOK definition, relationship, or classification used on the cited page(s). The distractors either omit a required element, add an unsupported qualifier, or describe a neighboring concept rather than the one asked for.","In the introduction to the standard, ISO asserts: “The ability to create, collect, store, maintain, transfer, process and present data to support business processes in a timely and cost- effective manner requires both an understanding of the characteristics of the data that determine its quality, and an ability to measure, manage and report on Data…",461,465,8.1 Data Quality ISO Standard,True
chapter-13-q008,Chapter 13,8,multiple-choice,Data quality,Original 490,Original,CDMP - Data Management Fundamentals Exam Questions (Z-Library),8,The accuracy dimension has to do with the precision of data values.,A. True | B. False,A,True,A,True,verified,,"The statement is True. The cited DMBOK material defines or describes the concept in a way that supports the wording in the question. Pay attention to the exact scope, qualifiers, and terminology used by DMBOK.",Table 29 Common Dimensions of Data Quality Dimension of Quality Description Validity Validity refers to whether data values are consistent with a defined domain of values. Dimension of Quality Description Accuracy Accuracy refers to the degree that data correctly represents ‘real-life’ entities.,460,430; 432,1.3.2 Data Quality Dimensions,True
chapter-13-q009,Chapter 13,9,multiple-choice,Data quality,Original 490,Original,CDMP - Data Management Fundamentals Exam Questions (Z-Library),9,"Data Integrity includes ideas associated with completeness, accuracy, and consistency.",A. True | B. False,A,True,A,True,verified,,"The statement is True. The cited DMBOK material defines or describes the concept in a way that supports the wording in the question. Pay attention to the exact scope, qualifiers, and terminology used by DMBOK.",Take care not to confuse consistency with accuracy or correctness. Integrity Integrity refers to the lack of incoherent values and broken relationships in data.,459,430,1.3.2 Data Quality Dimensions,True
chapter-13-q010,Chapter 13,10,multiple-choice,Data quality,Original 490,Original,CDMP - Data Management Fundamentals Exam Questions (Z-Library),10,"Validity, as a dimension of data quality, refers to whether data values are consistent with a defined domain of values.",A. True | B. False,A,True,A,True,verified,,"The statement is True. The cited DMBOK material defines or describes the concept in a way that supports the wording in the question. Pay attention to the exact scope, qualifiers, and terminology used by DMBOK.",Table 29 Common Dimensions of Data Quality Dimension of Quality Description Validity Validity refers to whether data values are consistent with a defined domain of values.,459,430,1.3.2 Data Quality Dimensions,True
chapter-13-q011,Chapter 13,11,multi-select,Data quality,Original 490,Original,CDMP - Data Management Fundamentals Exam Questions (Z-Library),11,Dimensions of data quality include:,A. Validity | B. Privacy | C. Innovation | D. Accessibility | E. Currency | F. All of the above,A; B; D; E,Validity; Privacy; Accessibility; Currency,A; B; D; E,Validity; Privacy; Accessibility; Currency,verified,,"The correct selections match the elements, principles, activities, or examples associated with the concept on the cited DMBOK page(s). The remaining choices either introduce a different concept, reverse a condition, or fall outside the set being tested.",Table 29 Common Dimensions of Data Quality Dimension of Quality Description Validity Validity refers to whether data values are consistent with a defined domain of values.,460,430,1.3.2 Data Quality Dimensions,True
chapter-13-q012,Chapter 13,12,multi-select,Data quality,Original 490,Original,CDMP - Data Management Fundamentals Exam Questions (Z-Library),12,"ISO 8000 will describe the structure and the organization of data quality management, including:",A. Data Quality Availability | B. Data Quality Planning | C. Data Quality Control | D. Data Quality Assurance | E. Data Quality Improvement,B; C; D; E,Data Quality Planning; Data Quality Control; Data Quality Assurance; Data Quality Improvement,B; C; D; E,Data Quality Planning; Data Quality Control; Data Quality Assurance; Data Quality Improvement,verified,,"The correct selections match the elements, principles, activities, or examples associated with the concept on the cited DMBOK page(s). The remaining choices either introduce a different concept, reverse a condition, or fall outside the set being tested.","This standard will describe the structure and organization of Data Quality Management, including: • Data Quality Planning • Data Quality Control • Data Quality Assurance • Data Quality Improvement",462,466,"8000 is supported through ISO 22745, a standard for defining and exchanging Master Data. ISO 22745 defines",True
chapter-13-q013,Chapter 13,13,multi-select,Data quality,Original 490,Original,CDMP - Data Management Fundamentals Exam Questions (Z-Library),13,Some common data quality business rule types are:,A. Definitional conformance | B. Format compliance | C. Range conformance | D. Mapping conformance,A; B; C; D,Definitional conformance; Format compliance; Range conformance; Mapping conformance,A; B; C; D,Definitional conformance; Format compliance; Range conformance; Mapping conformance,verified,,"The correct selections match the elements, principles, activities, or examples associated with the concept on the cited DMBOK page(s). The remaining choices either introduce a different concept, reverse a condition, or fall outside the set being tested.","o Format compliance rules: One or more patterns specify values assigned to a data element, such as standards for formatting telephone numbers. o Value domain membership: Specify that a data element’s assigned value is included in those enumerated in a defined data value domain, such as 2-character United States Postal Codes for a STATE field. o Range… Some common business rule types (aligned with most common dimensions) are: • Validity: can be implemented through rules such as:",464,432; 433,1.3.3 Data Quality Business Rules,True
chapter-13-q014,Chapter 13,14,multi-select,Data quality,Original 490,Original,CDMP - Data Management Fundamentals Exam Questions (Z-Library),14,The Shewhart chart contains the following elements:,A. Plan | B. Utilization | C. Do | D. Check | E. Act | F. All of the above,A; C; D; E,Plan; Do; Check; Act,A; C; D; E,Plan; Do; Check; Act,verified,,"The correct selections match the elements, principles, activities, or examples associated with the concept on the cited DMBOK page(s). The remaining choices either introduce a different concept, reverse a condition, or fall outside the set being tested.",Figure 92 The Shewhart Chart with the role of a Data Quality Team indicated 74 See American Society for Quality: http://bit.ly/1lelyBK Plan-Do-Check-Act was originated by Walter Shewhart and popularized by W.,463,434,1.3.4 Data Quality Improvement Lifecycle,True
chapter-13-q015,Chapter 13,15,multi-select,Data quality,Original 490,Original,CDMP - Data Management Fundamentals Exam Questions (Z-Library),15,Issues caused by data entry processes include:,A. Training issues | B. List entry replacement | C. Software issues | D. Soft state issues | E. Change to business processes | F. Inconsistent business process execution,A; B; E; F,Training issues; List entry replacement; Change to business processes; Inconsistent business process execution,A; B; E; F,Training issues; List entry replacement; Change to business processes; Inconsistent business process execution,verified,,"The correct selections match the elements, principles, activities, or examples associated with the concept on the cited DMBOK page(s). The remaining choices either introduce a different concept, reverse a condition, or fall outside the set being tested.",Many people assume that most Data Quality issues are caused by data entry errors and that adding more technology will solve the problem. Common causes of data quality issues Lack of Oversight Data Entry Processes Data Processing Functions System Design Fixing Previous Issues Poor Data Quality Lack of awareness Lack of priority Lack of leadership Lack of management Lack of justification Poor value measurement No regard for ”downstream” Inconsistent process execution Changes to business…,466; 467,436,1.3.5 Common Causes of Data Quality Issues,True
chapter-13-q016,Chapter 13,16,multiple-choice,Data quality,Original 490,Original,CDMP - Data Management Fundamentals Exam Questions (Z-Library),16,Data quality issues only emerge at initial stages of the data lifecycle.,A. True | B. False,B,False,B,False,verified,,"The statement is False. The cited DMBOK material defines or describes the concept in a way that does not support the wording in the question. Pay attention to the exact scope, qualifiers, and terminology used by DMBOK.","Figure 93 Sources of Data Quality Issues Data Quality issues can emerge at any point in the data lifecycle – from creation to disposal. At the very start of the data lifecycle, data capture, there are a number of factors that can contribute to poor Data Quality.",465,436; 437,1.3.5 Common Causes of Data Quality Issues,True
chapter-13-q017,Chapter 13,17,multiple-choice,Data quality,Original 490,Original,CDMP - Data Management Fundamentals Exam Questions (Z-Library),17,Field overloading: Unnecessary data duplication is often a result of poor data management.,A. True | B. False,B,False,B,False,verified,,"The statement is False. The cited DMBOK material defines or describes the concept in a way that does not support the wording in the question. Pay attention to the exact scope, qualifiers, and terminology used by DMBOK.","• Field overloading: Some organizations re-use fields over time for different business purposes rather than making changes to the data model and user interface. This can result in invalid values or other conditions that prevent data movement and loading, or in more subtle changes that may not be detected immediately.",469,438; 439,1.3.5.2 Issues Caused by Data Entry Processes,True
chapter-13-q018,Chapter 13,18,multi-select,Data quality,Original 490,Original,CDMP - Data Management Fundamentals Exam Questions (Z-Library),18,Data profiling examples include:,A. Counts of null | B. Max/Min value | C. Max/Min length | D. Frequency distribution | E. Data type and format | F. None of the above,A; B; C; D; E,Counts of null; Max/Min value; Max/Min length; Frequency distribution; Data type and format,A; B; C; D; E,Counts of null; Max/Min value; Max/Min length; Frequency distribution; Data type and format,verified,,"The correct selections match the elements, principles, activities, or examples associated with the concept on the cited DMBOK page(s). The remaining choices either introduce a different concept, reverse a condition, or fall outside the set being tested.","For example: • Counts of nulls: Identifies nulls exist and allows for inspection of whether they are allowable or not • Max/Min value: Identifies outliers, like negatives • Max/Min length: Identifies outliers or invalids for fields with specific length requirements • Frequency distribution of values for individual columns: Enables assessment of…",470,456,4.2 Data Profiling,True
chapter-13-q019,Chapter 13,19,multiple-choice,Data quality,Original 490,Original,CDMP - Data Management Fundamentals Exam Questions (Z-Library),19,"Data profiling also includes cross-column analysis, which can identify overlapping or duplicate columns and expose embedded value dependencies.",A. True | B. False,A,True,A,True,verified,,"The statement is True. The cited DMBOK material defines or describes the concept in a way that supports the wording in the question. Pay attention to the exact scope, qualifiers, and terminology used by DMBOK.","For example: • Counts of nulls: Identifies nulls exist and allows for inspection of whether they are allowable or not • Max/Min value: Identifies outliers, like negatives • Max/Min length: Identifies outliers or invalids for fields with specific length requirements • Frequency distribution of values for individual columns: Enables assessment of…",470,456,4.2 Data Profiling,True
chapter-13-q020,Chapter 13,20,multiple-choice,Data quality,Original 490,Original,CDMP - Data Management Fundamentals Exam Questions (Z-Library),20,"While the focus of data quality improvement efforts is often on the prevention of errors, data quality can also be improved through some forms of data processing.",A. True | B. False,A,True,A,True,verified,,"The statement is True. The cited DMBOK material defines or describes the concept in a way that supports the wording in the question. Pay attention to the exact scope, qualifiers, and terminology used by DMBOK.","Tools While the focus of Data Quality improvement efforts is often on the prevention of errors, Data Quality can also be improved through some forms of data processing. (See Chapter 8.) Tools should be selected and tool architectures should be set in the planning phase of the enterprise Data Quality improvement program.",470,450,2.7.5 Data Quality Response,True
chapter-14-q001,Chapter 14,1,multiple-choice,Big data and data science,Original 490,Original,CDMP - Data Management Fundamentals Exam Questions (Z-Library),1,Volume refers to the amount of data. Big Data often has thousands of entities or elements in billions of records.,A. True | B. False,A,True,A,True,verified,,"The statement is True. The cited DMBOK material defines or describes the concept in a way that supports the wording in the question. Pay attention to the exact scope, qualifiers, and terminology used by DMBOK.",Big Data often has thousands of entities or elements in billions of records.,502,476,1.3.3 Big Data,True
chapter-14-q002,Chapter 14,2,multi-select,Big data and data science,Original 490,Original,CDMP - Data Management Fundamentals Exam Questions (Z-Library),2,The list of V’s includes:,A. Volatility | B. Volume | C. Veracity | D. Viscosity | E. Variety | F. Validity,A; B; C; D; E,Volatility; Volume; Veracity; Viscosity; Variety,A; B; C; D; E,Volatility; Volume; Veracity; Viscosity; Variety,verified,,"The correct selections match the elements, principles, activities, or examples associated with the concept on the cited DMBOK page(s). The remaining choices either introduce a different concept, reverse a condition, or fall outside the set being tested.","As more organizations start to leverage the potential of Big Data, the list of V’s has expanded: • Volume: Refers to the amount of data.",502,476,1.3.3 Big Data,True
chapter-14-q003,Chapter 14,3,multiple-choice,Big data and data science,Original 490,Original,CDMP - Data Management Fundamentals Exam Questions (Z-Library),3,Veracity refers to how difficult the data is to use or to integrate.,A. True | B. False,B,False,B,False,verified,,"The statement is False. The cited DMBOK material defines or describes the concept in a way that does not support the wording in the question. Pay attention to the exact scope, qualifiers, and terminology used by DMBOK.",• Viscosity: Refers to how difficult the data is to use or integrate.,502,476,1.3.3 Big Data,True
chapter-14-q004,Chapter 14,4,multi-select,Big data and data science,Original 490,Original,CDMP - Data Management Fundamentals Exam Questions (Z-Library),4,Different storage volumes include:,A. Gigabyte | B. Petabyte | C. Perabyte | D. Exabyte | E. Tetrabyte | F. Terabyte,A; B; D; F,Gigabyte; Petabyte; Exabyte; Terabyte,A; B; D; F,Gigabyte; Petabyte; Exabyte; Terabyte,verified,,"The correct selections match the elements, principles, activities, or examples associated with the concept on the cited DMBOK page(s). The remaining choices either introduce a different concept, reverse a condition, or fall outside the set being tested.",Exabyte Terabyte Gigabyte Petabyte Velocity Variety Veracity EDW/BW Web 2.0 Internet of Things Mobile EDW/BW Customers Products Web 2.0 eCommerce Web Logs Collaboration Social Sites Internet of Things Sensors/Scanners Log Files Blogs/Wikis GPS Texts/Images Storage Audio/Video Marketing Advertising Volume © DATALEADERS.ORG Report Interact Compare Evaluate… Big Data volumes are exceptionally large (greater than 100 Terabyte and often in the Petabyte and Exabyte range).,503,476; 477,1.3.4 Big Data Architecture Components,True
chapter-14-q005,Chapter 14,5,multiple-choice,Big data and data science,Original 490,Original,CDMP - Data Management Fundamentals Exam Questions (Z-Library),5,Please select the answer that does not represent a machine learning algorithm:,A. Reinforcement learning | B. Supervised learning | C. Artificial learning | D. Unsupervised learning,C,Artificial learning,C,Artificial learning,verified,,"The correct option matches the DMBOK definition, relationship, or classification used on the cited page(s). The distractors either omit a required element, add an unsupported qualifier, or describe a neighboring concept rather than the one asked for.","It began as an offshoot from Machine Learning, a subfield of Artificial Intelligence. 83 Refer to the Machine Learning resources periodic table at http://bit.ly/1DpTrHC for an interactive guide to the differing platforms available for the machine learning developer, scientist, and practitioner.",506,479; 480,1.3.10 Data and Text Mining,True
chapter-14-q006,Chapter 14,6,multiple-choice,Big data and data science,Original 490,Original,CDMP - Data Management Fundamentals Exam Questions (Z-Library),6,Machine learning explores the construction and study of learning algorithms.,A. True | B. False,A,True,A,True,verified,,"The statement is True. The cited DMBOK material defines or describes the concept in a way that supports the wording in the question. Pay attention to the exact scope, qualifiers, and terminology used by DMBOK.",Machine Learning explores the construction and study of learning algorithms.,506,479,1.3.8 Machine Learning,True
chapter-14-q007,Chapter 14,7,multiple-choice,Big data and data science,Original 490,Original,CDMP - Data Management Fundamentals Exam Questions (Z-Library),7,Please select the answer that best fits the following description: Contains only real-time data.,A. Batch layer | B. Speed layer | C. Serving layer | D. Real-time layer,B,Speed layer,B,Speed layer,verified,,"The correct option matches the DMBOK definition, relationship, or classification used on the cited page(s). The distractors either omit a required element, add an unsupported qualifier, or describe a neighboring concept rather than the one asked for.","SBA architectures have three main components, a batch layer, a speed layer, and a serving layer. (See Figure 101.) • Batch layer: A data lake serves as the batch layer, containing both recent and historical data • Speed layer: Contains only real-time data • Serving layer: Provides an interface to join data from the batch and speed layers Source Data Speed Layer Real-time, no history Batch Layer Serving Layer Fully processed history Merged view",505,478; 479,1.3.7 Services-Based Architecture,True
chapter-14-q008,Chapter 14,8,multiple-choice,Big data and data science,Original 490,Original,CDMP - Data Management Fundamentals Exam Questions (Z-Library),8,SBA is an abbreviation for service-based architecture.,A. True | B. False,A,True,A,True,verified,,"The statement is True. The cited DMBOK material defines or describes the concept in a way that supports the wording in the question. Pay attention to the exact scope, qualifiers, and terminology used by DMBOK.","Figure 101 Services-based Architecture The SBA architecture is similar to the DW architectures which send data directly to an ODS for immediate access, as well as to the DW for historical accumulation.",505,478; 479,1.3.7 Services-Based Architecture,True
chapter-14-q009,Chapter 14,9,multiple-choice,Big data and data science,Original 490,Original,CDMP - Data Management Fundamentals Exam Questions (Z-Library),9,Data mining is a sub-field of supervised learning where users attempt to model data elements and predict future outcomes through the evaluation of probability estimates.,A. True | B. False,B,False,B,False,verified,,"The statement is False. The cited DMBOK material defines or describes the concept in a way that does not support the wording in the question. Pay attention to the exact scope, qualifiers, and terminology used by DMBOK.",Predictive Analytics is the sub-field of supervised learning where users attempt to model data elements and predict future outcomes through evaluation of probability estimates.,507,481,1.3.11 Predictive Analytics,True
chapter-14-q010,Chapter 14,10,multiple-choice,Big data and data science,Original 490,Original,CDMP - Data Management Fundamentals Exam Questions (Z-Library),10,"Media monitoring and text analysis are automated methods for retrieving insights from large unstructured or semi-structured data, such as transaction data, social media, blogs, and web news sites.",A. True | B. False,A,True,A,True,verified,,"The statement is True. The cited DMBOK material defines or describes the concept in a way that supports the wording in the question. Pay attention to the exact scope, qualifiers, and terminology used by DMBOK.","Media monitoring and text analysis are automated methods for retrieving insights from large unstructured or semi-structured data, such as transaction data, social media, blogs, and web news sites.",507,480,1.3.9 Sentiment Analysis,True
chapter-14-q011,Chapter 14,11,multi-select,Big data and data science,Original 490,Original,CDMP - Data Management Fundamentals Exam Questions (Z-Library),11,"Data and text mining use a range of techniques, including:",A. Profiling | B. Application reduction | C. Association | D. Data reduction | E. Clustering | F. All of the above,A; C; D; E,Profiling; Association; Data reduction; Clustering,A; C; D; E,Profiling; Association; Data reduction; Clustering,verified,,"The correct selections match the elements, principles, activities, or examples associated with the concept on the cited DMBOK page(s). The remaining choices either introduce a different concept, reverse a condition, or fall outside the set being tested.","Ontologies can be linked into search engines, allowing for web-enabled querying against these documents. (See Chapter 9.) Data and text mining use a range of techniques, including: • Profiling: Profiling attempts to characterize the typical behavior of an individual, group, or population.",508,481,1.3.10 Data and Text Mining,True
chapter-14-q012,Chapter 14,12,multi-select,Big data and data science,Original 490,Original,CDMP - Data Management Fundamentals Exam Questions (Z-Library),12,The first two steps in the data science process are:,A. Define Big Data data strategy & Business Need(s) | B. Choose Data Sources | C. Develop Data Science Hypotheses and Methods | D. Acquire & Ingest Data source(s),A; B,Define Big Data data strategy & Business Need(s); Choose Data Sources,A; B,Define Big Data data strategy & Business Need(s); Choose Data Sources,verified,,"The correct selections match the elements, principles, activities, or examples associated with the concept on the cited DMBOK page(s). The remaining choices either introduce a different concept, reverse a condition, or fall outside the set being tested.",Define Big Data Strategy & Business Need(s) 2.,501,475,1.3.2 The Data Science Process,True
chapter-14-q013,Chapter 14,13,multi-select,Big data and data science,Original 490,Original,CDMP - Data Management Fundamentals Exam Questions (Z-Library),13,Inputs in the Big Data and data science context diagram include:,A. IT standards | B. Data sources | C. Business strategy & goals | D. Database standards,A; B; C,IT standards; Data sources; Business strategy & goals,A; B; C,IT standards; Data sources; Business strategy & goals,verified,,"The correct selections match the elements, principles, activities, or examples associated with the concept on the cited DMBOK page(s). The remaining choices either introduce a different concept, reverse a condition, or fall outside the set being tested.","Define Big Data Strategy & Business Needs (P) 2. In many ways, because of the wide variation in sources and formats, Big Data management will require more discipline than relational data management.",499,472; 473,1.2 Principles,True
chapter-14-q014,Chapter 14,14,multi-select,Big data and data science,Original 490,Original,CDMP - Data Management Fundamentals Exam Questions (Z-Library),14,Data science involves the iterative inclusion of data sources into models that develop insights. Data science depends on:,A. Consistency | B. Rich data sources | C. Information alignment and analysis | D. Information delivery | E. Presentation of findings and data insights | F. All of the above,B; C; D; E,Rich data sources; Information alignment and analysis; Information delivery; Presentation of findings and data insights,B; C; D; E,Rich data sources; Information alignment and analysis; Information delivery; Presentation of findings and data insights,verified,,"The correct selections match the elements, principles, activities, or examples associated with the concept on the cited DMBOK page(s). The remaining choices either introduce a different concept, reverse a condition, or fall outside the set being tested.",Developing Data Science solutions involves the iterative inclusion of data sources into models that develop insights.,500,474,1.3.1 Data Science,True
chapter-14-q015,Chapter 14,15,multi-select,Big data and data science,Original 490,Original,CDMP - Data Management Fundamentals Exam Questions (Z-Library),15,The language used in file-based solutions is called MapReduce. This language has three main steps:,A. Map | B. Shuffle | C. Free | D. Terminate | E. Integrate | F. Reduce,A; B; F,Map; Shuffle; Reduce,A; B; F,Map; Shuffle; Reduce,verified,,"The correct selections match the elements, principles, activities, or examples associated with the concept on the cited DMBOK page(s). The remaining choices either introduce a different concept, reverse a condition, or fall outside the set being tested.",The language used in file-based solutions is called MapReduce.,519; 520,492,3.2 Distributed File-based Databases,True
chapter-14-q016,Chapter 14,16,multiple-choice,Big data and data science,Original 490,Original,CDMP - Data Management Fundamentals Exam Questions (Z-Library),16,MPP is an abbreviation for Major Parallel Processing.,A. True | B. False,B,False,B,False,verified,,"The statement is False. The cited DMBOK material defines or describes the concept in a way that does not support the wording in the question. Pay attention to the exact scope, qualifiers, and terminology used by DMBOK.","Massively Parallel Processing (MPP) Shared-nothing Database technologies have become the standard platform for Data Science-oriented analysis of Big Data sets. A massively parallel, shared-nothing architecture fully uses each core, with linear scalability and increased processing performance on large data sets.",518,491; 492,3.1 MPP Shared-nothing Technologies and Architecture,True
chapter-14-q017,Chapter 14,17,multiple-choice,Big data and data science,Original 490,Original,CDMP - Data Management Fundamentals Exam Questions (Z-Library),17,Traditional tools in data visualization have both a data and a graphical component. Advanced visualization and discovery tools use in-memory architecture to allow users to interact with the data.,A. True | B. False,A,True,A,True,verified,,"The statement is True. The cited DMBOK material defines or describes the concept in a way that supports the wording in the question. Pay attention to the exact scope, qualifiers, and terminology used by DMBOK.",Advanced visualization and discovery tools use in-memory architecture to allow users to interact with the data.,520,493,3.6 Data Visualization Tools,True
chapter-14-q018,Chapter 14,18,multi-select,Big data and data science,Original 490,Original,CDMP - Data Management Fundamentals Exam Questions (Z-Library),18,"Analytics models are associated with different depths of analysis, including:",A. Quality testing | B. Explanatory modeling | C. Descriptive modeling | D. Performance modeling | E. All of the above | F. None of the above,B; C,Explanatory modeling; Descriptive modeling,B; C,Explanatory modeling; Descriptive modeling,verified,,"The correct selections match the elements, principles, activities, or examples associated with the concept on the cited DMBOK page(s). The remaining choices either introduce a different concept, reverse a condition, or fall outside the set being tested.",Analytic models are associated with different depths of analysis: • Descriptive modeling summarizes or represents the data structures in a compact manner.,521,494,4.1 Analytic Modeling,True
chapter-14-q019,Chapter 14,19,multiple-choice,Big data and data science,Original 490,Original,CDMP - Data Management Fundamentals Exam Questions (Z-Library),19,Modeling Big Data is a non-technical challenge but critical if an organization wants to describe and govern its data.,A. True | B. False,B,False,B,False,verified,,"The statement is False. The cited DMBOK material defines or describes the concept in a way that does not support the wording in the question. Pay attention to the exact scope, qualifiers, and terminology used by DMBOK.",Modeling Big Data is a technical challenge but critical if an organization that wants to describe and govern its data.,522,495,4.2 Big Data Modeling,True
chapter-14-q020,Chapter 14,20,multiple-choice,Big data and data science,Original 490,Original,CDMP - Data Management Fundamentals Exam Questions (Z-Library),20,Business people must be fully engaged in order to realize benefits from the advanced analytics.,A. True | B. False,A,True,A,True,verified,,"The statement is True. The cited DMBOK material defines or describes the concept in a way that supports the wording in the question. Pay attention to the exact scope, qualifiers, and terminology used by DMBOK.",Business people must be fully engaged in order to realize benefits from the advanced analytics.,524,497,5.3 Organization and Cultural Change,True
chapter-15-q001,Chapter 15,1,multiple-choice,Data Management Maturity Assessment,Original 490,Original,CDMP - Data Management Fundamentals Exam Questions (Z-Library),1,CMA is an abbreviation for Capability Maturity Assessment.,A. True | B. False,A,True,A,True,verified,,"The statement is True. The cited DMBOK material defines or describes the concept in a way that supports the wording in the question. Pay attention to the exact scope, qualifiers, and terminology used by DMBOK.","C H A P T E R 15 Data Management Maturity Assessment 1. 90 Adapted from Select Business Solutions, “What is the Capability Maturity Model?” http://bit.ly/IFMJI8 (Accessed 2016-11-10).",531,503,Data Management Maturity Assessment,True
chapter-15-q002,Chapter 15,2,multi-select,Data Management Maturity Assessment,Original 490,Original,CDMP - Data Management Fundamentals Exam Questions (Z-Library),2,"Organizations conduct capability maturity assessments for a number of reasons, including:",A. Organizational change | B. Data management issues | C. Regulation | D. Data governance | E. Data modeling | F. New technology,A; B; C; D; F,Organizational change; Data management issues; Regulation; Data governance; New technology,A; B; C; D; F,Organizational change; Data management issues; Regulation; Data governance; New technology,verified,,"The correct selections match the elements, principles, activities, or examples associated with the concept on the cited DMBOK page(s). The remaining choices either introduce a different concept, reverse a condition, or fall outside the set being tested.",Organizations conduct capability maturity assessments for a number of reasons: • Regulation: Regulatory oversight requires minimum levels of maturity in data management.,532,505,1.1 Business Drivers,True
chapter-15-q003,Chapter 15,3,multiple-choice,Data Management Maturity Assessment,Original 490,Original,CDMP - Data Management Fundamentals Exam Questions (Z-Library),3,"A Data Management Maturity Assessment (DMMA) can be used to evaluate data management overall, or it can be used to focus on a single Knowledge Area or even a single process.",A. True | B. False,A,True,A,True,verified,,"The statement is True. The cited DMBOK material defines or describes the concept in a way that supports the wording in the question. Pay attention to the exact scope, qualifiers, and terminology used by DMBOK.","A Data Management Maturity Assessment (DMMA) can be used to evaluate data management overall, or it can be used to focus on a single Knowledge Area or even a single process.",532,505,Data Management Maturity Assessment,True
chapter-15-q004,Chapter 15,4,multi-select,Data Management Maturity Assessment,Original 490,Original,CDMP - Data Management Fundamentals Exam Questions (Z-Library),4,Deliverables in the data management maturity assessment context diagram include:,A. Maturity baseline | B. Roadmap | C. Executive briefings | D. Recommendations | E. Risk assessment | F. Ratings and ranks,A; B; C; D; E; F,Maturity baseline; Roadmap; Executive briefings; Recommendations; Risk assessment; Ratings and ranks,A; B; C; D; E; F,Maturity baseline; Roadmap; Executive briefings; Recommendations; Risk assessment; Ratings and ranks,verified,,"The correct selections match the elements, principles, activities, or examples associated with the concept on the cited DMBOK page(s). The remaining choices either introduce a different concept, reverse a condition, or fall outside the set being tested.",Figure 103 Context Diagram: Data Management Maturity Assessment Definition: A method for ranking practices against maturity levels for handling data used by the organization to characterize the current state of data management and opportunities for improvement Goals: 1.,533,504,Data Management Maturity Assessment,True
chapter-15-q005,Chapter 15,5,multiple-choice,Data Management Maturity Assessment,Original 490,Original,CDMP - Data Management Fundamentals Exam Questions (Z-Library),5,The primary goal of data management capability assessment is to evaluate the current state of critical data management activities in order to plan for improvement.,A. True | B. False,A,True,A,True,verified,,"The statement is True. The cited DMBOK material defines or describes the concept in a way that supports the wording in the question. Pay attention to the exact scope, qualifiers, and terminology used by DMBOK.",The primary goal of a data management capability assessment is to evaluate the current state of critical data management activities in order to plan for improvement.,534,505,1.2 Goals and Principles,True
chapter-15-q006,Chapter 15,6,multiple-choice,Data Management Maturity Assessment,Original 490,Original,CDMP - Data Management Fundamentals Exam Questions (Z-Library),6,When selecting a DMM framework one should consider of it is repeatable.,A. True | B. False,A,True,A,True,verified,,"The statement is True. The cited DMBOK material defines or describes the concept in a way that supports the wording in the question. Pay attention to the exact scope, qualifiers, and terminology used by DMBOK.",The following criteria should be considered when selecting a DMM framework.,546,516,4.1 Selecting a DMM Framework,True
chapter-15-q007,Chapter 15,7,multiple-choice,Data Management Maturity Assessment,Original 490,Original,CDMP - Data Management Fundamentals Exam Questions (Z-Library),7,The IBM Data Governance Council model is organized around four key categories. Select the answer that is not a category.,A. Outcomes | B. System Lifecycles | C. Enablers | D. Core disciplines | E. Supporting disciplines,B,System Lifecycles,B,System Lifecycles,verified,,"The correct option matches the DMBOK definition, relationship, or classification used on the cited page(s). The distractors either omit a required element, add an unsupported qualifier, or describe a neighboring concept rather than the one asked for.",The IBM Data Governance Council Maturity Model was based on input from a council of 55 organizations.,538; 539,510,1.3.3.3 IBM Data Governance Council Maturity Model95,True
chapter-15-q008,Chapter 15,8,multiple-choice,Data Management Maturity Assessment,Original 490,Original,CDMP - Data Management Fundamentals Exam Questions (Z-Library),8,"A communication plan includes an engagement model for stakeholders, the type of information to be shared, and the schedule for sharing information.",A. True | B. False,A,True,A,True,verified,,"The statement is True. The cited DMBOK material defines or describes the concept in a way that supports the wording in the question. Pay attention to the exact scope, qualifiers, and terminology used by DMBOK.","• Communication Plan: A communication plan includes an engagement model for stakeholders, the type of information to be shared, and the schedule for sharing information.",545,516,2.5 Re-assess Maturity,True
chapter-15-q009,Chapter 15,9,multiple-choice,Data Management Maturity Assessment,Original 490,Original,CDMP - Data Management Fundamentals Exam Questions (Z-Library),9,Oversight for the DMMA process belongs to the Data Quality team.,A. True | B. False,B,False,B,False,verified,,"The statement is False. The cited DMBOK material defines or describes the concept in a way that does not support the wording in the question. Pay attention to the exact scope, qualifiers, and terminology used by DMBOK.",Oversight for the DMMA process belongs to the Data Governance team.,548,519,6.1 DMMA Process Oversight,True
chapter-15-q010,Chapter 15,10,multiple-choice,Data Management Maturity Assessment,Original 490,Original,CDMP - Data Management Fundamentals Exam Questions (Z-Library),10,DMMA ratings represent a snapshot of the organization’s capability level.,A. True | B. False,A,True,A,True,verified,,"The statement is True. The cited DMBOK material defines or describes the concept in a way that supports the wording in the question. Pay attention to the exact scope, qualifiers, and terminology used by DMBOK.",Sample metrics could include: • DMMA ratings: DMMA ratings present a snapshot of the organization’s capability level.,548,519,6.2 Metrics,True
chapter-16-q001,Chapter 16,1,multiple-choice,Data Management Organization and Role Expectations,Original 490,Original,CDMP - Data Management Fundamentals Exam Questions (Z-Library),1,A critical step in data management organization design is identifying the best-fit operating model for the organization.,A. True | B. False,A,True,A,True,verified,,"The statement is True. The cited DMBOK material defines or describes the concept in a way that supports the wording in the question. Pay attention to the exact scope, qualifiers, and terminology used by DMBOK.",Data Management Organizational Constructs A critical step in Data Management Organization design is identifying the best-fit operating model for the organization.,553,523,Data Management Organization and Role Expectations,True
chapter-16-q002,Chapter 16,2,multi-select,Data Management Organization and Role Expectations,Original 490,Original,CDMP - Data Management Fundamentals Exam Questions (Z-Library),2,RACI is an acronym that is made up of the following terms.,A. Control | B. Responsible | C. Accountable | D. Informed | E. Reliable | F. Consulted,B; C; D; F,Responsible; Accountable; Informed; Consulted,B; C; D; F,Responsible; Accountable; Informed; Consulted,verified,,"The correct selections match the elements, principles, activities, or examples associated with the concept on the cited DMBOK page(s). The remaining choices either introduce a different concept, reverse a condition, or fall outside the set being tested.","Decentralized informality can be made more formal through a documented series of connections and accountabilities via a RACI (Responsible, Accountable, Consulted, and Informed) matrix.",554,524,3.2 Network Operating Model,True
chapter-16-q003,Chapter 16,3,multiple-choice,Data Management Organization and Role Expectations,Original 490,Original,CDMP - Data Management Fundamentals Exam Questions (Z-Library),3,Decentralized informality can be made more formal through a documented series of connections and accountabilities via a RACI matrix.,A. True | B. False,A,True,A,True,verified,,"The statement is True. The cited DMBOK material defines or describes the concept in a way that supports the wording in the question. Pay attention to the exact scope, qualifiers, and terminology used by DMBOK.","Decentralized informality can be made more formal through a documented series of connections and accountabilities via a RACI (Responsible, Accountable, Consulted, and Informed) matrix.",554,524,3.2 Network Operating Model,True
chapter-16-q004,Chapter 16,4,multi-select,Data Management Organization and Role Expectations,Original 490,Original,CDMP - Data Management Fundamentals Exam Questions (Z-Library),4,Data management organizational constructs include the following types of models.,A. Network operating model | B. Decentralized operating model | C. Centralized operating model | D. Federation operating model | E. Hybrid operating model | F. Integrated operating model,A; B; C; E,Network operating model; Decentralized operating model; Centralized operating model; Hybrid operating model,A; B; C; E,Network operating model; Decentralized operating model; Centralized operating model; Hybrid operating model,verified,,"The correct selections match the elements, principles, activities, or examples associated with the concept on the cited DMBOK page(s). The remaining choices either introduce a different concept, reverse a condition, or fall outside the set being tested.","Figure 108 Network Operating Model A network model’s benefits are similar to those of a decentralized model (flat structure, alignment, quick set up). Data Management Organizational Constructs A critical step in Data Management Organization design is identifying the best-fit operating model for the organization.",553; 554; 555; 556; 557,523; 524,3.2 Network Operating Model,True
chapter-16-q005,Chapter 16,5,multiple-choice,Data Management Organization and Role Expectations,Original 490,Original,CDMP - Data Management Fundamentals Exam Questions (Z-Library),5,Factors that have been shown to play a key role in the success of effective data management organizations do not include:,A. Clear vision | B. Orientation and training | C. Leadership alignment | D. IT sponsorship,D,IT sponsorship,D,IT sponsorship,verified,,"The correct option matches the DMBOK definition, relationship, or classification used on the cited page(s). The distractors either omit a required element, add an unsupported qualifier, or describe a neighboring concept rather than the one asked for.","Critical Success Factors Ten factors have been consistently shown to play a key role in the success of effective Data Management Organizations, regardless of their structure: 1.",559,528,3.7 DMO Alternatives and Design Considerations,True
chapter-16-q006,Chapter 16,6,multiple-choice,Data Management Organization and Role Expectations,Original 490,Original,CDMP - Data Management Fundamentals Exam Questions (Z-Library),6,Communication should start later in the process as too many inputs will distort the vision.,A. True | B. False,B,False,B,False,verified,,"The statement is False. The cited DMBOK material defines or describes the concept in a way that does not support the wording in the question. Pay attention to the exact scope, qualifiers, and terminology used by DMBOK.","Communication should start early and continue openly and often. A clear vision for the Data Management Organization, along with a plan to drive it, is critical to success.",560,529,4.5 Communication,True
chapter-16-q007,Chapter 16,7,multiple-choice,Data Management Organization and Role Expectations,Original 490,Original,CDMP - Data Management Fundamentals Exam Questions (Z-Library),7,Disciplines within the enterprise architecture practice do not include:,A. Technology architecture | B. Application architecture | C. Information architecture | D. Service Architecture | E. Business architecture,D,Service Architecture,D,Service Architecture,verified,,"The correct option matches the DMBOK definition, relationship, or classification used on the cited page(s). The distractors either omit a required element, add an unsupported qualifier, or describe a neighboring concept rather than the one asked for.",The disciplines within an Enterprise Architecture practice include: • Technology Architecture,566,535,6.4 Enterprise Architecture,True
chapter-16-q008,Chapter 16,8,multiple-choice,Data Management Organization and Role Expectations,Original 490,Original,CDMP - Data Management Fundamentals Exam Questions (Z-Library),8,Data quality management is a key capability of a data management practice and organization.,A. True | B. False,A,True,A,True,verified,,"The statement is True. The cited DMBOK material defines or describes the concept in a way that supports the wording in the question. Pay attention to the exact scope, qualifiers, and terminology used by DMBOK.",Data Quality Management is a key capability of a data management practice and organization.,566,535,6.3 Data Quality,True
chapter-16-q009,Chapter 16,9,multiple-choice,Data Management Organization and Role Expectations,Original 490,Original,CDMP - Data Management Fundamentals Exam Questions (Z-Library),9,Data modeller: responsible for data model version control and change control.,A. True | B. False,B,False,B,False,verified,,"The statement is False. The cited DMBOK material defines or describes the concept in a way that does not support the wording in the question. Pay attention to the exact scope, qualifiers, and terminology used by DMBOK.",• Data Model Administrator: Responsible for data model version control and change control.,569,538,7.2.3 IT Roles,True
chapter-16-q010,Chapter 16,10,multiple-choice,Data Management Organization and Role Expectations,Original 490,Original,CDMP - Data Management Fundamentals Exam Questions (Z-Library),10,Data architect: A senior analyst responsible for data architecture and data integration.,A. True | B. False,A,True,A,True,verified,,"The statement is True. The cited DMBOK material defines or describes the concept in a way that supports the wording in the question. Pay attention to the exact scope, qualifiers, and terminology used by DMBOK.",• Data Architect: A senior analyst responsible for Data Architecture and data integration. • Technical Architect: Senior technical engineer responsible for coordinating and integrating the IT infrastructure and the IT technology portfolio.,569,538; 539,7.2.3 IT Roles,True
chapter-17-q001,Chapter 17,1,multiple-choice,Data Management and Organizational Change Management,Original 490,Original,CDMP - Data Management Fundamentals Exam Questions (Z-Library),1,The neutral zone is one of the phases in the Bridges’ transition phases.,A. True | B. False,A,True,A,True,verified,,"The statement is True. The cited DMBOK material defines or describes the concept in a way that supports the wording in the question. Pay attention to the exact scope, qualifiers, and terminology used by DMBOK.",Figure 113 Bridges’s Transition Phases Ending Losing Letting Go Unfreezing the Status Quo The New Beginning Embedding Change Refreezing Values The Neutral Zone Time Level of Management Table 35 Bridges’s Transition Phases Transition Phase Description The Ending • When we acknowledge that there are things we need to let go of.,575,543,Data Management and Organizational Change Management,True
chapter-17-q002,Chapter 17,2,multi-select,Data Management and Organizational Change Management,Original 490,Original,CDMP - Data Management Fundamentals Exam Questions (Z-Library),2,"Data management professionals who understand formal change management will be more successful in bringing about changes that will help their organizations get more value from their data. To do so, it is important to understand:",A. The triggers for effective change | B. Data architecture | C. How people experience changes | D. Data security | E. The barriers to change | F. Why change fails,A; C; E; F,The triggers for effective change; How people experience changes; The barriers to change; Why change fails,A; C; E; F,The triggers for effective change; How people experience changes; The barriers to change; Why change fails,verified,,"The correct selections match the elements, principles, activities, or examples associated with the concept on the cited DMBOK page(s). The remaining choices either introduce a different concept, reverse a condition, or fall outside the set being tested.",Data management professionals who understand formal change management will be more successful in bringing about changes that will help their organizations get more value from their data.,573,541,Data Management and Organizational Change Management,True
chapter-17-q003,Chapter 17,3,multiple-choice,Data Management and Organizational Change Management,Original 490,Original,CDMP - Data Management Fundamentals Exam Questions (Z-Library),3,"Change only requires change agents in special circumstances, especially when there is little to no adoption.",A. True | B. False,B,False,B,False,verified,,"The statement is False. The cited DMBOK material defines or describes the concept in a way that does not support the wording in the question. Pay attention to the exact scope, qualifiers, and terminology used by DMBOK.","Change requires Change Agents, people who pay attention to the people and not just the systems.",574,542,Data Management and Organizational Change Management,True
chapter-17-q004,Chapter 17,4,multi-select,Data Management and Organizational Change Management,Original 490,Original,CDMP - Data Management Fundamentals Exam Questions (Z-Library),4,Please select the transition phases in Bridges’ Transition process:,A. The neutral zone | B. The new beginning | C. The ending | D. The transition | E. The translation | F. The game,A; B; C,The neutral zone; The new beginning; The ending,A; B; C,The neutral zone; The new beginning; The ending,verified,,"The correct selections match the elements, principles, activities, or examples associated with the concept on the cited DMBOK page(s). The remaining choices either introduce a different concept, reverse a condition, or fall outside the set being tested.",Figure 113 Bridges’s Transition Phases Ending Losing Letting Go Unfreezing the Status Quo The New Beginning Embedding Change Refreezing Values The Neutral Zone Time Level of Management Table 35 Bridges’s Transition Phases Transition Phase Description The Ending • When we acknowledge that there are things we need to let go of.,575,543,Data Management and Organizational Change Management,True
chapter-17-q005,Chapter 17,5,multiple-choice,Data Management and Organizational Change Management,Original 490,Original,CDMP - Data Management Fundamentals Exam Questions (Z-Library),5,"As part of its transformation, the organization must identify and respond to different kinds of roadblocks. Please select the answer that is not a roadblock:",A. Active resistance | B. Psychological | C. Systematic | D. Structural,C,Systematic,C,Systematic,verified,,"The correct option matches the DMBOK definition, relationship, or classification used on the cited page(s). The distractors either omit a required element, add an unsupported qualifier, or describe a neighboring concept rather than the one asked for.","As part of its transformation, the organization must identify and respond to different kinds of roadblocks: • Psychological: Roadblocks that exist in people’s heads must be addressed based on their causes.",580,547,4.5 Error #5: Permitting Obstacles to Block the Vision,True
chapter-17-q006,Chapter 17,6,multiple-choice,Data Management and Organizational Change Management,Original 490,Original,CDMP - Data Management Fundamentals Exam Questions (Z-Library),6,"In an information management context, the short-term wins and goals often arise from the resolution of an identified problem.",A. True | B. False,A,True,A,True,verified,,"The statement is True. The cited DMBOK material defines or describes the concept in a way that supports the wording in the question. Pay attention to the exact scope, qualifiers, and terminology used by DMBOK.","In an information management context, the short-term wins and goals often arise from the resolution of an identified problem.",580,548,4.6.1 Examples in Information Management Context,True
chapter-17-q007,Chapter 17,7,multiple-choice,Data Management and Organizational Change Management,Original 490,Original,CDMP - Data Management Fundamentals Exam Questions (Z-Library),7,The second stage of Kotter’s eight stage process is:,A. Developing a vision and a strategy | B. Establishing a sense of urgency | C. Creating short term wins | D. Creating the guiding coalition,D,Creating the guiding coalition,D,Creating the guiding coalition,verified,,"The correct option matches the DMBOK definition, relationship, or classification used on the cited page(s). The distractors either omit a required element, add an unsupported qualifier, or describe a neighboring concept rather than the one asked for.",Figure 114 Kotter’s Eight Stage Process for Major Change,583,550,4.8.1 Example in Information Management Context,True
chapter-17-q008,Chapter 17,8,multiple-choice,Data Management and Organizational Change Management,Original 490,Original,CDMP - Data Management Fundamentals Exam Questions (Z-Library),8,To push up the urgency level requires adding of the sources of complacency or increasing of their impact.,A. True | B. False,B,False,B,False,verified,,"The statement is False. The cited DMBOK material defines or describes the concept in a way that does not support the wording in the question. Pay attention to the exact scope, qualifiers, and terminology used by DMBOK.",To push up the urgency level requires removal of the sources of complacency or reduction of their impact.,584,551,5.1.2 Pushing up the Urgency Level,True
chapter-17-q009,Chapter 17,9,multiple-choice,Data Management and Organizational Change Management,Original 490,Original,CDMP - Data Management Fundamentals Exam Questions (Z-Library),9,"Bold means doing something that might cause short term pain, not just something that looks good in a marketing email.",A. True | B. False,A,True,A,True,verified,,"The statement is True. The cited DMBOK material defines or describes the concept in a way that supports the wording in the question. Pay attention to the exact scope, qualifiers, and terminology used by DMBOK.","Figure 115 Sources of Complacency Bold means doing something that might cause short term pain, not just something that looks good in a marketing email.",585,552,5.1.2 Pushing up the Urgency Level,True
chapter-17-q010,Chapter 17,10,multiple-choice,Data Management and Organizational Change Management,Original 490,Original,CDMP - Data Management Fundamentals Exam Questions (Z-Library),10,An effective team is based on two simple foundations: trust and a common goal.,A. True | B. False,A,True,A,True,verified,,"The statement is True. The cited DMBOK material defines or describes the concept in a way that supports the wording in the question. Pay attention to the exact scope, qualifiers, and terminology used by DMBOK.",An effective team is based on two simple foundations: trust and a common goal.,174,556,5.2.3 Building an Effective Team,True
practice-test-1-q001,Practice Test 1,1,multi-select,Data Management,Original 490,Original,CDMP - Data Management Fundamentals Exam Questions (Z-Library),1,Please select the 2 frameworks that show high-level relationships that influence how an organization manages data.,A. DAMA DMBOK Hexagon | B. DAMA Wheel | C. Strategic Alignment Model | D. Amsterdam Information Model,C; D,Strategic Alignment Model; Amsterdam Information Model,C; D,Strategic Alignment Model; Amsterdam Information Model,verified,,"The correct selections match the elements, principles, activities, or examples associated with the concept on the cited DMBOK page(s). The remaining choices either introduce a different concept, reverse a condition, or fall outside the set being tested.","The Amsterdam Information Model, like the Strategic Alignment Model, takes a strategic perspective on business and IT alignment (Abcouwer, Maes, and Truijens, 1997).13 Known as the 9-cell, it recognizes a middle • The first two, the Strategic Alignment Model and the Amsterdam Information Model, show high-level relationships that influence how an organization manages data.",33,35; 36,3.2 The Amsterdam Information Model,True
practice-test-1-q002,Practice Test 1,2,multi-select,Data Management,Original 490,Original,CDMP - Data Management Fundamentals Exam Questions (Z-Library),2,Please select the 3 visuals that depict DAMA’s Data Management Framework.,A. The DAMA Wheel | B. The DAMA Octagon | C. The Environmental Factors hexagon | D. The Knowledge Area Context Diagram | E. The Data Quality Function Context Diagram,A; C; D,The DAMA Wheel; The Environmental Factors hexagon; The Knowledge Area Context Diagram,A; C; D,The DAMA Wheel; The Environmental Factors hexagon; The Knowledge Area Context Diagram,verified,,"The correct selections match the elements, principles, activities, or examples associated with the concept on the cited DMBOK page(s). The remaining choices either introduce a different concept, reverse a condition, or fall outside the set being tested.",Three visuals depict DAMA’s Data Management Framework: • The DAMA Wheel (Figure 5) • The Environmental Factors hexagon (Figure 6) • The Knowledge Area Context Diagram (Figure 7) The DAMA Wheel defines the Data Management Knowledge Areas. Figure 5 The DAMA-DMBOK2 Data Management Framework (The DAMA Wheel),35,37; 38,3.3 The DAMA-DMBOK Framework,True
practice-test-1-q003,Practice Test 1,3,multiple-choice,Data Management,Original 490,Original,CDMP - Data Management Fundamentals Exam Questions (Z-Library),3,"Data Governance is at the centre of the data management activities, since governance is required for consistency within and balance between functions.",A. True | B. False,A,True,A,True,verified,,"The statement is True. The cited DMBOK material defines or describes the concept in a way that supports the wording in the question. Pay attention to the exact scope, qualifiers, and terminology used by DMBOK.","It places Data Governance at the center of data management activities, since governance is required for consistency within and balance between the functions.",35,37,3.3 The DAMA-DMBOK Framework,True
practice-test-1-q004,Practice Test 1,4,multi-select,Data Handling Ethics,Original 490,Original,CDMP - Data Management Fundamentals Exam Questions (Z-Library),4,Please select the correct component pieces that form part of an Ethical Handling Strategy and Roadmap.,A. Values Statement | B. Compliance framework | C. Roadmap | D. Emotions matrix | E. All of the above | F. None of the above,A; B; C,Values Statement; Compliance framework; Roadmap,A; B; C,Values Statement; Compliance framework; Roadmap,verified,,"The correct selections match the elements, principles, activities, or examples associated with the concept on the cited DMBOK page(s). The remaining choices either introduce a different concept, reverse a condition, or fall outside the set being tested.",The component pieces of such a strategy include: • Values statements: Values statements describe what the organization believes in. Employees must sign off that they are familiar with the code and the implications of unethical handling of data.,62,64; 65,3.5.3 Create an Ethical Data Handling Strategy and Roadmap,True
practice-test-1-q005,Practice Test 1,5,multiple-choice,Data Handling Ethics,Original 490,Original,CDMP - Data Management Fundamentals Exam Questions (Z-Library),5,"Data professionals involved in Business Intelligence, analytics and Data Science are often responsible for data that describes: who people are; what people do; where people live; and how people are treated. The data can be misused and counteract the principles underlying data ethics.",A. True | B. False,A,True,A,True,verified,,"The statement is True. The cited DMBOK material defines or describes the concept in a way that supports the wording in the question. Pay attention to the exact scope, qualifiers, and terminology used by DMBOK.","Data professionals involved in Business Intelligence, analytics, and Data Science are often responsible for data that describes: • Who people are, including their countries of origin and their racial, ethnic, and religious characteristics • What people do, including political, social, and potentially criminal activities • Where people live, how much money…",63,65,3.5.4 Adopt a Socially Responsible Ethical Risk Model,True
practice-test-1-q006,Practice Test 1,6,multi-select,Data Governance,Original 490,Original,CDMP - Data Management Fundamentals Exam Questions (Z-Library),6,Select the areas to consider when constructing an organization’s operating model:,A. Value of the data to the organisation | B. Business model | C. Cultural Factors | D. Impact of the regulation | E. All of the above | F. None of the above,F,None of the above,F,None of the above,verified,,"The correct selections match the elements, principles, activities, or examples associated with the concept on the cited DMBOK page(s). The remaining choices either introduce a different concept, reverse a condition, or fall outside the set being tested.","Consider these areas when constructing an organization’s operating model: • Value of data to the organization: If an organization sells data, obviously Data Governance has a huge business impact.",82,84,2.6 Define the Data Governance Operating Framework,True
practice-test-1-q007,Practice Test 1,7,multiple-choice,Data Governance,Original 490,Original,CDMP - Data Management Fundamentals Exam Questions (Z-Library),7,"Development of goals, principles and policies derived from the data governance strategy will not guide the organization into the desired future state.",A. True | B. False,B,False,B,False,verified,,"The statement is False. The cited DMBOK material defines or describes the concept in a way that does not support the wording in the question. Pay attention to the exact scope, qualifiers, and terminology used by DMBOK.","The development of goals, principles, and policies derived from the Data Governance Strategy will guide the organization into the desired future state.",83,86,"2.7 Develop Goals, Principles, and Policies",True
practice-test-1-q008,Practice Test 1,8,multiple-choice,Data Governance,Original 490,Original,CDMP - Data Management Fundamentals Exam Questions (Z-Library),8,Layers of data governance are often part of the solution. This means determining where accountability should reside for stewardship activities and who the owners of the data are.,A. True | B. False,A,True,A,True,verified,,"The statement is True. The cited DMBOK material defines or describes the concept in a way that supports the wording in the question. Pay attention to the exact scope, qualifiers, and terminology used by DMBOK.","This means determining where accountability should reside for stewardship activities, who owns the data, etc.",82,85,2.6 Define the Data Governance Operating Framework,True
practice-test-1-q009,Practice Test 1,9,multi-select,Data Governance,Original 490,Original,CDMP - Data Management Fundamentals Exam Questions (Z-Library),9,A change management program supporting formal data governance should focus communication on:,A. Promoting the value of data assets | B. Obtaining buy-in from all stakeholders | C. Implementing data management training | D. Monitoring the resistance | E. Implementing new metric and KPIs | F. Addressing all queries,A; C; E,Promoting the value of data assets; Implementing data management training; Implementing new metric and KPIs,A; C; E,Promoting the value of data assets; Implementing data management training; Implementing new metric and KPIs,verified,,"The correct selections match the elements, principles, activities, or examples associated with the concept on the cited DMBOK page(s). The remaining choices either introduce a different concept, reverse a condition, or fall outside the set being tested.",• Implementing data management training: Training at all levels of the organization increases awareness of data management best practices and processes. A change management program supporting formal Data Governance should focus communications on:,85,87; 88,2.9 Engage Change Management,True
practice-test-1-q010,Practice Test 1,10,multiple-choice,Data Governance,Original 490,Original,CDMP - Data Management Fundamentals Exam Questions (Z-Library),10,Measuring the effects of change management on in five key areas including: Awareness of the need to change; Desire to participate and support the change; Knowledge about how to change; Ability to implement new skills and behaviors; and Reinforcement to keep the change in place.,A. True | B. False,A,True,A,True,verified,,"The statement is True. The cited DMBOK material defines or describes the concept in a way that supports the wording in the question. Pay attention to the exact scope, qualifiers, and terminology used by DMBOK.",• Measuring the effects of change management on in five key areas:30 o Awareness of the need to change o Desire to participate and support the change o Knowledge about how to change o Ability to implement new skills and behaviors o Reinforcement to keep the change in place • Implementing new metrics and KPIs: Employee incentives should be realigned to…,85; 86,88,2.9 Engage Change Management,True
practice-test-1-q011,Practice Test 1,11,multi-select,Data Governance,Original 490,Original,CDMP - Data Management Fundamentals Exam Questions (Z-Library),11,"Issue management is the process for identifying, quantifying, prioritizing and resolving data governance related issues, including:",A. Authority | B. Compliance | C. Conflicts | D. Contracts | E. Data Efficiency | F. All of the above,A; B; C; D,Authority; Compliance; Conflicts; Contracts,A; B; C; D,Authority; Compliance; Conflicts; Contracts,verified,,"The correct selections match the elements, principles, activities, or examples associated with the concept on the cited DMBOK page(s). The remaining choices either introduce a different concept, reverse a condition, or fall outside the set being tested.","Issue management is the process of identifying, quantifying, prioritizing, and resolving Data Governance- related issues, including: • Authority: Questions regarding decision rights and procedures • Change management escalations: Issues arising from the change management process • Compliance: Issues with meeting compliance requirements • Conflicts:…",86,88,2.10 Engage in Issue Management,True
practice-test-1-q012,Practice Test 1,12,multiple-choice,Data Governance,Original 490,Original,CDMP - Data Management Fundamentals Exam Questions (Z-Library),12,"Data governance requires control mechanisms and procedures for, but not limited to, assignment and tracking of action items.",A. True | B. False,A,True,A,True,verified,,"The statement is True. The cited DMBOK material defines or describes the concept in a way that supports the wording in the question. Pay attention to the exact scope, qualifiers, and terminology used by DMBOK.","Figure 20 Data Issue Escalation Path Data Governance requires control mechanisms and procedures for: • Identifying, capturing, logging, tracking, and updating issues • Assignment and tracking of action items • Documenting stakeholder viewpoints and resolution alternatives • Determining, documenting, and communicating issue resolutions • Facilitating…",87,89,2.10 Engage in Issue Management,True
practice-test-1-q013,Practice Test 1,13,multiple-choice,Data Governance,Original 490,Original,CDMP - Data Management Fundamentals Exam Questions (Z-Library),13,"Data governance requires control mechanisms and procedures for, but not limited to, identifying, capturing, logging and updating actions.",A. True | B. False,B,False,B,False,verified,,"The statement is False. The cited DMBOK material defines or describes the concept in a way that does not support the wording in the question. Pay attention to the exact scope, qualifiers, and terminology used by DMBOK.","Figure 20 Data Issue Escalation Path Data Governance requires control mechanisms and procedures for: • Identifying, capturing, logging, tracking, and updating issues • Assignment and tracking of action items • Documenting stakeholder viewpoints and resolution alternatives • Determining, documenting, and communicating issue resolutions • Facilitating…",87,89,2.10 Engage in Issue Management,True
practice-test-1-q014,Practice Test 1,14,multi-select,Data Governance,Original 490,Original,CDMP - Data Management Fundamentals Exam Questions (Z-Library),14,Examples of concepts that can be standardized within the data architecture knowledge area include:,A. Data security standards | B. Enterprise data models | C. Tool standards | D. System naming conventions | E. Data quality rules | F. None of the above,B; C; D,Enterprise data models; Tool standards; System naming conventions,B; C; D,Enterprise data models; Tool standards; System naming conventions,verified,,"The correct selections match the elements, principles, activities, or examples associated with the concept on the cited DMBOK page(s). The remaining choices either introduce a different concept, reverse a condition, or fall outside the set being tested.","Examples of concepts that can be standardized within the Data Management Knowledge Areas include: • Data Architecture: Enterprise data models, tool standards, and system naming conventions • Data Modeling and Design: Data model management procedures, data modeling naming conventions, definition standards, standard domains, and standard abbreviations Data Architecture can often supply draft definitions and type breakouts from subject area models.",89,91; 92,2.13 Sponsor Data Standards and Procedures,True
practice-test-1-q015,Practice Test 1,15,multi-select,Data Governance,Original 490,Original,CDMP - Data Management Fundamentals Exam Questions (Z-Library),15,Sample value metrics for a data governance program include:,A. Achievements of goals and objectives | B. Effectiveness of communication | C. Effectiveness of education | D. Contributions to business objectives | E. Reduction of risk | F. Improved efficiency in operations,D; E; F,Contributions to business objectives; Reduction of risk; Improved efficiency in operations,D; E; F,Contributions to business objectives; Reduction of risk; Improved efficiency in operations,verified,,"The correct selections match the elements, principles, activities, or examples associated with the concept on the cited DMBOK page(s). The remaining choices either introduce a different concept, reverse a condition, or fall outside the set being tested.",Sample metrics include: • Value • Contributions to business objectives • Reduction of risk • Improved efficiency in operations • Effectiveness • Achievement of goals and objectives • Extent stewards are using the relevant tools • Effectiveness of communication • Effectiveness of education/training • Speed of change adoption • Sustainability • Performance of…,94,97,4.2 Adjustment and Communication,True
practice-test-1-q016,Practice Test 1,16,multi-select,Data Architecture,Original 490,Original,CDMP - Data Management Fundamentals Exam Questions (Z-Library),16,What data architecture designs represent should be clearly documented. Examples include:,A. Current | B. Preferred | C. Priority | D. Retirement | E. Emerging | F. All of the above,A; B; D; E,Current; Preferred; Retirement; Emerging,A; B; D; E,Current; Preferred; Retirement; Emerging,verified,,"The correct selections match the elements, principles, activities, or examples associated with the concept on the cited DMBOK page(s). The remaining choices either introduce a different concept, reverse a condition, or fall outside the set being tested.",What they represent should be clearly documented.,116,116,4.1 Lifecycle Projections,True
practice-test-1-q017,Practice Test 1,17,multi-select,Data Architecture,Original 490,Original,CDMP - Data Management Fundamentals Exam Questions (Z-Library),17,When constructing models and diagrams during formalisation of data architecture there are certain characteristics that minimise distractions and maximize useful information. Characteristics include:,A. A clear and consistent legend | B. A match between all diagram objects and the legend | C. A clear and consistent line direction | D. A consistent line across display methods | E. Consistent object attributes | F. Linear symmetry,A; B; C; D; E; F,A clear and consistent legend; A match between all diagram objects and the legend; A clear and consistent line direction; A consistent line across display methods; Consistent object attributes; Linear symmetry,A; B; C; D; E; F,A clear and consistent legend; A match between all diagram objects and the legend; A clear and consistent line direction; A consistent line across display methods; Consistent object attributes; Linear symmetry,verified,,"The correct selections match the elements, principles, activities, or examples associated with the concept on the cited DMBOK page(s). The remaining choices either introduce a different concept, reverse a condition, or fall outside the set being tested.",Characteristics that minimize distractions and maximize useful information include: • A clear and consistent legend: The legend should identify all objects and lines and what they signify.,116; 117,117,4.2 Diagramming Clarity,True
practice-test-1-q018,Practice Test 1,18,multiple-choice,Data Architecture,Original 490,Original,CDMP - Data Management Fundamentals Exam Questions (Z-Library),18,Enterprise data architecture influences the scope boundaries of project and system releases. An example of influence is data replication control.,A. True | B. False,A,True,A,True,verified,,"The statement is True. The cited DMBOK material defines or describes the concept in a way that supports the wording in the question. Pay attention to the exact scope, qualifiers, and terminology used by DMBOK.",Enterprise Data Architecture also influences the scope boundaries of projects and system releases: • Defining project data requirements: Data Architects provide enterprise data requirements for individual projects.,111,112,2.1 Establish Data Architecture Practice,True
practice-test-1-q019,Practice Test 1,19,multiple-choice,Data Architecture,Original 490,Original,CDMP - Data Management Fundamentals Exam Questions (Z-Library),19,Data flows map and document relationships between data and locations where global differences occur.,A. True | B. False,B,False,B,False,verified,,"The statement is False. The cited DMBOK material defines or describes the concept in a way that does not support the wording in the question. Pay attention to the exact scope, qualifiers, and terminology used by DMBOK.","Data flows map and document relationships between data and: • Applications within a business process • Data stores or databases in an environment • Network segments (useful for security mapping) • Business roles, depicting which roles have responsibility for creating, updating, using, and deleting data (CRUD) • Locations where local differences occur Data…",108,109,1.3.3.2 Data Flow Design,True
practice-test-1-q020,Practice Test 1,20,multi-select,Data Architecture,Original 490,Original,CDMP - Data Management Fundamentals Exam Questions (Z-Library),20,Examples of business processes when constructing data flow diagrams include:,A. Order Management | B. Invoicing | C. Customer | D. Sales order | E. Marketing & Sales | F. Product Development,A; B; E; F,Order Management; Invoicing; Marketing & Sales; Product Development,A; B; E; F,Order Management; Invoicing; Marketing & Sales; Product Development,verified,,"The correct selections match the elements, principles, activities, or examples associated with the concept on the cited DMBOK page(s). The remaining choices either introduce a different concept, reverse a condition, or fall outside the set being tested.",Figure 26 Data Flow Diagram Example Product Product Part Manufacturing Plant Customer Sales Item Assembly Structure Sales Order Production Order Individual Product Shipping Customer’s Invoice Product development Marketing & Sales Industrial preparation Order management Manufacturing Logistics Invoicing Create Read/use Major Entities Business Processes CRM…,108,110,1.3.3.2 Data Flow Design,True
practice-test-1-q021,Practice Test 1,21,multiple-choice,Data Architecture,Original 490,Original,CDMP - Data Management Fundamentals Exam Questions (Z-Library),21,Please select the option that correctly orders the models in decreasing level of detail:,"A. Subject Area model, Conceptual model, Logical model, Logical & Physical models for a project. | B. Conceptual model, Subject Area model, Logical model, Logical & Physical models for a project. | C. Conceptual model, Logical model, Subject Area model, Logical & Physical models for a project. | D. Logical model, Conceptual model, Subject Area model, Logical & Physical models for a project. | E. None of the above",B,"Conceptual model, Subject Area model, Logical model, Logical & Physical models for a project.",B,"Conceptual model, Subject Area model, Logical model, Logical & Physical models for a project.",verified,,"The correct option matches the DMBOK definition, relationship, or classification used on the cited page(s). The distractors either omit a required element, add an unsupported qualifier, or describe a neighboring concept rather than the one asked for.","For example, a table or file MobileDevice in a project-specific physical model may link to a 1 diagram: 12-20 significant business subject areas with relationships 1+ diagram per subject area: 50+ significant entities within subject area with relationships For each Subject Area Logical Model: Increase detail by adding attributes, and less-significant… MobileDevice entity in the project-specific logical model, a MobileDevice entity in the Product subject area in the Enterprise Logical Model, a Product conceptual entity in the Product Subject Area Model, and to the Product entity in the Enterprise Conceptual Model.",105; 106,107; 108,1.3.3.1 Enterprise Data Model,True
practice-test-1-q022,Practice Test 1,22,multi-select,Data Modelling and Design,Original 490,Original,CDMP - Data Management Fundamentals Exam Questions (Z-Library),22,The four main types of NoSQL databases are:,A. Document | B. Strategic | C. Key-value | D. Column-orientated | E. Row-orientated | F. Graph,A; C; D; F,Document; Key-value; Column-orientated; Graph,A; C; D; F,Document; Key-value; Column-orientated; Graph,verified,,"The correct selections match the elements, principles, activities, or examples associated with the concept on the cited DMBOK page(s). The remaining choices either introduce a different concept, reverse a condition, or fall outside the set being tested.","There are four main types of NoSQL databases: document, key-value, column-oriented, and graph.",143,142,1.3.4.6 NoSQL,True
practice-test-1-q023,Practice Test 1,23,multi-select,Data Modelling and Design,Original 490,Original,CDMP - Data Management Fundamentals Exam Questions (Z-Library),23,SPARC published their three-schema approach to database management. The three key components were:,A. Conceptual | B. Logical | C. Internal | D. Generic | E. External,A; C; E,Conceptual; Internal; External,A; C; E,Conceptual; Internal; External,verified,,"The correct selections match the elements, principles, activities, or examples associated with the concept on the cited DMBOK page(s). The remaining choices either introduce a different concept, reverse a condition, or fall outside the set being tested.","In 1975, the American National Standards Institute’s Standards Planning and Requirements Committee (SPARC) published their three-schema approach to database management.",144; 145,143,1.3.5 Data Model Levels of Detail,True
practice-test-1-q024,Practice Test 1,24,multiple-choice,Data Modelling and Design,Original 490,Original,CDMP - Data Management Fundamentals Exam Questions (Z-Library),24,"Within projects, conceptual data modelling and logical data modelling are part of requirements planning and analysis activities, while physical data modelling is a design activity.",A. True | B. False,A,True,A,True,verified,,"The statement is True. The cited DMBOK material defines or describes the concept in a way that supports the wording in the question. Pay attention to the exact scope, qualifiers, and terminology used by DMBOK.","Within projects, conceptual data modeling and logical data modeling are part of requirements planning and analysis activities, while physical data modeling is a design activity.",145,143,1.3.5 Data Model Levels of Detail,True
practice-test-1-q025,Practice Test 1,25,multiple-choice,Data Modelling and Design,Original 490,Original,CDMP - Data Management Fundamentals Exam Questions (Z-Library),25,Please select the correct name for the PDM abbreviation when referring to modelling.,A. Physical Data Model | B. Physical Dimension Model | C. Photo Data Model | D. Probabilistic Dimension Model | E. Photo Dimensional Model | F. None of the above,A,Physical Data Model,A,Physical Data Model,verified,,"The correct option matches the DMBOK definition, relationship, or classification used on the cited page(s). The distractors either omit a required element, add an unsupported qualifier, or describe a neighboring concept rather than the one asked for.","Figure 51 Dimensional Physical Data Model Figure 51 illustrates a dimensional physical data model (usually a star schema, meaning there is one structure for each dimension).",148,147,1.3.5.3.1 Canonical,True
practice-test-1-q026,Practice Test 1,26,multiple-choice,Data Modelling and Design,Original 490,Original,CDMP - Data Management Fundamentals Exam Questions (Z-Library),26,"A dimensional physical data model is usually a star schema, meaning there is one structure for each dimension.",A. True | B. False,A,True,A,True,verified,,"The statement is True. The cited DMBOK material defines or describes the concept in a way that supports the wording in the question. Pay attention to the exact scope, qualifiers, and terminology used by DMBOK.","Figure 51 illustrates a dimensional physical data model (usually a star schema, meaning there is one structure for each dimension). Figure 51 Dimensional Physical Data Model",148,147,1.3.5.3 Physical,True
practice-test-1-q027,Practice Test 1,27,multi-select,Data Modelling and Design,Original 490,Original,CDMP - Data Management Fundamentals Exam Questions (Z-Library),27,There are several reasons to denormalize data. The first is to improve performance by:,A. Making tables more readable when no foreign key exists | B. Combining data from multiple other tables in advance to avoid costly run-time joins | C. Creating smaller copies of data to reduce costly run-time calculations and/or table scans of large tables. | D. Pre-calculating and sorting costly data calculations to avoid run-time system resource competition. | E. All of the above | F. None of the above,B; C; D,Combining data from multiple other tables in advance to avoid costly run-time joins; Creating smaller copies of data to reduce costly run-time calculations and/or table scans of large tables.; Pre-calculating and sorting costly data calculations to avoid run-time system resource competition.,B; C; D,Combining data from multiple other tables in advance to avoid costly run-time joins; Creating smaller copies of data to reduce costly run-time calculations and/or table scans of large tables.; Pre-calculating and sorting costly data calculations to avoid run-time system resource competition.,verified,,"The correct selections match the elements, principles, activities, or examples associated with the concept on the cited DMBOK page(s). The remaining choices either introduce a different concept, reverse a condition, or fall outside the set being tested.","The first is to improve performance by: • Combining data from multiple other tables in advance to avoid costly run-time joins • Creating smaller, pre-filtered copies of data to reduce costly run-time calculations and/or table scans of large tables • Pre-calculating and storing costly data calculations to avoid run-time system resource competition…",150,148,1.3.5.3.4 Denormalization,True
practice-test-1-q028,Practice Test 1,28,multiple-choice,Data Modelling and Design,Original 490,Original,CDMP - Data Management Fundamentals Exam Questions (Z-Library),28,It is unwise to implement data quality checks to ensure that the copies of the attributes are correctly stored.,A. True | B. False,B,False,B,False,verified,,"The statement is False. The cited DMBOK material defines or describes the concept in a way that does not support the wording in the question. Pay attention to the exact scope, qualifiers, and terminology used by DMBOK.",It is good practice to implement Data Quality checks to ensure that the copies of the attributes are correctly stored.,150,148,1.3.5.3.4 Denormalization,True
practice-test-1-q029,Practice Test 1,29,multiple-choice,Data Modelling and Design,Original 490,Original,CDMP - Data Management Fundamentals Exam Questions (Z-Library),29,Normalisation is the process of applying rules in order to organise business complexity into stable data structures.,A. True | B. False,A,True,A,True,verified,,"The statement is True. The cited DMBOK material defines or describes the concept in a way that supports the wording in the question. Pay attention to the exact scope, qualifiers, and terminology used by DMBOK.",Normalization is the process of applying rules in order to organize business complexity into stable data structures.,150,149,1.3.6 Normalization,True
practice-test-1-q030,Practice Test 1,30,multi-select,Data Modelling and Design,Original 490,Original,CDMP - Data Management Fundamentals Exam Questions (Z-Library),30,The deliverables of the data modelling process include:,A. Diagram | B. Definitions | C. Roadmap | D. Issues and outstanding questions | E. Lineage | F. Assessments,A; B; D; E,Diagram; Definitions; Issues and outstanding questions; Lineage,A; B; D; E,Diagram; Definitions; Issues and outstanding questions; Lineage,verified,,"The correct selections match the elements, principles, activities, or examples associated with the concept on the cited DMBOK page(s). The remaining choices either introduce a different concept, reverse a condition, or fall outside the set being tested.","• Issues and outstanding questions: Frequently, the data modeling process raises issues and questions that may not be addressed during the data modeling phase. The deliverables of the data modeling process include: School University High School Student Application Contain Submit",152; 153,150; 151,2.1 Plan for Data Modeling,True
practice-test-1-q031,Practice Test 1,31,multiple-choice,Data Modelling and Design,Original 490,Original,CDMP - Data Management Fundamentals Exam Questions (Z-Library),31,"To build models, data modellers heavily rely on previous analysis and modelling work.",A. True | B. False,A,True,A,True,verified,,"The statement is True. The cited DMBOK material defines or describes the concept in a way that supports the wording in the question. Pay attention to the exact scope, qualifiers, and terminology used by DMBOK.","To build the models, modelers often rely heavily on previous analysis and modeling work.",153,151,2.2 Build the Data Model,True
practice-test-1-q032,Practice Test 1,32,multi-select,Data Modelling and Design,Original 490,Original,CDMP - Data Management Fundamentals Exam Questions (Z-Library),32,Creating the CDM involves the following steps:,A. Select Scheme | B. Select Notation | C. Complete Initial CDM | D. Incorporate Enterprise Technology | E. Obtain Sign-off | F. All of the above,F,All of the above,F,All of the above,verified,,"The correct selections match the elements, principles, activities, or examples associated with the concept on the cited DMBOK page(s). The remaining choices either introduce a different concept, reverse a condition, or fall outside the set being tested.","Creating the CDM involves the following steps: • Select Scheme: Decide whether the data model should be built following a relational, dimensional, fact-based, or NoSQL scheme.",153; 154,152,2.2.1.1 Conceptual Data Modeling,True
practice-test-1-q033,Practice Test 1,33,multiple-choice,Data Storage and Operations,Original 490,Original,CDMP - Data Management Fundamentals Exam Questions (Z-Library),33,Quality Assurance Testing (QA) is used to test functionality against requirements.,A. True | B. False,A,True,A,True,verified,,"The statement is True. The cited DMBOK material defines or describes the concept in a way that supports the wording in the question. Pay attention to the exact scope, qualifiers, and terminology used by DMBOK.",Test environments serve many uses: • Quality Assurance Testing (QA): Used to test functionality against requirements.,183,179,1.3.7.2.2 Test,True
practice-test-1-q034,Practice Test 1,34,multi-select,Data Storage and Operations,Original 490,Original,CDMP - Data Management Fundamentals Exam Questions (Z-Library),34,Databases are categorized in three general ways:,A. Hierarchical | B. Non-relational | C. Warped | D. Accessible | E. Relational | F. None of the above,A; B; E,Hierarchical; Non-relational; Relational,A; B; E,Hierarchical; Non-relational; Relational,verified,,"The correct selections match the elements, principles, activities, or examples associated with the concept on the cited DMBOK page(s). The remaining choices either introduce a different concept, reverse a condition, or fall outside the set being tested.","Databases are organized in three general ways: Hierarchical, Relational, and Non-Relational.",184,179,1.3.8 Database Organization,True
practice-test-1-q035,Practice Test 1,35,multiple-choice,Data Storage and Operations,Original 490,Original,CDMP - Data Management Fundamentals Exam Questions (Z-Library),35,Hierarchical database model is the newest database model,A. True | B. False,B,False,B,False,verified,,"The statement is False. The cited DMBOK material defines or describes the concept in a way that does not support the wording in the question. Pay attention to the exact scope, qualifiers, and terminology used by DMBOK.","Hierarchical database organization is the oldest database model, used in early mainframe DBMS, and is the most rigid of structures.",184,180,1.3.8.1 Hierarchical,True
practice-test-1-q036,Practice Test 1,36,multiple-choice,Data Storage and Operations,Original 490,Original,CDMP - Data Management Fundamentals Exam Questions (Z-Library),36,Access to data for Multidimensional databases use a variant of SQL called MDX or Multidimensional eXpression.,A. True | B. False,A,True,A,True,verified,,"The statement is True. The cited DMBOK material defines or describes the concept in a way that supports the wording in the question. Pay attention to the exact scope, qualifiers, and terminology used by DMBOK.",Access to the data uses a variant of SQL called MDX or Multidimensional eXpression.,185,180,1.3.8.2.1 Multidimensional,True
practice-test-1-q037,Practice Test 1,37,multi-select,Data Storage and Operations,Original 490,Original,CDMP - Data Management Fundamentals Exam Questions (Z-Library),37,Temporal aspects usually include:,A. Value time | B. Valid time | C. Transmitting time | D. Transaction time,B; D,Valid time; Transaction time,B; D,Valid time; Transaction time,verified,,"The correct selections match the elements, principles, activities, or examples associated with the concept on the cited DMBOK page(s). The remaining choices either introduce a different concept, reverse a condition, or fall outside the set being tested.",The temporal aspects usually include valid time and transaction time.,185,181,1.3.8.2.2 Temporal,True
practice-test-1-q038,Practice Test 1,38,multiple-choice,Data Storage and Operations,Original 490,Original,CDMP - Data Management Fundamentals Exam Questions (Z-Library),38,"In Resource Description Framework (RDF) terminology, a triple store is composed of a subject that denotes a resource, the predicate that expresses a relationship between the subject and the object, and the object itself.",A. True | B. False,A,True,A,True,verified,,"The statement is True. The cited DMBOK material defines or describes the concept in a way that supports the wording in the question. Pay attention to the exact scope, qualifiers, and terminology used by DMBOK.","In Resource Description Framework (RDF) terminology, a triplestore is composed of a subject that denotes a resource, the predicate that expresses a relationship between the subject and the object, and the object itself.",188,183,1.3.8.3.6 Triplestore,True
practice-test-1-q039,Practice Test 1,39,multiple-choice,Data Security,Original 490,Original,CDMP - Data Management Fundamentals Exam Questions (Z-Library),39,Security Risks include elements that can compromise a network and/or database.,A. True | B. False,A,True,A,True,verified,,"The statement is True. The cited DMBOK material defines or describes the concept in a way that supports the wording in the question. Pay attention to the exact scope, qualifiers, and terminology used by DMBOK.",Security risks include elements that can compromise a network and/or database.,250,240,2.3.4 Assess Current Security Risks,True
practice-test-1-q040,Practice Test 1,40,multi-select,Data Security,Original 490,Original,CDMP - Data Management Fundamentals Exam Questions (Z-Library),40,When assessing security risks it is required to evaluate each system for the following:,A. The complexity of the data stored or in transit | B. The sensitivity of the data stored or in transit | C. The requirements to protect the data | D. The current security protections in place | E. All of the above | F. None of the above,B; C; D,The sensitivity of the data stored or in transit; The requirements to protect the data; The current security protections in place,B; C; D,The sensitivity of the data stored or in transit; The requirements to protect the data; The current security protections in place,verified,,"The correct selections match the elements, principles, activities, or examples associated with the concept on the cited DMBOK page(s). The remaining choices either introduce a different concept, reverse a condition, or fall outside the set being tested.","Evaluate each system for the following: • The sensitivity of the data stored or in transit • The requirements to protect that data, and • The current security protections in place",250; 251,240,2.3.4 Assess Current Security Risks,True
practice-test-1-q041,Practice Test 1,41,multiple-choice,Data Security,Original 490,Original,CDMP - Data Management Fundamentals Exam Questions (Z-Library),41,Controlling data availability requires management of user entitlements and of structures that technically control access based on entitlements.,A. True | B. False,A,True,A,True,verified,,"The statement is True. The cited DMBOK material defines or describes the concept in a way that supports the wording in the question. Pay attention to the exact scope, qualifiers, and terminology used by DMBOK.","Controlling data availability requires management of user entitlements and of the structures (data masking, view creation, etc.) that technically control access based on entitlements.",253,243,2.3.5.3.1 Control Data Availability / Data-centric Security,True
practice-test-1-q042,Practice Test 1,42,multiple-choice,Data Security,Original 490,Original,CDMP - Data Management Fundamentals Exam Questions (Z-Library),42,"Lack of automated monitoring represents serious risks, including compliance risk.",A. True | B. False,B,False,B,False,verified,,"The statement is False. The cited DMBOK material defines or describes the concept in a way that does not support the wording in the question. Pay attention to the exact scope, qualifiers, and terminology used by DMBOK.",Lack of automated monitoring represents serious risks: • Regulatory risk: Organizations with weak database audit mechanisms will increasingly find that they are at odds with government regulatory requirements.,254,243,2.3.5.3.2 Monitor User Authentication and Access Behavior,True
practice-test-1-q043,Practice Test 1,43,multi-select,Data Security,Original 490,Original,CDMP - Data Management Fundamentals Exam Questions (Z-Library),43,"To mitigate risks, implement a network-based audit appliance, which can address most of the weaknesses associated with the native audit tools. This kind of appliance has the following benefits:",A. High performance | B. Separation of duties | C. Granular transaction tracking | D. Transaction time,A; B; C,High performance; Separation of duties; Granular transaction tracking,A; B; C,High performance; Separation of duties; Granular transaction tracking,verified,,"The correct selections match the elements, principles, activities, or examples associated with the concept on the cited DMBOK page(s). The remaining choices either introduce a different concept, reverse a condition, or fall outside the set being tested.","To mitigate the risks, implement a network-based audit appliance, which can address most of the weaknesses associated with native audit tools but does not take the place of regular audits by trained auditors.",254; 255,244,2.3.5.3.2 Monitor User Authentication and Access Behavior,True
practice-test-1-q044,Practice Test 1,44,multiple-choice,Data Security,Original 490,Original,CDMP - Data Management Fundamentals Exam Questions (Z-Library),44,"Data security internal audits, which ensure data security and regulatory compliance policies are followed, should be conducted regularly and consistently.",A. True | B. False,A,True,A,True,verified,,"The statement is True. The cited DMBOK material defines or describes the concept in a way that supports the wording in the question. Pay attention to the exact scope, qualifiers, and terminology used by DMBOK.",Internal audits of activities to ensure data security and regulatory compliance policies are followed should be conducted regularly and consistently.,255,245,2.3.5.4.2 Audit Data Security and Compliance Activities,True
practice-test-1-q045,Practice Test 1,45,multiple-choice,Data Integration and Interoperability,Original 490,Original,CDMP - Data Management Fundamentals Exam Questions (Z-Library),45,An organization will create and uncover valuable Metadata during the process of developing Data Integration and Interoperability solutions.,A. True | B. False,A,True,A,True,verified,,"The statement is True. The cited DMBOK material defines or describes the concept in a way that supports the wording in the question. Pay attention to the exact scope, qualifiers, and terminology used by DMBOK.",C H A P T E R 8 Data Integration and Interoperability,293,257,Data Integration and Interoperability,True
practice-test-1-q046,Practice Test 1,46,multi-select,Data Integration and Interoperability,Original 490,Original,CDMP - Data Management Fundamentals Exam Questions (Z-Library),46,"A Metadata repository contains information about the data in an organization, including:",A. Hierarchical | B. Data structure | C. Warped | D. Content | E. Business rules for managing data | F. None of the above,B; D; E,Data structure; Content; Business rules for managing data,B; D; E,Data structure; Content; Business rules for managing data,verified,,"The correct selections match the elements, principles, activities, or examples associated with the concept on the cited DMBOK page(s). The remaining choices either introduce a different concept, reverse a condition, or fall outside the set being tested.","A Metadata repository contains information about the data in an organization, including data structure, content, and the business rules for managing the data.",296,282,3.7 Metadata Repository,True
practice-test-1-q047,Practice Test 1,47,multiple-choice,Data Integration and Interoperability,Original 490,Original,CDMP - Data Management Fundamentals Exam Questions (Z-Library),47,Data lineage is useful to the development of the data governance strategy.,A. True | B. False,B,False,B,False,verified,,"The statement is False. The cited DMBOK material defines or describes the concept in a way that does not support the wording in the question. Pay attention to the exact scope, qualifiers, and terminology used by DMBOK.",Data lineage is useful to the development of DII solutions.,298,285,6.2 DII and Data Lineage,True
practice-test-1-q048,Practice Test 1,48,multiple-choice,Data Integration and Interoperability,Original 490,Original,CDMP - Data Management Fundamentals Exam Questions (Z-Library),48,Orchestration is the term used to describe how multiple processes are organized and executed in a system.,A. True | B. False,A,True,A,True,verified,,"The statement is True. The cited DMBOK material defines or describes the concept in a way that supports the wording in the question. Pay attention to the exact scope, qualifiers, and terminology used by DMBOK.",Orchestration is the term used to describe how multiple processes are organized and executed in a system.,282,269,1.3.7.2 Orchestration and Process Controls,True
practice-test-1-q049,Practice Test 1,49,multi-select,Data Integration and Interoperability,Original 490,Original,CDMP - Data Management Fundamentals Exam Questions (Z-Library),49,Possible application coupling designs include:,A. Value coupling | B. Relaxed coupling | C. Tight coupling | D. Loose coupling,C; D,Tight coupling; Loose coupling,C; D,Tight coupling; Loose coupling,verified,,"The correct selections match the elements, principles, activities, or examples associated with the concept on the cited DMBOK page(s). The remaining choices either introduce a different concept, reverse a condition, or fall outside the set being tested.",Data stores are updated only by their Process A Process B Process A Process B Service Tight Coupling Loose Coupling API API Figure 69 illustrates a possible loose coupling design.,282,269,1.3.7.3 Enterprise Application Integration (EAI),True
practice-test-1-q050,Practice Test 1,50,multiple-choice,Data Integration and Interoperability,Original 490,Original,CDMP - Data Management Fundamentals Exam Questions (Z-Library),50,Coupling describes the degree to which two systems are intertwined.,A. True | B. False,A,True,A,True,verified,,"The statement is True. The cited DMBOK material defines or describes the concept in a way that supports the wording in the question. Pay attention to the exact scope, qualifiers, and terminology used by DMBOK.",Coupling describes the degree to which two systems are entwined.,281,268,1.3.7.1 Application Coupling,True
practice-test-1-q051,Practice Test 1,51,multiple-choice,Document and content management,Original 490,Original,CDMP - Data Management Fundamentals Exam Questions (Z-Library),51,"JSON is an open, lightweight standard format for data interchange.",A. True | B. False,A,True,A,True,verified,,"The statement is True. The cited DMBOK material defines or describes the concept in a way that supports the wording in the question. Pay attention to the exact scope, qualifiers, and terminology used by DMBOK.","JSON (JavaScript Object Notation) is an open, lightweight standard format for data interchange.",334,317,3.4.2 JSON,True
practice-test-1-q052,Practice Test 1,52,multi-select,Document and content management,Original 490,Original,CDMP - Data Management Fundamentals Exam Questions (Z-Library),52,"Defining quality content requires understanding the context of its production and use, including:",A. Timing | B. Producers | C. Consumers | D. Delivery | E. Format | F. None of the above,A; B; C; D; E,Timing; Producers; Consumers; Delivery; Format,A; B; C; D; E,Timing; Producers; Consumers; Delivery; Format,verified,,"The correct selections match the elements, principles, activities, or examples associated with the concept on the cited DMBOK page(s). The remaining choices either introduce a different concept, reverse a condition, or fall outside the set being tested.",Defining quality content requires understanding the context of its production and use.,342,324,6.3 Govern for Quality Content,True
practice-test-1-q053,Practice Test 1,53,multiple-choice,Document and content management,Original 490,Original,CDMP - Data Management Fundamentals Exam Questions (Z-Library),53,One common KPI of e-discovery is cost reduction.,A. True | B. False,A,True,A,True,verified,,"The statement is True. The cited DMBOK material defines or describes the concept in a way that supports the wording in the question. Pay attention to the exact scope, qualifiers, and terminology used by DMBOK.",One common KPI of e-discovery is cost reduction.,343,325,6.4.2 E-discovery,True
practice-test-1-q054,Practice Test 1,54,multiple-choice,Document and content management,Original 490,Original,CDMP - Data Management Fundamentals Exam Questions (Z-Library),54,XML is the abbreviation for standard mark-up language.,A. True | B. False,B,False,B,False,verified,,"The statement is False. The cited DMBOK material defines or describes the concept in a way that does not support the wording in the question. Pay attention to the exact scope, qualifiers, and terminology used by DMBOK.","XML requires translating the structure of the data into a document structure for data exchange. JSON (JavaScript Object Notation) is an open, lightweight standard format for data interchange.",334,316; 317,3.4.1 XML,True
practice-test-1-q055,Practice Test 1,55,multi-select,Document and content management,Original 490,Original,CDMP - Data Management Fundamentals Exam Questions (Z-Library),55,ANSI 859 recommends taking into account the following criteria when determining which control level applies to a data asset:,"A. Consequences of change to the enterprise or project | B. Project impact, if change will have significant cost or schedule consequences | C. Cost of providing and updating the asset | D. Need to reuse the asset or earlier versions of the assets",A; B; C; D,"Consequences of change to the enterprise or project; Project impact, if change will have significant cost or schedule consequences; Cost of providing and updating the asset; Need to reuse the asset or earlier versions of the assets",A; B; C; D,"Consequences of change to the enterprise or project; Project impact, if change will have significant cost or schedule consequences; Cost of providing and updating the asset; Need to reuse the asset or earlier versions of the assets",verified,,"The correct selections match the elements, principles, activities, or examples associated with the concept on the cited DMBOK page(s). The remaining choices either introduce a different concept, reverse a condition, or fall outside the set being tested.","ANSI 859 recommends taking into account the following criteria when determining which control level applies to a data asset: • Cost of providing and updating the asset • Project impact, if changes will have significant cost or schedule consequences • Other consequences of change to the enterprise or project • Need to reuse the asset or earlier versions of…",327,310,2.2.2 Manage Versioning and Control,True
practice-test-1-q056,Practice Test 1,56,multiple-choice,Document and content management,Original 490,Original,CDMP - Data Management Fundamentals Exam Questions (Z-Library),56,"Resource Description Framework (RDF), a common framework used to describe information about any Web resource, is a standard model for data interchange in the Web.",A. True | B. False,A,True,A,True,verified,,"The statement is True. The cited DMBOK material defines or describes the concept in a way that supports the wording in the question. Pay attention to the exact scope, qualifiers, and terminology used by DMBOK.","Resource Description Framework (RDF), a common framework used to describe information about any Web resource, is a standard model for data interchange on the Web. 52 W3C, “Resource Description Framework (RDF),” http://bit.ly/1k9btZQ.",335,317; 318,3.4.3 RDF and Related W3C Specifications,True
practice-test-1-q057,Practice Test 1,57,multi-select,Reference and master data,Original 490,Original,CDMP - Data Management Fundamentals Exam Questions (Z-Library),57,Managing business party Master Data poses these unique challenges:,A. Difficulties in unique identification | B. Difficulties in unique dimensions | C. The number of data sources and the differences between them | D. Reference data anomaly detection,A; C; D,Difficulties in unique identification; The number of data sources and the differences between them; Reference data anomaly detection,A; C; D,Difficulties in unique identification; The number of data sources and the differences between them; Reference data anomaly detection,verified,,"The correct selections match the elements, principles, activities, or examples associated with the concept on the cited DMBOK page(s). The remaining choices either introduce a different concept, reverse a condition, or fall outside the set being tested.","Regardless of industry or focus, managing business party Master Data poses unique challenges: • The complexity of roles and relationships played by individuals and organizations • Difficulties in unique identification • The number of data sources and the differences between them • The multiple mobile and social communications channels • The importance of…",366,347,1.3.3.5 Party Master Data,True
practice-test-1-q058,Practice Test 1,58,multi-select,Reference and master data,Original 490,Original,CDMP - Data Management Fundamentals Exam Questions (Z-Library),58,Different types of product Master Data solutions include:,A. Product Data in Enterprise Resource Planning (ERP) | B. Product data in Manufacturing Execution Systems (MES) | C. Product Lifecycle Management (PLM) | D. People Lifecycle Product Management (PLPM) | E. None of the above,A; B; C,Product Data in Enterprise Resource Planning (ERP); Product data in Manufacturing Execution Systems (MES); Product Lifecycle Management (PLM),A; B; C,Product Data in Enterprise Resource Planning (ERP); Product data in Manufacturing Execution Systems (MES); Product Lifecycle Management (PLM),verified,,"The correct selections match the elements, principles, activities, or examples associated with the concept on the cited DMBOK page(s). The remaining choices either introduce a different concept, reverse a condition, or fall outside the set being tested.",Different types of product Master Data solutions support different business functions.,367; 368,348,1.3.3.8 Product Master Data,True
practice-test-1-q059,Practice Test 1,59,multiple-choice,Reference and master data,Original 490,Original,CDMP - Data Management Fundamentals Exam Questions (Z-Library),59,"Location Master Data includes business party addresses and business party location, as well as facility addresses for locations owned by organizations.",A. True | B. False,A,True,A,True,verified,,"The statement is True. The cited DMBOK material defines or describes the concept in a way that supports the wording in the question. Pay attention to the exact scope, qualifiers, and terminology used by DMBOK.","• Location Master Data includes business party addresses and business party location, as well as facility addresses for locations owned by the organization.",368,348,1.3.3.9 Location Master Data,True
practice-test-1-q060,Practice Test 1,60,multi-select,Reference and master data,Original 490,Original,CDMP - Data Management Fundamentals Exam Questions (Z-Library),60,"There are three basic approaches to implementing a Master Data hub environment, including:",A. Transaction hub | B. Compliance hub | C. Consolidated hub | D. Emotions hub | E. Location hub | F. Registry,A; C; F,Transaction hub; Consolidated hub; Registry,A; C; F,Transaction hub; Consolidated hub; Registry,verified,,"The correct selections match the elements, principles, activities, or examples associated with the concept on the cited DMBOK page(s). The remaining choices either introduce a different concept, reverse a condition, or fall outside the set being tested.",Figure 77 Master Data Sharing Architecture Example Each of the three basic approaches to implementing a Master Data hub environment has pros and cons: • A Registry is an index that points to Master Data in the various systems of record. There are several basic architectural approaches to reference and Master Data integration.,369; 370,349; 350,1.3.4 Data Sharing Architecture,True
practice-test-1-q061,Practice Test 1,61,multiple-choice,Reference and master data,Original 490,Original,CDMP - Data Management Fundamentals Exam Questions (Z-Library),61,All organizations have the same Master Data Management Drivers and obstacles.,A. True | B. False,B,False,B,False,verified,,"The statement is False. The cited DMBOK material defines or describes the concept in a way that does not support the wording in the question. Pay attention to the exact scope, qualifiers, and terminology used by DMBOK.",Prioritize Master Data efforts based on cost / benefit of proposed improvements and on the relative complexity of the Master Data subject area.,371,351,2.1.1 Define MDM Drivers and Requirements,True
practice-test-1-q062,Practice Test 1,62,multi-select,Reference and master data,Original 490,Original,CDMP - Data Management Fundamentals Exam Questions (Z-Library),62,Type of Reference Data Changes include:,A. Creation of new Reference Data sets | B. Business model changes on column level | C. Row level changes to internal Reference Data sets | D. Row level changes to external Reference Data sets | E. Structural changes to external Reference Data sets | F. None of the above,A; C; D; E,Creation of new Reference Data sets; Row level changes to internal Reference Data sets; Row level changes to external Reference Data sets; Structural changes to external Reference Data sets,A; C; D; E,Creation of new Reference Data sets; Row level changes to internal Reference Data sets; Row level changes to external Reference Data sets; Structural changes to external Reference Data sets,verified,,"The correct selections match the elements, principles, activities, or examples associated with the concept on the cited DMBOK page(s). The remaining choices either introduce a different concept, reverse a condition, or fall outside the set being tested.",Types of changes include: • Row level changes to external Reference Data sets • Structural changes to external Reference Data sets • Row level changes to internal Reference Data sets • Structural changes to internal Reference Data sets • Creation of new Reference Data sets Changes can be planned / scheduled or ad hoc.,377,357,4.3 Manage Reference Data Change,True
practice-test-1-q063,Practice Test 1,63,multiple-choice,Reference and master data,Original 490,Original,CDMP - Data Management Fundamentals Exam Questions (Z-Library),63,Sharing and using Reference and Master Data requires collaboration between multiple parties internal to the organization and sometimes with parties external to it.,A. True | B. False,B,False,B,False,verified,,"The statement is False. The cited DMBOK material defines or describes the concept in a way that does not support the wording in the question. Pay attention to the exact scope, qualifiers, and terminology used by DMBOK.",Sharing and using Reference and Master Data across an organization requires collaboration between multiple parties internal to the organization and sometimes with parties external to it.,377,357,4.4 Data Sharing Agreements,True
practice-test-1-q064,Practice Test 1,64,multiple-choice,Reference and master data,Original 490,Original,CDMP - Data Management Fundamentals Exam Questions (Z-Library),64,Those responsible for the data-sharing environment have an obligation to downstream data consumers to provide high quality data.,A. True | B. False,A,True,A,True,verified,,"The statement is True. The cited DMBOK material defines or describes the concept in a way that supports the wording in the question. Pay attention to the exact scope, qualifiers, and terminology used by DMBOK.",Those responsible for the data-sharing environment have an obligation to downstream data consumers to provide high quality data.,377,357,4.4 Data Sharing Agreements,True
practice-test-1-q065,Practice Test 1,65,multi-select,Reference and master data,Original 490,Original,CDMP - Data Management Fundamentals Exam Questions (Z-Library),65,Metrics tied to Reference and Master Data Quality include:,A. Service level agreements | B. Data sharing volume and usage | C. Implementing data management training | D. Data steward coverage | E. Data ingestion and consumption | F. Addressing all queries,A; B; D; E,Service level agreements; Data sharing volume and usage; Data steward coverage; Data ingestion and consumption,A; B; D; E,Service level agreements; Data sharing volume and usage; Data steward coverage; Data ingestion and consumption,verified,,"The correct selections match the elements, principles, activities, or examples associated with the concept on the cited DMBOK page(s). The remaining choices either introduce a different concept, reverse a condition, or fall outside the set being tested.",• Data sharing volume and usage: Data ingestion and consumption volumes need to be tracked to determine the effectiveness of the data-sharing environment.,379,359,6.1 Metrics,True
practice-test-1-q066,Practice Test 1,66,multiple-choice,Reference and master data,Original 490,Original,CDMP - Data Management Fundamentals Exam Questions (Z-Library),66,"In the Data Warehousing and Business Intelligence Context Diagram, a primary deliverable is the DW and BI Architecture.",A. True | B. False,A,True,A,True,verified,,"The statement is True. The cited DMBOK material defines or describes the concept in a way that supports the wording in the question. Pay attention to the exact scope, qualifiers, and terminology used by DMBOK.",Data Warehousing & Business Intelligence Reference & Master Data Document & Content Management Data Integration & Interoperability Data Security Data Storage & Operations Data Modeling & Design Data Architecture Data Quality Metadata Data Governance DAMA-DMBOK2 Data Management Framework Copyright © 2017 by DAMA International I Figure 75 Context Diagram: Reference and Master Data Definition: Managing reconciled and integrated data through stewardship and semantic consistency in support of enterprise-wide needs to share its data assets.,382,329; 330,Reference and master data,True
practice-test-1-q067,Practice Test 1,67,multi-select,Data warehouse and business intelligence,Original 490,Original,CDMP - Data Management Fundamentals Exam Questions (Z-Library),67,"The implementation of a Data Warehouse should follow guiding principles, including:",A. Collaborate | B. One size does not fit all | C. Focus on the business goals | D. Contracts | E. Data Efficiency | F. Start with the end in mind,A; B; C; F,Collaborate; One size does not fit all; Focus on the business goals; Start with the end in mind,A; B; C; F,Collaborate; One size does not fit all; Focus on the business goals; Start with the end in mind,verified,,"The correct selections match the elements, principles, activities, or examples associated with the concept on the cited DMBOK page(s). The remaining choices either introduce a different concept, reverse a condition, or fall outside the set being tested.",Organizations implement data warehouses in order to: • Support Business Intelligence activity • Enable effective business analysis and decision-making • Find ways to innovate based on insights from their data The implementation of a Data Warehouse should follow these guiding principles: • Focus on business goals: Make sure DW serves organizational… • One size does not fit all: Use the right tools and products for each group of data consumers.,383; 384,363; 364,1.2 Goals and Principles,True
practice-test-1-q068,Practice Test 1,68,multiple-choice,Data warehouse and business intelligence,Original 490,Original,CDMP - Data Management Fundamentals Exam Questions (Z-Library),68,"The Data Warehouse (DW) is a combination of three primary components: An integrated decision support database, related software programs and business intelligence reports.",A. True | B. False,B,False,B,False,verified,,"The statement is False. The cited DMBOK material defines or describes the concept in a way that does not support the wording in the question. Pay attention to the exact scope, qualifiers, and terminology used by DMBOK.","A Data Warehouse (DW) is a combination of two primary components: An integrated decision support database and the related software programs used to collect, cleanse, transform, and store data from a variety of operational and external sources.",384,364,1.3.2 Data Warehouse,True
practice-test-1-q069,Practice Test 1,69,multiple-choice,Data warehouse and business intelligence,Original 490,Original,CDMP - Data Management Fundamentals Exam Questions (Z-Library),69,"Data Warehouse describes the operational extract, cleansing, transformation, control and load processes that maintain the data in a data warehouse.",A. True | B. False,A,True,A,True,verified,,"The statement is True. The cited DMBOK material defines or describes the concept in a way that supports the wording in the question. Pay attention to the exact scope, qualifiers, and terminology used by DMBOK.","Data Warehousing describes the operational extract, cleansing, transformation, control, and load processes that maintain the data in a data warehouse.",385,364,1.3.3 Data Warehousing,True
practice-test-1-q070,Practice Test 1,70,multi-select,Data warehouse and business intelligence,Original 490,Original,CDMP - Data Management Fundamentals Exam Questions (Z-Library),70,Elements that point to differences between warehouses and operational systems include:,A. Data security standards | B. Integrated | C. Subject-orientated | D. Historical | E. Data quality | F. Non-volatile,B; C; D; E,Integrated; Subject-orientated; Historical; Data quality,B; C; D; E,Integrated; Subject-orientated; Historical; Data quality,verified,,"The correct selections match the elements, principles, activities, or examples associated with the concept on the cited DMBOK page(s). The remaining choices either introduce a different concept, reverse a condition, or fall outside the set being tested.","The component parts of Inmon’s definition of a data warehouse, “a subject oriented, integrated, time variant, and nonvolatile collection of summary and detailed historical data,” describe the concepts that support the CIF and point to the differences between warehouses and operational systems.",386,365,1.3.5 Corporate Information Factory (Inmon),True
practice-test-1-q071,Practice Test 1,71,multi-select,Data warehouse and business intelligence,Original 490,Original,CDMP - Data Management Fundamentals Exam Questions (Z-Library),71,Corporate Information Factory (CIF) components include:,A. Objectives | B. Data marts | C. Staging Area | D. Contributions to business objectives | E. Reduction of risk | F. Operational Reports,B; C; F,Data marts; Staging Area; Operational Reports,B; C; F,Data marts; Staging Area; Operational Reports,verified,,"The correct selections match the elements, principles, activities, or examples associated with the concept on the cited DMBOK page(s). The remaining choices either introduce a different concept, reverse a condition, or fall outside the set being tested.",Figure 80 The Corporate Information Factory Reference Data DM DM DM DW Op DM ODS App App App App Analysis Historical Reference Data Operational Reports (per App) Operational Reports (integrated) Integration & Transformation Raw Detailed Data Exploratory Analysis Operational Analysis Applications Data Marts CIF components include: • Applications: Applications perform operational processes.,386; 387,366; 367,1.3.5 Corporate Information Factory (Inmon),True
practice-test-1-q072,Practice Test 1,72,multi-select,Data warehouse and business intelligence,Original 490,Original,CDMP - Data Management Fundamentals Exam Questions (Z-Library),72,"The DW encompasses all components in the data staging and data presentation areas, including:",A. Operational source system | B. Technology source system | C. Data staging area | D. Data presentation area | E. Data access tools | F. All of the above,A; C; D; E,Operational source system; Data staging area; Data presentation area; Data access tools,A; C; D; E,Operational source system; Data staging area; Data presentation area; Data access tools,verified,,"The correct selections match the elements, principles, activities, or examples associated with the concept on the cited DMBOK page(s). The remaining choices either introduce a different concept, reverse a condition, or fall outside the set being tested.",• Data staging area: Kimball’s staging includes the set of processes needed to integrate and transform data for presentation. Operational Source Systems Data Staging Area Data Presentation Area Data Access Tools Extract Extract Extract Extract Load Load Load Load Data Mart #1 Data Mart #2 Data Mart #N Access Access Access Access SERVICES:  Clean  Combine  Standardize  Conform Dimensions REPORT WRITERS ANALYTICAL APPLICATIONS MODELS: Forecasting Scoring Data Mining AD-HOC…,389,369,1.3.6 Dimensional DW (Kimball),True
practice-test-1-q073,Practice Test 1,73,multi-select,Data warehouse and business intelligence,Original 490,Original,CDMP - Data Management Fundamentals Exam Questions (Z-Library),73,"The warehouse has a set of storage areas, including:",A. Operational data store (ODS) | B. Data marts | C. Cubes | D. Staging area | E. Consistent object attributes | F. Central warehouse,A; B; C; D; F,Operational data store (ODS); Data marts; Cubes; Staging area; Central warehouse,A; B; C; D; F,Operational data store (ODS); Data marts; Cubes; Staging area; Central warehouse,verified,,"The correct selections match the elements, principles, activities, or examples associated with the concept on the cited DMBOK page(s). The remaining choices either introduce a different concept, reverse a condition, or fall outside the set being tested.",The warehouse has a set of storage areas: • Staging area: A staging area is an intermediate data store between an original data source and the centralized data repository. Figure 82 Conceptual DW/BI and Big Data Architecture © DATALEADERS.ORG Report Interact Compare Evaluate Predict Learn Data Visualization DaaS Big Data Results MDM Reference & Master Data Conformed Dimensions Data Warehouse Data Mastering Data Quality Intervention Enrichment & Augmentation Sources BI Conceptual DW/BI and Big Data Architecture Application…,391; 392,370; 371,1.3.7.3 Data Storage Areas,True
practice-test-1-q074,Practice Test 1,74,multiple-choice,Data warehouse and business intelligence,Original 490,Original,CDMP - Data Management Fundamentals Exam Questions (Z-Library),74,Data warehouses are often loaded and serviced by a nightly batch window.,A. True | B. False,A,True,A,True,verified,,"The statement is True. The cited DMBOK material defines or describes the concept in a way that supports the wording in the question. Pay attention to the exact scope, qualifiers, and terminology used by DMBOK.",Data Warehouses are often loaded daily and serviced by a nightly batch window.,393,372,1.3.8.2 Batch Change Data Capture,True
practice-test-1-q075,Practice Test 1,75,multiple-choice,Data warehouse and business intelligence,Original 490,Original,CDMP - Data Management Fundamentals Exam Questions (Z-Library),75,"In gathering requirements for DW/BI projects, begin with the data goals and strategies first.",A. True | B. False,B,False,B,False,verified,,"The statement is False. The cited DMBOK material defines or describes the concept in a way that does not support the wording in the question. Pay attention to the exact scope, qualifiers, and terminology used by DMBOK.","In gathering requirements for DW/BI projects, begin with business goals and strategy.",395,374,2.1 Understand Requirements,True
practice-test-1-q076,Practice Test 1,76,multi-select,Metadata management,Original 490,Original,CDMP - Data Management Fundamentals Exam Questions (Z-Library),76,Metadata management solutions include architectural layers including:,A. Metadata delivery | B. Metadata integration | C. Metadata usage | D. Metadata Sales | E. Metadata Marketing | F. Metadata control and management,A; B; C; F,Metadata delivery; Metadata integration; Metadata usage; Metadata control and management,A; B; C; F,Metadata delivery; Metadata integration; Metadata usage; Metadata control and management,verified,,"The correct selections match the elements, principles, activities, or examples associated with the concept on the cited DMBOK page(s). The remaining choices either introduce a different concept, reverse a condition, or fall outside the set being tested.","Conceptually, all Metadata management solutions include architectural layers that correspond to points in the Metadata lifecycle: • Metadata creation and sourcing • Metadata storage in one or more repositories • Metadata integration • Metadata delivery • Metadata usage • Metadata control and management Different architectural approaches can be used to source, store, integrate, maintain, and make Metadata accessible to consumers.",431,407; 408,1.3.6 Types of Metadata Architecture,True
practice-test-1-q077,Practice Test 1,77,multiple-choice,Metadata management,Original 490,Original,CDMP - Data Management Fundamentals Exam Questions (Z-Library),77,An input in the Metadata management context diagram does not include:,A. Business requirements | B. Business metadata | C. Technical metadata | D. Metadata standards | E. Process Metadata,D,Metadata standards,D,Metadata standards,verified,,"The correct option matches the DMBOK definition, relationship, or classification used on the cited page(s). The distractors either omit a required element, add an unsupported qualifier, or describe a neighboring concept rather than the one asked for.",C H A P T E R 12 Metadata Management Apply Metadata Standards (C) 3.,419,395; 396,Metadata management,True
practice-test-1-q078,Practice Test 1,78,multi-select,Metadata management,Original 490,Original,CDMP - Data Management Fundamentals Exam Questions (Z-Library),78,Poorly managed metadata leads to:,A. Document inefficiencies | B. Redundant data and data management processes | C. Doubt about the reliability of metadata and data | D. Redundant master data | E. Row-orientated metadata | F. Graph metadata issues,B; C,Redundant data and data management processes; Doubt about the reliability of metadata and data,B; C,Redundant data and data management processes; Doubt about the reliability of metadata and data,verified,,"The correct selections match the elements, principles, activities, or examples associated with the concept on the cited DMBOK page(s). The remaining choices either introduce a different concept, reverse a condition, or fall outside the set being tested.","Poorly managed Metadata leads to: • Redundant data and data management processes • Replicated and redundant dictionaries, repositories, and other Metadata storage • Inconsistent definitions of data elements and risks associated with data misuse • Competing and conflicting sources and versions of Metadata which reduce the confidence of data consumers • Doubt…",420,398,1.1 Business Drivers,True
practice-test-1-q079,Practice Test 1,79,multi-select,Metadata management,Original 490,Original,CDMP - Data Management Fundamentals Exam Questions (Z-Library),79,"Metadata is described using three sets od categories, including:",A. Conceptual Metadata | B. Descriptive Metadata | C. Structural Metadata | D. Generic Metadata | E. Administrative metadata,B; C; E,Descriptive Metadata; Structural Metadata; Administrative metadata,B; C; E,Descriptive Metadata; Structural Metadata; Administrative metadata,verified,,"The correct selections match the elements, principles, activities, or examples associated with the concept on the cited DMBOK page(s). The remaining choices either introduce a different concept, reverse a condition, or fall outside the set being tested.","Outside of information technology, for example, in library or information science, Metadata is described using a different set of categories: • Descriptive Metadata (e.g., title, author, and subject) describes a resource and enables identification and retrieval.",422,400,1.3.2 Types of Metadata,True
practice-test-1-q080,Practice Test 1,80,multiple-choice,Metadata management,Original 490,Original,CDMP - Data Management Fundamentals Exam Questions (Z-Library),80,Technical metadata describes details of the processing and accessing of data.,A. True | B. False,B,False,B,False,verified,,"The statement is False. The cited DMBOK material defines or describes the concept in a way that does not support the wording in the question. Pay attention to the exact scope, qualifiers, and terminology used by DMBOK.","Operational Metadata describes details of the processing and accessing of data. Technical Metadata provides information about the technical details of data, the systems that store data, and the processes that move it within and between systems.",423,400; 401,1.3.2.3 Operational Metadata,True
practice-test-1-q081,Practice Test 1,81,multiple-choice,Metadata management,Original 490,Original,CDMP - Data Management Fundamentals Exam Questions (Z-Library),81,SOA stands for:,A. Service orientated architecture | B. Service orchestrated architecture | C. Service orientated access | D. Service overall architecture,A,Service orientated architecture,A,Service orientated architecture,verified,,"The correct option matches the DMBOK definition, relationship, or classification used on the cited page(s). The distractors either omit a required element, add an unsupported qualifier, or describe a neighboring concept rather than the one asked for.",A service registry manages and stores the technical information about services and service end-points from a service-oriented architecture (SOA) perspective.,430,407,1.3.5.14 Service Registries,True
practice-test-1-q082,Practice Test 1,82,multiple-choice,Metadata management,Original 490,Original,CDMP - Data Management Fundamentals Exam Questions (Z-Library),82,"An advantage of a centralized repository include: Quick metadata retrieval, since the repository and the query reside together.",A. True | B. False,A,True,A,True,verified,,"The statement is True. The cited DMBOK material defines or describes the concept in a way that supports the wording in the question. Pay attention to the exact scope, qualifiers, and terminology used by DMBOK.","Advantages of a centralized repository include: • High availability, since it is independent of the source systems • Quick Metadata retrieval, since the repository and the query reside together • Resolved database structures not affected by the proprietary nature of third party or commercial systems • Extracted Metadata may be transformed, customized, or…",431,408,1.3.6.1 Centralized Metadata Architecture,True
practice-test-1-q083,Practice Test 1,83,multi-select,Metadata management,Original 490,Original,CDMP - Data Management Fundamentals Exam Questions (Z-Library),83,"Functionality-focused requirements associated with a comprehensive metadata solution, include:",A. Volatility | B. Synchronization | C. History | D. Access rights | E. Structure | F. None of the above,A; B; C; D; E,Volatility; Synchronization; History; Access rights; Structure,A; B; C; D; E,Volatility; Synchronization; History; Access rights; Structure,verified,,"The correct selections match the elements, principles, activities, or examples associated with the concept on the cited DMBOK page(s). The remaining choices either introduce a different concept, reverse a condition, or fall outside the set being tested.",Metadata content is wide-ranging and requirements will come from both business and technical data consumers. (See Section 1.3.2.) There are also many functionality-focused requirements associated with a comprehensive Metadata solution: • Volatility: How frequently Metadata attributes and sets will be updated • Synchronization: Timing of updates in relation…,435; 436,412,2.2 Understand Metadata Requirements,True
practice-test-1-q084,Practice Test 1,84,multiple-choice,Metadata management,Original 490,Original,CDMP - Data Management Fundamentals Exam Questions (Z-Library),84,A general principle for managing metadata includes Responsibility.,A. True | B. False,B,False,B,False,verified,,"The statement is False. The cited DMBOK material defines or describes the concept in a way that does not support the wording in the question. Pay attention to the exact scope, qualifiers, and terminology used by DMBOK.","Like other data, Metadata can be profiled and inspected for quality.",438,415,2.4 Create and Maintain Metadata,True
practice-test-1-q085,Practice Test 1,85,multiple-choice,Metadata management,Original 490,Original,CDMP - Data Management Fundamentals Exam Questions (Z-Library),85,A control activity in the metadata management environment includes loading statistical analysis.,A. True | B. False,A,True,A,True,verified,,"The statement is True. The cited DMBOK material defines or describes the concept in a way that supports the wording in the question. Pay attention to the exact scope, qualifiers, and terminology used by DMBOK.",Implement control activities to manage the Metadata environment.,437,414,2.3.3 Manage Metadata Stores,True
practice-test-1-q086,Practice Test 1,86,multi-select,Metadata management,Original 490,Original,CDMP - Data Management Fundamentals Exam Questions (Z-Library),86,"Accomplish repository scanning in two distinct approaches, including:",A. Proprietary interface | B. Proprietary integration | C. Semi-proprietary interface | D. Semi- proprietary integration,A; C,Proprietary interface; Semi-proprietary interface,A; C,Proprietary interface; Semi-proprietary interface,verified,,"The correct selections match the elements, principles, activities, or examples associated with the concept on the cited DMBOK page(s). The remaining choices either introduce a different concept, reverse a condition, or fall outside the set being tested.",Accomplish repository scanning in two distinct approaches.,439,415,2.4.1 Integrate Metadata,True
practice-test-1-q087,Practice Test 1,87,multiple-choice,Data quality,Original 490,Original,CDMP - Data Management Fundamentals Exam Questions (Z-Library),87,"Valuation information, as an example of data enrichment, is for asset valuation, inventory and sale.",A. True | B. False,A,True,A,True,verified,,"The statement is True. The cited DMBOK material defines or describes the concept in a way that supports the wording in the question. Pay attention to the exact scope, qualifiers, and terminology used by DMBOK.","• Valuation information: Use this kind of enhancement for asset valuation, inventory, and sale.",471; 472,453,3.5 Data Enrichment,True
practice-test-1-q088,Practice Test 1,88,multi-select,Data quality,Original 490,Original,CDMP - Data Management Fundamentals Exam Questions (Z-Library),88,Examples of data enhancement includes:,A. Contextual information | B. Select Notation | C. Reference vocabularies | D. Incorporate Enterprise Technology | E. Audit data | F. All of the above,A; C; E,Contextual information; Reference vocabularies; Audit data,A; C; E,Contextual information; Reference vocabularies; Audit data,verified,,"The correct selections match the elements, principles, activities, or examples associated with the concept on the cited DMBOK page(s). The remaining choices either introduce a different concept, reverse a condition, or fall outside the set being tested.","Examples of data enhancement include: • Time/Date stamps: One way to improve data is to document the time and date that data items are created, modified, or retired, which can help to track historical data events.",471; 472,452,3.5 Data Enrichment,True
practice-test-1-q089,Practice Test 1,89,multiple-choice,Data quality,Original 490,Original,CDMP - Data Management Fundamentals Exam Questions (Z-Library),89,Data parsing is the process of analysing data using pre-determined rules to define its content or value.,A. True | B. False,A,True,A,True,verified,,"The statement is True. The cited DMBOK material defines or describes the concept in a way that supports the wording in the question. Pay attention to the exact scope, qualifiers, and terminology used by DMBOK.",Data Parsing is the process of analyzing data using pre-determined rules to define its content or value.,472,451,3.3 Data Parsing and Formatting,True
practice-test-1-q090,Practice Test 1,90,multi-select,Data quality,Original 490,Original,CDMP - Data Management Fundamentals Exam Questions (Z-Library),90,Data quality rules and standards are a critical form of Metadata. Ti be effective they need to be managed as Metadata. Rules include:,A. Hierarchical consistency | B. Document consistency | C. Tied to business impact | D. Confirmed by SMEs | E. Accessible to all data customers | F. None of the above,B; C; D; E,Document consistency; Tied to business impact; Confirmed by SMEs; Accessible to all data customers,B; C; D; E,Document consistency; Tied to business impact; Confirmed by SMEs; Accessible to all data customers,verified,,"The correct selections match the elements, principles, activities, or examples associated with the concept on the cited DMBOK page(s). The remaining choices either introduce a different concept, reverse a condition, or fall outside the set being tested.","To be effective, they need to be managed as Metadata.",478,445,2.7.1 Manage Data Quality Rules,True
practice-test-1-q091,Practice Test 1,91,multiple-choice,Data quality,Original 490,Original,CDMP - Data Management Fundamentals Exam Questions (Z-Library),91,The most important reason to implement operational data quality measurements is to inform data consumers about levels of data effectiveness.,A. True | B. False,B,False,B,False,verified,,"The statement is False. The cited DMBOK material defines or describes the concept in a way that does not support the wording in the question. Pay attention to the exact scope, qualifiers, and terminology used by DMBOK.",To inform data consumers about levels of quality 2.,479,446,2.7.2 Measure and Monitor Data Quality,True
practice-test-1-q092,Practice Test 1,92,multiple-choice,Data quality,Original 490,Original,CDMP - Data Management Fundamentals Exam Questions (Z-Library),92,"Effective data management involves a set of complex, interrelated processes that disable an organization to use its data to achieve strategic goals.",A. True | B. False,B,False,B,False,verified,,"The statement is False. The cited DMBOK material defines or describes the concept in a way that does not support the wording in the question. Pay attention to the exact scope, qualifiers, and terminology used by DMBOK.",Effective Data Management involves a set of interrelated processes enabling an organization to use its data to achieve strategic goals.,449,424,Data quality,True
practice-test-1-q093,Practice Test 1,93,multi-select,Data quality,Original 490,Original,CDMP - Data Management Fundamentals Exam Questions (Z-Library),93,Inputs in the data quality context diagram include:,A. Data quality expectations | B. Business requirements | C. Data stores | D. Data lakes,A; B; C,Data quality expectations; Business requirements; Data stores,A; B; C,Data quality expectations; Business requirements; Data stores,verified,,"The correct selections match the elements, principles, activities, or examples associated with the concept on the cited DMBOK page(s). The remaining choices either introduce a different concept, reverse a condition, or fall outside the set being tested.","Define standards, requirements, and specifications for data quality controls as part of the data lifecycle.",451,426,Data quality,True
practice-test-1-q094,Practice Test 1,94,multiple-choice,Data quality,Original 490,Original,CDMP - Data Management Fundamentals Exam Questions (Z-Library),94,The term data quality refers to both the characteristics associated with high quality data and to the processes used to measure or improve the quality of data.,A. True | B. False,A,True,A,True,verified,,"The statement is True. The cited DMBOK material defines or describes the concept in a way that supports the wording in the question. Pay attention to the exact scope, qualifiers, and terminology used by DMBOK.","In order to measure the quality of data, an organization needs to establish dimensions that are both important to business processes (worth measuring) and measurable. Table 29 Common Dimensions of Data Quality Dimension of Quality Description Validity Validity refers to whether data values are consistent with a defined domain of values.",453,429; 430,1.3.2 Data Quality Dimensions,True
practice-test-1-q095,Practice Test 1,95,multiple-choice,Data quality,Original 490,Original,CDMP - Data Management Fundamentals Exam Questions (Z-Library),95,"Uniqueness, as a dimension of data quality, states no entity exists more than once within the data set.",A. True | B. False,A,True,A,True,verified,,"The statement is True. The cited DMBOK material defines or describes the concept in a way that supports the wording in the question. Pay attention to the exact scope, qualifiers, and terminology used by DMBOK.",Uniqueness / Deduplication Uniqueness states that no real-world entity exists more than once within the data set.,459,431,1.3.2 Data Quality Dimensions,True
practice-test-1-q096,Practice Test 1,96,multi-select,Data quality,Original 490,Original,CDMP - Data Management Fundamentals Exam Questions (Z-Library),96,"ISO 8000 will describe the structure and organization of data quality management, including:",A. Data Quality Audit | B. Data Quality Planning | C. Data Quality Control | D. Data Quality Assurance | E. Data Quality Improvement | F. None of the above,B; C; D; E,Data Quality Planning; Data Quality Control; Data Quality Assurance; Data Quality Improvement,B; C; D; E,Data Quality Planning; Data Quality Control; Data Quality Assurance; Data Quality Improvement,verified,,"The correct selections match the elements, principles, activities, or examples associated with the concept on the cited DMBOK page(s). The remaining choices either introduce a different concept, reverse a condition, or fall outside the set being tested.","This standard will describe the structure and organization of Data Quality Management, including: • Data Quality Planning • Data Quality Control • Data Quality Assurance • Data Quality Improvement",462,466,"8000 is supported through ISO 22745, a standard for defining and exchanging Master Data. ISO 22745 defines",True
practice-test-1-q097,Practice Test 1,97,multiple-choice,Data quality,Original 490,Original,CDMP - Data Management Fundamentals Exam Questions (Z-Library),97,"Business rules describe why business should operate internally, in order to be successful and compliant with the outside world.",A. True | B. False,B,False,B,False,verified,,"The statement is False. The cited DMBOK material defines or describes the concept in a way that does not support the wording in the question. Pay attention to the exact scope, qualifiers, and terminology used by DMBOK.",Business rules describe how organizations should operate internally in order to be successful and compliant with the outside world.,464,432,1.3.3 Data Quality Business Rules,True
practice-test-1-q098,Practice Test 1,98,multiple-choice,Big data and data science,Original 490,Original,CDMP - Data Management Fundamentals Exam Questions (Z-Library),98,Big data primarily refers specifically to the volume of the data.,A. True | B. False,B,False,B,False,verified,,"The statement is False. The cited DMBOK material defines or describes the concept in a way that does not support the wording in the question. Pay attention to the exact scope, qualifiers, and terminology used by DMBOK.","As more organizations start to leverage the potential of Big Data, the list of V’s has expanded: • Volume: Refers to the amount of data. Figure 100 Conceptual DW/BI and Big Data Architecture",497,476; 477,1.3.3 Big Data,True
practice-test-1-q099,Practice Test 1,99,multi-select,Big data and data science,Original 490,Original,CDMP - Data Management Fundamentals Exam Questions (Z-Library),99,"In the Abate Information Triangle, the path to insight moves through the following echelons:",A. Data | B. Big data | C. Knowledge | D. Transactions | E. Information | F. Time,A; C; E,Data; Knowledge; Information,A; C; E,Data; Knowledge; Information,verified,,"The correct selections match the elements, principles, activities, or examples associated with the concept on the cited DMBOK page(s). The remaining choices either introduce a different concept, reverse a condition, or fall outside the set being tested.",Figure 96 Abate Information Triangle,498,472,Big data and data science,True
practice-test-1-q100,Practice Test 1,100,multiple-choice,Big data and data science,Original 490,Original,CDMP - Data Management Fundamentals Exam Questions (Z-Library),100,The biggest business driver for developing organizational capabilities around Big Data and Data Science is the desire to find and act on business opportunities that may be discovered through data sets generated through a diversified range of processes.,A. True | B. False,A,True,A,True,verified,,"The statement is True. The cited DMBOK material defines or describes the concept in a way that supports the wording in the question. Pay attention to the exact scope, qualifiers, and terminology used by DMBOK.",The biggest business driver for developing organizational capabilities around Big Data and Data Science is the desire to find and act on business opportunities that may be discovered through data sets generated through a diversified range of processes.,498,472,1.1 Business Drivers,True
practice-test-2-q001,Practice Test 2,1,multiple-choice,Data Management,Original 490,Original,CDMP - Data Management Fundamentals Exam Questions (Z-Library),1,Activities that drive the goals in the context diagram are classified into the following phases:,"A. Planning, Analysis, Design, Implementation & Maintenance | B. Plan, Do, Check, Act | C. Plan, Develop, Operate, Control | D. Measure, Develop, Implement, Monitor, Improve",C,"Plan, Develop, Operate, Control",C,"Plan, Develop, Operate, Control",verified,,"The correct option matches the DMBOK definition, relationship, or classification used on the cited page(s). The distractors either omit a required element, add an unsupported qualifier, or describe a neighboring concept rather than the one asked for.","Activities that drive the goals (center) are classified into four phases: Plan (P), Control (C), Develop (D), and Operate (O). Activities are classified into four phases: Plan, Control, Develop, and Operate. (P) Planning Activities set the strategic and tactical course for meeting data management goals.",37,39; 40,3.3 The DAMA-DMBOK Framework,True
practice-test-2-q002,Practice Test 2,2,multi-select,Data Management,Original 490,Original,CDMP - Data Management Fundamentals Exam Questions (Z-Library),2,The DMBOK supports DAMA’s mission by:,A. Providing a functional framework | B. Guides IT personnel to improve data management | C. Establish a common vocabulary | D. Serving as the fundamental reference guide,A; C; D,Providing a functional framework; Establish a common vocabulary; Serving as the fundamental reference guide,A; C; D,Providing a functional framework; Establish a common vocabulary; Serving as the fundamental reference guide,verified,,"The correct selections match the elements, principles, activities, or examples associated with the concept on the cited DMBOK page(s). The remaining choices either introduce a different concept, reverse a condition, or fall outside the set being tested.","The DMBOK, an accessible, authoritative reference book for data management professionals, supports DAMA’s mission by: • Providing a functional framework for the implementation of enterprise data management practices; including guiding principles, widely adopted practices, methods and techniques, functions, roles, deliverables, and metrics.",37,46,3.5 DAMA Data Management Framework Evolved,True
practice-test-2-q003,Practice Test 2,3,multi-select,Data Handling Ethics,Original 490,Original,CDMP - Data Management Fundamentals Exam Questions (Z-Library),3,Projects that use personal data should have a disciplined approach to the use of that data. They should account for:,A. How they select their populations for study | B. How data will be captured | C. What activities analytics will focus on | D. How results will be made accessible | E. All of the above,E,All of the above,E,All of the above,verified,,"The correct selections match the elements, principles, activities, or examples associated with the concept on the cited DMBOK page(s). The remaining choices either introduce a different concept, reverse a condition, or fall outside the set being tested.",Projects that use personal data should have a disciplined approach to the use of that data.,63,65,3.5.4 Adopt a Socially Responsible Ethical Risk Model,True
practice-test-2-q004,Practice Test 2,4,multiple-choice,Data Handling Ethics,Original 490,Original,CDMP - Data Management Fundamentals Exam Questions (Z-Library),4,"Within each area of consideration mentioned in question 3, they should address morale adversity as per the Ethical Risk Model for Sampling Projects.",A. True | B. False,B,False,B,False,verified,,"The statement is False. The cited DMBOK material defines or describes the concept in a way that does not support the wording in the question. Pay attention to the exact scope, qualifiers, and terminology used by DMBOK.","Figure 13 Ethical Risk Model for Sampling Projects Results • Privileges granted or denied • Further engagement or not • Relationship removal • Benefit or sanction • Trust or lack of trust • Biased treatment Identification • Demographic required • Selection method Behavior capture • Content required • Capture method • Activities • Sentiment • Location •… • How they select their populations for study (arrow 1) • How data will be captured (arrow 2) • What activities analytics will focus on (arrow 3) • How the results will be made accessible (arrow 4) Within each area of consideration, they should address potential ethical risks, with a…",63; 64,66,3.5.4 Adopt a Socially Responsible Ethical Risk Model,True
practice-test-2-q005,Practice Test 2,5,multiple-choice,Data Handling Ethics,Original 490,Original,CDMP - Data Management Fundamentals Exam Questions (Z-Library),5,"DAMA International’s Certified Data Management Professional (CDMP) certification requires that data management professionals subscribe to a formal code of ethics, including an obligation to handle data ethically for the sake of society beyond the organization that employs them.",A. True | B. False,A,True,A,True,verified,,"The statement is True. The cited DMBOK material defines or describes the concept in a way that supports the wording in the question. Pay attention to the exact scope, qualifiers, and terminology used by DMBOK.","DAMA International’s Certified Data Management Professional (CDMP) certification requires that data management professionals subscribe to a formal code of ethics, including an obligation to handle data ethically for the sake of society beyond the organization that employs them.",65,67,3.6 Data Ethics and Governance,True
practice-test-2-q006,Practice Test 2,6,multi-select,Data Governance,Original 490,Original,CDMP - Data Management Fundamentals Exam Questions (Z-Library),6,Business glossaries have the following objectives:,A. Enable common understanding of the core business concepts and terminology | B. Reduce the risk that data will be misused due to inconsistent understanding of the business concepts. | C. Cultural factors that might improve the concepts and terminology | D. Improve the alignment between technology assets and the business organization | E. Maximise search capability and enable access to documented institutional knowledge | F. All of the above,A; B; D; E,Enable common understanding of the core business concepts and terminology; Reduce the risk that data will be misused due to inconsistent understanding of the business concepts.; Improve the alignment between technology assets and the business organization; Maximise search capability and enable access to documented institutional knowledge,A; B; D; E,Enable common understanding of the core business concepts and terminology; Reduce the risk that data will be misused due to inconsistent understanding of the business concepts.; Improve the alignment between technology assets and the business organization; Maximise search capability and enable access to documented institutional knowledge,verified,,"The correct selections match the elements, principles, activities, or examples associated with the concept on the cited DMBOK page(s). The remaining choices either introduce a different concept, reverse a condition, or fall outside the set being tested.",Business glossaries have the following objectives: • Enable common understanding of the core business concepts and terminology • Reduce the risk that data will be misused due to inconsistent understanding of the business concepts • Improve the alignment between technology assets (with their technical naming conventions) and the business organization •…,90,92,2.14 Develop a Business Glossary,True
practice-test-2-q007,Practice Test 2,7,multiple-choice,Data Governance,Original 490,Original,CDMP - Data Management Fundamentals Exam Questions (Z-Library),7,The target of organizational change is expedition.,A. True | B. False,B,False,B,False,verified,,"The statement is False. The cited DMBOK material defines or describes the concept in a way that does not support the wording in the question. Pay attention to the exact scope, qualifiers, and terminology used by DMBOK.",Organizational Change Management (OCM) is the vehicle for bringing about change in an organization’s systems and processes. • Promoting the value of data as an asset: Educate and inform employees about the role data plays in achieving organizational goals.,94,87; 88,2.9 Engage Change Management,True
practice-test-2-q008,Practice Test 2,8,multiple-choice,Data Governance,Original 490,Original,CDMP - Data Management Fundamentals Exam Questions (Z-Library),8,Effectiveness metrics for a data governance programme include: achievement of goals and objectives; extent to which stewards are using the relevant tools; effectiveness of communication; and effectiveness of education.,A. True | B. False,A,True,A,True,verified,,"The statement is True. The cited DMBOK material defines or describes the concept in a way that supports the wording in the question. Pay attention to the exact scope, qualifiers, and terminology used by DMBOK.",Sample metrics include: • Value • Contributions to business objectives • Reduction of risk • Improved efficiency in operations • Effectiveness • Achievement of goals and objectives • Extent stewards are using the relevant tools • Effectiveness of communication • Effectiveness of education/training • Speed of change adoption • Sustainability • Performance of…,94,97,4.2 Adjustment and Communication,True
practice-test-2-q009,Practice Test 2,9,multi-select,Data Governance,Original 490,Original,CDMP - Data Management Fundamentals Exam Questions (Z-Library),9,Tools required to manage and communicate changes in data governance programs include,A. Business/Data Governance strategy map | B. Obtaining buy-in from all stakeholders | C. Data governance roadmap | D. Monitoring the resistance | E. Ongoing business case for data governance | F. Data governance metrics,A; C; E; F,Business/Data Governance strategy map; Data governance roadmap; Ongoing business case for data governance; Data governance metrics,A; C; E; F,Business/Data Governance strategy map; Data governance roadmap; Ongoing business case for data governance; Data governance metrics,verified,,"The correct selections match the elements, principles, activities, or examples associated with the concept on the cited DMBOK page(s). The remaining choices either introduce a different concept, reverse a condition, or fall outside the set being tested.",Tools required to manage and communicate changes include: • Business / Data Governance strategy map: This map connects Data Governance activity with business needs.,94,96,4.2 Adjustment and Communication,True
practice-test-2-q010,Practice Test 2,10,multiple-choice,Data Governance,Original 490,Original,CDMP - Data Management Fundamentals Exam Questions (Z-Library),10,When constructing an organization’s operating model cultural factors must be taken into consideration.,A. True | B. False,A,True,A,True,verified,,"The statement is True. The cited DMBOK material defines or describes the concept in a way that supports the wording in the question. Pay attention to the exact scope, qualifiers, and terminology used by DMBOK.","Consider these areas when constructing an organization’s operating model: • Value of data to the organization: If an organization sells data, obviously Data Governance has a huge business impact. • Cultural factors: Such as acceptance of discipline and adaptability to change.",81,84; 85,2.6 Define the Data Governance Operating Framework,True
practice-test-2-q011,Practice Test 2,11,multi-select,Data Governance,Original 490,Original,CDMP - Data Management Fundamentals Exam Questions (Z-Library),11,Principles for data asset accounting include:,A. Due Diligence Principle | B. Going Concern Principle | C. Audit Principle | D. Asset Principle | E. Accounting Principle | F. All of the above,F,All of the above,F,All of the above,verified,,"The correct selections match the elements, principles, activities, or examples associated with the concept on the cited DMBOK page(s). The remaining choices either introduce a different concept, reverse a condition, or fall outside the set being tested.",Table 5 Principles for Data Asset Accounting Principle Description Accountability Principle An organization must identify individuals who are ultimately accountable for data and content of all types.,78,80,1.3.7 Data Asset Valuation,True
practice-test-2-q012,Practice Test 2,12,multiple-choice,Data Governance,Original 490,Original,CDMP - Data Management Fundamentals Exam Questions (Z-Library),12,"Data governance requires control mechanisms and procedures for, but not limited to, facilitating subjective discussions where managers’ viewpoints are heard.",A. True | B. False,B,False,B,False,verified,,"The statement is False. The cited DMBOK material defines or describes the concept in a way that does not support the wording in the question. Pay attention to the exact scope, qualifiers, and terminology used by DMBOK.","Figure 20 Data Issue Escalation Path Data Governance requires control mechanisms and procedures for: • Identifying, capturing, logging, tracking, and updating issues • Assignment and tracking of action items • Documenting stakeholder viewpoints and resolution alternatives • Determining, documenting, and communicating issue resolutions • Facilitating…",87,89,2.10 Engage in Issue Management,True
practice-test-2-q013,Practice Test 2,13,multiple-choice,Data Governance,Original 490,Original,CDMP - Data Management Fundamentals Exam Questions (Z-Library),13,"Data governance requires control mechanisms and procedures for, but not limited to, escalating issues to higher level of authority.",A. True | B. False,A,True,A,True,verified,,"The statement is True. The cited DMBOK material defines or describes the concept in a way that supports the wording in the question. Pay attention to the exact scope, qualifiers, and terminology used by DMBOK.","Figure 20 Data Issue Escalation Path Data Governance requires control mechanisms and procedures for: • Identifying, capturing, logging, tracking, and updating issues • Assignment and tracking of action items • Documenting stakeholder viewpoints and resolution alternatives • Determining, documenting, and communicating issue resolutions • Facilitating…",87,89,2.10 Engage in Issue Management,True
practice-test-2-q014,Practice Test 2,14,multi-select,Data Governance,Original 490,Original,CDMP - Data Management Fundamentals Exam Questions (Z-Library),14,Examples of concepts that can be standardized within the data quality knowledge area include:,A. Data security standards | B. Data quality rules | C. Standard measurement methodologies | D. Data remediation standards and procedures | E. Data quality rules | F. None of the above,B; C; D,Data quality rules; Standard measurement methodologies; Data remediation standards and procedures,B; C; D,Data quality rules; Standard measurement methodologies; Data remediation standards and procedures,verified,,"The correct selections match the elements, principles, activities, or examples associated with the concept on the cited DMBOK page(s). The remaining choices either introduce a different concept, reverse a condition, or fall outside the set being tested.","• Data Storage and Operations: Tool standards, standards for database recovery and business continuity, database performance, data retention, and external data acquisition • Data Security: Data access security standards, monitoring and audit procedures, storage security standards, and training requirements • Data Integration: Standard methods and tools used… Examples of concepts that can be standardized within the Data Management Knowledge Areas include: • Data Architecture: Enterprise data models, tool standards, and system naming conventions • Data Modeling and Design: Data model management procedures, data modeling naming conventions,…",89,91; 92,31 http://bit.ly/2sTfugb,True
practice-test-2-q015,Practice Test 2,15,multi-select,Data Governance,Original 490,Original,CDMP - Data Management Fundamentals Exam Questions (Z-Library),15,Several global regulations have significant implications on data management practices. Examples include:,A. Data Standards | B. SPCA | C. Effectiveness of education Standards | D. BCBS 239 | E. PCI-DSS | F. Privacy laws,D; E; F,BCBS 239; PCI-DSS; Privacy laws,D; E; F,BCBS 239; PCI-DSS; Privacy laws,verified,,"The correct selections match the elements, principles, activities, or examples associated with the concept on the cited DMBOK page(s). The remaining choices either introduce a different concept, reverse a condition, or fall outside the set being tested.",Several global regulations have significant implications on data management practices. • PCI-DSS: The Payment Card Industry Data Security Standards (PCI-DSS).,87,89; 90,2.11 Assess Regulatory Compliance Requirements,True
practice-test-2-q016,Practice Test 2,16,multi-select,Data Architecture,Original 490,Original,CDMP - Data Management Fundamentals Exam Questions (Z-Library),16,Please select the four domains of enterprise architecture:,A. Enterprise business architecture | B. Enterprise data architecture | C. Enterprise software architecture | D. Enterprise application architecture | E. Enterprise technology architecture | F. Enterprise hardware architecture,A; B; D; E,Enterprise business architecture; Enterprise data architecture; Enterprise application architecture; Enterprise technology architecture,A; B; D; E,Enterprise business architecture; Enterprise data architecture; Enterprise application architecture; Enterprise technology architecture,verified,,"The correct selections match the elements, principles, activities, or examples associated with the concept on the cited DMBOK page(s). The remaining choices either introduce a different concept, reverse a condition, or fall outside the set being tested.","Domain Enterprise Business Architecture Enterprise Data Architecture Enterprise Applications Architecture Enterprise Technology Architecture Roles Business architects and analysts, business data stewards Data architects and modelers, data stewards Applications architects Infrastructure architects Data Architecture operates in context of other architecture domains, including business, application, and technical architecture.",101; 102,103; 104,1.3.1 Enterprise Architecture Domains,True
practice-test-2-q017,Practice Test 2,17,multi-select,Data Architecture,Original 490,Original,CDMP - Data Management Fundamentals Exam Questions (Z-Library),17,"Architects seek to design in a way that brings value to an organisation. To reach these goals, data architects define and maintain specifications that:",A. Align data architecture with enterprise strategy and business architecture | B. Define the current state of data in the organization. | C. Provide a standard business vocabulary for data and components | D. Express strategic data requirements | E. Integrate with overall enterprise architecture roadmap | F. Outline high-level integrated designs to meet these requirements.,A; B; C; D; E; F,Align data architecture with enterprise strategy and business architecture; Define the current state of data in the organization.; Provide a standard business vocabulary for data and components; Express strategic data requirements; Integrate with overall enterprise architecture roadmap; Outline high-level integrated designs to meet these requirements.,A; B; C; D; E; F,Align data architecture with enterprise strategy and business architecture; Define the current state of data in the organization.; Provide a standard business vocabulary for data and components; Express strategic data requirements; Integrate with overall enterprise architecture roadmap; Outline high-level integrated designs to meet these requirements.,verified,,"The correct selections match the elements, principles, activities, or examples associated with the concept on the cited DMBOK page(s). The remaining choices either introduce a different concept, reverse a condition, or fall outside the set being tested.","To reach these goals, Data Architects define and maintain specifications that: • Define the current state of data in the organization • Provide a standard business vocabulary for data and components • Align Data Architecture with enterprise strategy and business architecture • Express strategic data requirements • Outline high-level integrated designs to…",101,103,1.2 Data Architecture Outcomes and Practices,True
practice-test-2-q018,Practice Test 2,18,multiple-choice,Data Architecture,Original 490,Original,CDMP - Data Management Fundamentals Exam Questions (Z-Library),18,A deliverable in the data architecture context diagram includes an implementation roadmap.,A. True | B. False,A,True,A,True,verified,,"The statement is True. The cited DMBOK material defines or describes the concept in a way that supports the wording in the question. Pay attention to the exact scope, qualifiers, and terminology used by DMBOK.","Figure 21 Context Diagram: Data Architecture Architects seek to design in a way that brings value to the organization. To reach these goals, Data Architects define and maintain specifications that: • Define the current state of data in the organization • Provide a standard business vocabulary for data and components • Align Data Architecture with enterprise strategy and business architecture • Express strategic data requirements • Outline high-level integrated designs to…",100,102; 103,1.2 Data Architecture Outcomes and Practices,True
practice-test-2-q019,Practice Test 2,19,multiple-choice,Data Architecture,Original 490,Original,CDMP - Data Management Fundamentals Exam Questions (Z-Library),19,An input in the data architecture context diagram includes data governance.,A. True | B. False,B,False,B,False,verified,,"The statement is False. The cited DMBOK material defines or describes the concept in a way that does not support the wording in the question. Pay attention to the exact scope, qualifiers, and terminology used by DMBOK.","Data Architecture Governance Data Architecture activities directly support the alignment and control of data. The ability of an organization to adopt Data Architecture practices depends on several factors: • Cultural receptivity to architectural approach (developing an architecture-friendly culture) • Organizational recognition of data as a business asset, not just an IT concern • Organizational ability to let go of a local perspective and adopt an enterprise…",100,119; 120,5.2 Organization and Cultural Change,True
practice-test-2-q020,Practice Test 2,20,multiple-choice,Data Architecture,Original 490,Original,CDMP - Data Management Fundamentals Exam Questions (Z-Library),20,Enterprise data architecture description must include both [1] as well as [2],A. [1] Enterprise Data Model [2] Data Context Diagram | B. [1] Enterprise Data Model [2] Architecture Diagram | C. [1] Data Flow Design [2] Data Context Diagram | D. [1] Enterprise Data Model [2] Data Flow Design,D,[1] Enterprise Data Model [2] Data Flow Design,D,[1] Enterprise Data Model [2] Data Flow Design,verified,,"The correct option matches the DMBOK definition, relationship, or classification used on the cited page(s). The distractors either omit a required element, add an unsupported qualifier, or describe a neighboring concept rather than the one asked for.","The Enterprise Data Architecture descriptions must therefore include both Enterprise Data Models (e.g., data structures and data specifications), as well as Data Flow Design: • Enterprise Data Model (EDM): The EDM is a holistic, enterprise-level, implementation-independent conceptual or logical data model providing a common consistent view of data across…",104,106,1.3.3 Enterprise Data Architecture,True
practice-test-2-q021,Practice Test 2,21,multi-select,Data Architecture,Original 490,Original,CDMP - Data Management Fundamentals Exam Questions (Z-Library),21,Data and enterprise architecture deal with complexity from two viewpoints:,A. Innovation-orientated | B. Industry-orientated | C. Implementation-orientated | D. Quality-orientated | E. Architecture-orientated | F. None of the above,A; D,Innovation-orientated; Quality-orientated,A; D,Innovation-orientated; Quality-orientated,verified,,"The correct selections match the elements, principles, activities, or examples associated with the concept on the cited DMBOK page(s). The remaining choices either introduce a different concept, reverse a condition, or fall outside the set being tested.",Activities Data and enterprise architecture deal with complexity from two viewpoints: • Quality-oriented: Focus on improving execution within business and IT development cycles.,109; 110,111,1.3.3.2 Data Flow Design,True
practice-test-2-q022,Practice Test 2,22,multiple-choice,Data Modelling and Design,Original 490,Original,CDMP - Data Management Fundamentals Exam Questions (Z-Library),22,Please select the correct name for the LDM abbreviation,A. Lifecycle Dimensional Model | B. Logical Dimensional Model | C. Lifecycle Data Model | D. Logical Data Model,D,Logical Data Model,D,Logical Data Model,verified,,"The correct option matches the DMBOK definition, relationship, or classification used on the cited page(s). The distractors either omit a required element, add an unsupported qualifier, or describe a neighboring concept rather than the one asked for.",A logical data model (LDM) captures the detailed data requirements within the scope of a CDM.,154,152,2.2.1.2 Logical Data Modeling,True
practice-test-2-q023,Practice Test 2,23,multi-select,Data Modelling and Design,Original 490,Original,CDMP - Data Management Fundamentals Exam Questions (Z-Library),23,Logical abstraction entities become separate objects in the physical database design using one of two methods.,A. The DAMA Wheel | B. Subtype absorption | C. Subtype partition | D. Supertype absorption | E. Supertype partition,B; E,Subtype absorption; Supertype partition,B; E,Subtype absorption; Supertype partition,verified,,"The correct selections match the elements, principles, activities, or examples associated with the concept on the cited DMBOK page(s). The remaining choices either introduce a different concept, reverse a condition, or fall outside the set being tested.",Logical abstraction entities (supertypes and subtypes) become separate objects in the physical database design using one of two methods.,156,154,2.2.1.3.1 Resolve Logical Abstractions,True
practice-test-2-q024,Practice Test 2,24,multiple-choice,Data Modelling and Design,Original 490,Original,CDMP - Data Management Fundamentals Exam Questions (Z-Library),24,Data modelling tools are software that automate many of the tasks the data modeller performs.,A. True | B. False,A,True,A,True,verified,,"The statement is True. The cited DMBOK material defines or describes the concept in a way that supports the wording in the question. Pay attention to the exact scope, qualifiers, and terminology used by DMBOK.",Data modeling tools are software that automate many of the tasks the data modeler performs.,159,157,3.1 Data Modeling Tools,True
practice-test-2-q025,Practice Test 2,25,multi-select,Data Modelling and Design,Original 490,Original,CDMP - Data Management Fundamentals Exam Questions (Z-Library),25,Small reference data value sets in the logical data model can be implemented in a physical model in three common ways:,A. Create a matching separate code table | B. Program integration by joining tables | C. Roadmap Development | D. Create a master shared code table | E. Embed rules or valid codes into the appropriate object’s definition. | F. None of the above,A; D; E,Create a matching separate code table; Create a master shared code table; Embed rules or valid codes into the appropriate object’s definition.,A; D; E,Create a matching separate code table; Create a master shared code table; Embed rules or valid codes into the appropriate object’s definition.,verified,,"The correct selections match the elements, principles, activities, or examples associated with the concept on the cited DMBOK page(s). The remaining choices either introduce a different concept, reverse a condition, or fall outside the set being tested.","Small Reference Data value sets in the logical data model can be implemented in a physical model in three common ways: • Create a matching separate code table: Depending on the model, these can be unmanageably numerous.",157,155,2.2.1.3.3 Add Reference Data Objects,True
practice-test-2-q026,Practice Test 2,26,multiple-choice,Data Modelling and Design,Original 490,Original,CDMP - Data Management Fundamentals Exam Questions (Z-Library),26,"The ISO 11179 Metadata registry, an international standard for representing Metadata in an organization, contains several sections related to data standards, including naming attributes and writing definitions.",A. True | B. False,A,True,A,True,verified,,"The statement is True. The cited DMBOK material defines or describes the concept in a way that supports the wording in the question. Pay attention to the exact scope, qualifiers, and terminology used by DMBOK.","The ISO 11179 Metadata Registry, an international standard for representing Metadata in an organization, contains several sections related to data standards, including naming attributes and writing definitions.",161,159,4.1 Best Practices in Naming Conventions,True
practice-test-2-q027,Practice Test 2,27,multi-select,Data Modelling and Design,Original 490,Original,CDMP - Data Management Fundamentals Exam Questions (Z-Library),27,"In designing and building the database, the DBA should keep the following design principles in mind:",A. Performance and ease of use | B. Reusability | C. Integrity | D. Security | E. Assessments | F. Maintainability,A; B; C; D; F,Performance and ease of use; Reusability; Integrity; Security; Maintainability,A; B; C; D; F,Performance and ease of use; Reusability; Integrity; Security; Maintainability,verified,,"The correct selections match the elements, principles, activities, or examples associated with the concept on the cited DMBOK page(s). The remaining choices either introduce a different concept, reverse a condition, or fall outside the set being tested.","In designing and building the database, the DBA should keep the following design principles in mind (remember the acronym PRISM): • Performance and ease of use: Ensure quick and easy access to data by approved users in a usable and business-relevant form, maximizing the business value of both applications and data.",161; 162,159,4.2 Best Practices in Database Design,True
practice-test-2-q028,Practice Test 2,28,multiple-choice,Data Modelling and Design,Original 490,Original,CDMP - Data Management Fundamentals Exam Questions (Z-Library),28,Data professional should not balance the short-term versus long-term business interests.,A. True | B. False,B,False,B,False,verified,,"The statement is False. The cited DMBOK material defines or describes the concept in a way that does not support the wording in the question. Pay attention to the exact scope, qualifiers, and terminology used by DMBOK.",Data professionals must also balance the short-term versus long-term business interests.,162,160,5.1 Data Model and Design Quality Management,True
practice-test-2-q029,Practice Test 2,29,multiple-choice,Data Modelling and Design,Original 490,Original,CDMP - Data Management Fundamentals Exam Questions (Z-Library),29,The Data Model Scorecard provides 10 data model quality metrics,A. True | B. False,B,False,B,False,verified,,"The statement is False. The cited DMBOK material defines or describes the concept in a way that does not support the wording in the question. Pay attention to the exact scope, qualifiers, and terminology used by DMBOK.","One method that will be used to provide an example of data model validation is The Data Model Scorecard®, which provides 11 data model quality metrics: one for each of ten categories that make up the Scorecard and an overall score across all ten categories (Hoberman, 2015).",164,162,5.2 Data Modeling Metrics,True
practice-test-2-q030,Practice Test 2,30,multi-select,Data Modelling and Design,Original 490,Original,CDMP - Data Management Fundamentals Exam Questions (Z-Library),30,The categories of the Data Model Scorecard with the highest weightings include:,A. How well does the model capture the requirements? | B. How complete is the model? | C. How good are the definitions? | D. How structurally sound is the model? | E. All of the above | F. None of the above,A; B; D,How well does the model capture the requirements?; How complete is the model?; How structurally sound is the model?,A; B; D,How well does the model capture the requirements?; How complete is the model?; How structurally sound is the model?,verified,,"The correct selections match the elements, principles, activities, or examples associated with the concept on the cited DMBOK page(s). The remaining choices either introduce a different concept, reverse a condition, or fall outside the set being tested.",How structurally sound is the model?,164,162,5.2 Data Modeling Metrics,True
practice-test-2-q031,Practice Test 2,31,multiple-choice,Data Modelling and Design,Original 490,Original,CDMP - Data Management Fundamentals Exam Questions (Z-Library),31,Subtype absorption: The subtype entity attributes are included as nullable columns into a table representing the supertype entity,A. True | B. False,A,True,A,True,verified,,"The statement is True. The cited DMBOK material defines or describes the concept in a way that supports the wording in the question. Pay attention to the exact scope, qualifiers, and terminology used by DMBOK.",• Subtype absorption: The subtype entity attributes are included as nullable columns into a table representing the supertype entity.,156,154,2.2.1.3.1 Resolve Logical Abstractions,True
practice-test-2-q032,Practice Test 2,32,multi-select,Data Modelling and Design,Original 490,Original,CDMP - Data Management Fundamentals Exam Questions (Z-Library),32,Please select the three types of data models:,A. Dimensional Data model | B. Physical Data Model | C. Idea Data Model | D. Logical Data Model | E. Conceptual Data Model | F. Innovative Data Model,A; B; D,Dimensional Data model; Physical Data Model; Logical Data Model,A; B; D,Dimensional Data model; Physical Data Model; Logical Data Model,verified,,"The correct selections match the elements, principles, activities, or examples associated with the concept on the cited DMBOK page(s). The remaining choices either introduce a different concept, reverse a condition, or fall outside the set being tested.",Figure 51 Dimensional Physical Data Model Figure 49 Dimensional Logical Data Model Figure 50 illustrates a relational physical data model.,163,146; 147,1.3.5.3.1 Canonical,True
practice-test-2-q033,Practice Test 2,33,multiple-choice,Data Storage and Operations,Original 490,Original,CDMP - Data Management Fundamentals Exam Questions (Z-Library),33,Archiving is the process of moving data off immediately accessible storage media and onto media with lower retrieval performance.,A. True | B. False,A,True,A,True,verified,,"The statement is True. The cited DMBOK material defines or describes the concept in a way that supports the wording in the question. Pay attention to the exact scope, qualifiers, and terminology used by DMBOK.",Archiving is the process of moving data off immediately accessible storage media and onto media with lower retrieval performance.,189,184,1.3.10.1 Archiving,True
practice-test-2-q034,Practice Test 2,34,multi-select,Data Storage and Operations,Original 490,Original,CDMP - Data Management Fundamentals Exam Questions (Z-Library),34,Triplestores can be classified into these categories:,A. Native triplestores | B. MapReduce triplestores | C. RDMS-backed triplestores | D. NoSQL triplestores | E. All of the above | F. None of the above,B; C; D,MapReduce triplestores; RDMS-backed triplestores; NoSQL triplestores,B; C; D,MapReduce triplestores; RDMS-backed triplestores; NoSQL triplestores,verified,,"The correct selections match the elements, principles, activities, or examples associated with the concept on the cited DMBOK page(s). The remaining choices either introduce a different concept, reverse a condition, or fall outside the set being tested.","Triplestores can be broadly classified into three categories: Native triplestores, RDBMS-backed triplestores, and NoSQL triplestores.",188,183,1.3.8.3.6 Triplestore,True
practice-test-2-q035,Practice Test 2,35,multiple-choice,Data Storage and Operations,Original 490,Original,CDMP - Data Management Fundamentals Exam Questions (Z-Library),35,Data replication can be active or passive.,A. True | B. False,A,True,A,True,verified,,"The statement is True. The cited DMBOK material defines or describes the concept in a way that supports the wording in the question. Pay attention to the exact scope, qualifiers, and terminology used by DMBOK.",Replication can be active or passive: • Active replication is performed by recreating and storing the same data at every replica from every other replica.,191,186,1.3.10.5 Replication,True
practice-test-2-q036,Practice Test 2,36,multiple-choice,Data Storage and Operations,Original 490,Original,CDMP - Data Management Fundamentals Exam Questions (Z-Library),36,Data replication has two dimensions of scaling: diagonal and lateral,A. True | B. False,B,False,B,False,verified,,"The statement is False. The cited DMBOK material defines or describes the concept in a way that does not support the wording in the question. Pay attention to the exact scope, qualifiers, and terminology used by DMBOK.",Replication has two dimensions of scaling: • Horizontal data scaling has more data replicas.,191,186,1.3.10.5 Replication,True
practice-test-2-q037,Practice Test 2,37,multi-select,Data Storage and Operations,Original 490,Original,CDMP - Data Management Fundamentals Exam Questions (Z-Library),37,There are three recovery types that provide guidelines for how quickly recovery takes place and what it focuses on.,A. Immediate recovery | B. Critical recovery | C. Non-critical recovery | D. Intermittent recovery | E. Translucent recovery | F. BMT recovery,A; B; C,Immediate recovery; Critical recovery; Non-critical recovery,A; B; C,Immediate recovery; Critical recovery; Non-critical recovery,verified,,"The correct selections match the elements, principles, activities, or examples associated with the concept on the cited DMBOK page(s). The remaining choices either introduce a different concept, reverse a condition, or fall outside the set being tested.","Three recovery types provide guidelines for how quickly recovery takes place and what it focuses on: • Immediate recovery from some issues sometimes can be resolved through design; for example, predicting and automatically resolving issues, such as those that might be caused by a failover to backup system.",192; 193,187,1.3.10.6 Resiliency and Recovery,True
practice-test-2-q038,Practice Test 2,38,multiple-choice,Data Storage and Operations,Original 490,Original,CDMP - Data Management Fundamentals Exam Questions (Z-Library),38,DBAs and database architects combine their knowledge of available tools with the business requirements in order to suggest the best possible application of technology to meet organizational goals.,A. True | B. False,A,True,A,True,verified,,"The statement is True. The cited DMBOK material defines or describes the concept in a way that supports the wording in the question. Pay attention to the exact scope, qualifiers, and terminology used by DMBOK.",DBAs and Database Architects combine their knowledge of available tools with the business requirements in order to suggest the best possible applications of technology to meet organizational needs.,194,189,2.1.1 Understand Database Technology,True
practice-test-2-q039,Practice Test 2,39,multiple-choice,Data Security,Original 490,Original,CDMP - Data Management Fundamentals Exam Questions (Z-Library),39,A hacker is a person who finds unknown operations and pathways within complex computer system. Hackers are only bad.,A. True | B. False,B,False,B,False,verified,,"The statement is False. The cited DMBOK material defines or describes the concept in a way that does not support the wording in the question. Pay attention to the exact scope, qualifiers, and terminology used by DMBOK.",A hacker is a person who finds unknown operations and pathways within complex computer systems.,241,232,1.3.14 Hacking / Hacker,True
practice-test-2-q040,Practice Test 2,40,multi-select,Data Security,Original 490,Original,CDMP - Data Management Fundamentals Exam Questions (Z-Library),40,Device security standard include:,A. Access policies regarding connections using mobile devices | B. Installation of anti-malware and encryption software | C. Regulation compliance standards | D. Awareness of security vulnerabilities | E. Relational security policies | F. None of the above,A; B; D,Access policies regarding connections using mobile devices; Installation of anti-malware and encryption software; Awareness of security vulnerabilities,A; B; D,Access policies regarding connections using mobile devices; Installation of anti-malware and encryption software; Awareness of security vulnerabilities,verified,,"The correct selections match the elements, principles, activities, or examples associated with the concept on the cited DMBOK page(s). The remaining choices either introduce a different concept, reverse a condition, or fall outside the set being tested.","Device security standards include: • Access policies regarding connections using mobile devices • Storage of data on portable devices such as laptops, DVDs, CDs, or USB drives • Data wiping and disposal of devices in compliance with records management policies • Installation of anti-malware and encryption software • Awareness of security vulnerabilities",233,224,1.3.11.2 Device Security,True
practice-test-2-q041,Practice Test 2,41,multiple-choice,Data Security,Original 490,Original,CDMP - Data Management Fundamentals Exam Questions (Z-Library),41,Service accounts are convenient because they can tailor enhanced access for the processes that use them.,A. True | B. False,A,True,A,True,verified,,"The statement is True. The cited DMBOK material defines or describes the concept in a way that supports the wording in the question. Pay attention to the exact scope, qualifiers, and terminology used by DMBOK.",Service accounts are convenient because they can tailor enhanced access for the processes that use them.,240,230,1.3.13.4.1 Service Accounts,True
practice-test-2-q042,Practice Test 2,42,multiple-choice,Data Security,Original 490,Original,CDMP - Data Management Fundamentals Exam Questions (Z-Library),42,"In a SQL injection attack, a perpetrator inserts authorized database statements into a vulnerable SQL data channel, such as a stored procedure.",A. True | B. False,B,False,B,False,verified,,"The statement is False. The cited DMBOK material defines or describes the concept in a way that does not support the wording in the question. Pay attention to the exact scope, qualifiers, and terminology used by DMBOK.","In a SQL injection attack, a perpetrator inserts (or ‘injects’) unauthorized database statements into a vulnerable SQL data channel, such as stored procedures and Web application input spaces.",241,231,1.3.13.6 SQL Injection Vulnerability,True
practice-test-2-q043,Practice Test 2,43,multi-select,Data Security,Original 490,Original,CDMP - Data Management Fundamentals Exam Questions (Z-Library),43,"Lack of automated monitoring represents serious risks, including:",A. Risk of reliance on inadequate native | B. Risk of compliance | C. Direction and recovery risk | D. Administrative and audit duties risk,A; C; D,Risk of reliance on inadequate native; Direction and recovery risk; Administrative and audit duties risk,A; C; D,Risk of reliance on inadequate native; Direction and recovery risk; Administrative and audit duties risk,verified,,"The correct selections match the elements, principles, activities, or examples associated with the concept on the cited DMBOK page(s). The remaining choices either introduce a different concept, reverse a condition, or fall outside the set being tested.",• Detection and recovery risk: Audit mechanisms represent the last line of defense. Lack of automated monitoring represents serious risks: • Regulatory risk: Organizations with weak database audit mechanisms will increasingly find that they are at odds with government regulatory requirements.,254,243; 244,2.3.5.3.2 Monitor User Authentication and Access Behavior,True
practice-test-2-q044,Practice Test 2,44,multiple-choice,Data Security,Original 490,Original,CDMP - Data Management Fundamentals Exam Questions (Z-Library),44,A metadata repository is essential to assure the integrity and consistent use of an enterprise data model across business processes.,A. True | B. False,A,True,A,True,verified,,"The statement is True. The cited DMBOK material defines or describes the concept in a way that supports the wording in the question. Pay attention to the exact scope, qualifiers, and terminology used by DMBOK.",A Metadata repository is essential to ensure the integrity and consistent use of an Enterprise Data Model across business processes.,258,248,4.3 Data Security Attributes in Metadata,True
practice-test-2-q045,Practice Test 2,45,multiple-choice,Data Integration and Interoperability,Original 490,Original,CDMP - Data Management Fundamentals Exam Questions (Z-Library),45,"Enterprise service buses (ESB) are the data integration solution for near real- time sharing of data between many systems, where the hub is a virtual concept of the standard format or the canonical model for sharing data in the organization.",A. True | B. False,A,True,A,True,verified,,"The statement is True. The cited DMBOK material defines or describes the concept in a way that supports the wording in the question. Pay attention to the exact scope, qualifiers, and terminology used by DMBOK.","Enterprise Service Buses (ESB) are the data integration solution for near real-time sharing of data between many systems, where the hub is a virtual concept of the standard format or the canonical model for sharing data in the organization.",281,268,1.3.6.2 Hub-and-spoke,True
practice-test-2-q046,Practice Test 2,46,multi-select,Data Integration and Interoperability,Original 490,Original,CDMP - Data Management Fundamentals Exam Questions (Z-Library),46,Examples of transformation in the ETL process include:,A. Hierarchical changes | B. Structure changes | C. De-duping | D. Re-ordering | E. Semantic conversions | F. None of the above,B; C; D; E,Structure changes; De-duping; Re-ordering; Semantic conversions,B; C; D; E,Structure changes; De-duping; Re-ordering; Semantic conversions,verified,,"The correct selections match the elements, principles, activities, or examples associated with the concept on the cited DMBOK page(s). The remaining choices either introduce a different concept, reverse a condition, or fall outside the set being tested.","Examples of transformation may include • Format changes: Conversion of the technical format of the data; for example, from EBCDIC to ASCII format • Structure changes: Changes to the structure of the data; for example, from denormalized to normalized records • Semantic conversion: Conversion of data values to maintain consistent semantic representation.",273; 274,261,1.3.1.2 Transform,True
practice-test-2-q047,Practice Test 2,47,multiple-choice,Data Integration and Interoperability,Original 490,Original,CDMP - Data Management Fundamentals Exam Questions (Z-Library),47,The load step of the ETL is physically storing or presenting the results of the transformation into the source system.,A. True | B. False,B,False,B,False,verified,,"The statement is False. The cited DMBOK material defines or describes the concept in a way that does not support the wording in the question. Pay attention to the exact scope, qualifiers, and terminology used by DMBOK.","The load step of ETL is physically storing or presenting the result of the transformations in the target system. Transformation may be performed in batch or real-time, either physically storing the result in a staging area, or virtually storing the transformed data in memory until ready to move to the load step.",274,262,1.3.1.3 Load,True
practice-test-2-q048,Practice Test 2,48,multiple-choice,Data Integration and Interoperability,Original 490,Original,CDMP - Data Management Fundamentals Exam Questions (Z-Library),48,"If the target system has more transformation capability than either the source or the intermediary application system, the order of processes may be switched to ELT – Extract, Load, Transform.",A. True | B. False,A,True,A,True,verified,,"The statement is True. The cited DMBOK material defines or describes the concept in a way that supports the wording in the question. Pay attention to the exact scope, qualifiers, and terminology used by DMBOK.","If the target system has more transformation capability than either the source or an intermediary application system, the order of processes may be switched to ELT – Extract, Load, and Transform.",274,262,1.3.1.4 ELT,True
practice-test-2-q049,Practice Test 2,49,multi-select,Data Integration and Interoperability,Original 490,Original,CDMP - Data Management Fundamentals Exam Questions (Z-Library),49,Inputs in the Data Integration and Interoperability context diagram include:,A. Data semantics | B. Source data | C. Business goals & strategies | D. Data needs & standards,A; B; C; D,Data semantics; Source data; Business goals & strategies; Data needs & standards,A; B; C; D,Data semantics; Source data; Business goals & strategies; Data needs & standards,verified,,"The correct selections match the elements, principles, activities, or examples associated with the concept on the cited DMBOK page(s). The remaining choices either introduce a different concept, reverse a condition, or fall outside the set being tested.",C H A P T E R 8 Data Integration and Interoperability,271,257,Data Integration and Interoperability,True
practice-test-2-q050,Practice Test 2,50,multiple-choice,Data Integration and Interoperability,Original 490,Original,CDMP - Data Management Fundamentals Exam Questions (Z-Library),50,The definition for Data Integration and Interoperability include Managing the movement and consolidation of data within and between applications and organizations.,A. True | B. False,A,True,A,True,verified,,"The statement is True. The cited DMBOK material defines or describes the concept in a way that supports the wording in the question. Pay attention to the exact scope, qualifiers, and terminology used by DMBOK.","C H A P T E R 8 Data Integration and Interoperability Introduction ata Integration and Interoperability (DII) describes processes related to the movement and consolidation of data within and between data stores, applications, and organizations.",271,257,Data Integration and Interoperability,True
practice-test-2-q051,Practice Test 2,51,multiple-choice,Document and content management,Original 490,Original,CDMP - Data Management Fundamentals Exam Questions (Z-Library),51,XML provides a language for representing both structures and unstructured data and information.,A. True | B. False,A,True,A,True,verified,,"The statement is True. The cited DMBOK material defines or describes the concept in a way that supports the wording in the question. Pay attention to the exact scope, qualifiers, and terminology used by DMBOK.",Extensible Markup Language (XML) provides a language for representing both structured and unstructured data and information. • XML provides identification and labeling of unstructured data / content so that computer applications can understand and process them.,334,316; 317,3.4.1 XML,True
practice-test-2-q052,Practice Test 2,52,multi-select,Document and content management,Original 490,Original,CDMP - Data Management Fundamentals Exam Questions (Z-Library),52,The information governance maturity model describes the characteristics of the information governance and recordkeeping environment at five levels of maturity for each of the eight GARP principles. Please select the correct level descriptions:,A. Level 2 In Development | B. Level 3 Essential | C. Level 4 Proactive | D. Level 3 Transformational | E. Level 2 Sub-standard | F. Level 4 Proactive,A; B; F,Level 2 In Development; Level 3 Essential; Level 4 Proactive,A; B; F,Level 2 In Development; Level 3 Essential; Level 4 Proactive,verified,,"The correct selections match the elements, principles, activities, or examples associated with the concept on the cited DMBOK page(s). The remaining choices either introduce a different concept, reverse a condition, or fall outside the set being tested.","practices.53 This Maturity Model describes the characteristics of the information governance and recordkeeping environment at five levels of maturity for each of the eight GARP principles: • Level 1 Sub-Standard: Information governance and recordkeeping concerns are not addressed or just minimally • Level 2 In Development: Developing recognition that… 53 ARMA International, Information Governance Maturity Model, http://bit.ly/2sPWGOe.",338; 339,321,5.1.1 Records Management Maturity,True
practice-test-2-q053,Practice Test 2,53,multiple-choice,Document and content management,Original 490,Original,CDMP - Data Management Fundamentals Exam Questions (Z-Library),53,A e-discovery readiness assessment should examine and identify opportunities for the commercial response program.,A. True | B. False,B,False,B,False,verified,,"The statement is False. The cited DMBOK material defines or describes the concept in a way that does not support the wording in the question. Pay attention to the exact scope, qualifiers, and terminology used by DMBOK.",A readiness assessment should examine and identify improvement opportunities for the litigation response program.,339,321,5.1.2 E-discovery Assessment,True
practice-test-2-q054,Practice Test 2,54,multiple-choice,Document and content management,Original 490,Original,CDMP - Data Management Fundamentals Exam Questions (Z-Library),54,One of the percentages used to measure the success of a records management system implementation is the percentage of identified corporate records declared as such and put under records control.,A. True | B. False,A,True,A,True,verified,,"The statement is True. The cited DMBOK material defines or describes the concept in a way that supports the wording in the question. Pay attention to the exact scope, qualifiers, and terminology used by DMBOK.",Criteria to measure success of a records management system implementation can include the following percentages: • Percentage of total documents and email per user identified as corporate records • Percentage of the identified corporate records declared as such and put under records control • Percentage of total stored records that have the proper retention…,343,325,6.4.1 Records Management,True
practice-test-2-q055,Practice Test 2,55,multi-select,Document and content management,Original 490,Original,CDMP - Data Management Fundamentals Exam Questions (Z-Library),55,"Some document management systems have a module that may support different types of workflows, such as:",A. Dynamic rules that allow for different workflows based in content | B. Rules that workflow as the data requirements change | C. Manual workflows that indicate where the user send the document | D. Transaction time to audit and log data flow,A; C,Dynamic rules that allow for different workflows based in content; Manual workflows that indicate where the user send the document,A; C,Dynamic rules that allow for different workflows based in content; Manual workflows that indicate where the user send the document,verified,,"The correct selections match the elements, principles, activities, or examples associated with the concept on the cited DMBOK page(s). The remaining choices either introduce a different concept, reverse a condition, or fall outside the set being tested.","Some document management systems have a module that may support different types of workflows, such as: • Manual workflows that indicate where the user sends the document • Rules-based workflow, where rules are created that dictate the flow of the document within an organization • Dynamic rules that allow for different workflows based on content Document…",331,314,3.1.1 Document Management,True
practice-test-2-q056,Practice Test 2,56,multiple-choice,Document and content management,Original 490,Original,CDMP - Data Management Fundamentals Exam Questions (Z-Library),56,"Effective document management requires clear policies and procedures, especially regarding retention and disposal of records.",A. True | B. False,A,True,A,True,verified,,"The statement is True. The cited DMBOK material defines or describes the concept in a way that supports the wording in the question. Pay attention to the exact scope, qualifiers, and terminology used by DMBOK.","Effective document / records management requires clear policies and procedures, especially regarding retention and disposal of records.",328,311,2.2.4 Manage Retention and Disposal,True
practice-test-2-q057,Practice Test 2,57,multi-select,Reference and master data,Original 490,Original,CDMP - Data Management Fundamentals Exam Questions (Z-Library),57,Metrics tied to Reference and Master Data quality include:,A. Total cost of ownership | B. Data change activity | C. Strategic usage reporting | D. Amsterdam Information Model,A; B,Total cost of ownership; Data change activity,A; B,Total cost of ownership; Data change activity,verified,,"The correct selections match the elements, principles, activities, or examples associated with the concept on the cited DMBOK page(s). The remaining choices either introduce a different concept, reverse a condition, or fall outside the set being tested.",Certain metrics can be tied to Reference and Master Data Quality and the processes that support these efforts: • Data Quality and compliance: DQ dashboards can describe the quality of Reference and Master Data.,379,359,6.1 Metrics,True
practice-test-2-q058,Practice Test 2,58,multi-select,Reference and master data,Original 490,Original,CDMP - Data Management Fundamentals Exam Questions (Z-Library),58,"The first two steps of the Reference Data change request process, as prescribed by DMBOK2, include:",A. Decide and Communicate | B. Update and Inform | C. Identify Stakeholder | D. Receive Change Request | E. Identify Impact,C; D,Identify Stakeholder; Receive Change Request,C; D,Identify Stakeholder; Receive Change Request,verified,,"The correct selections match the elements, principles, activities, or examples associated with the concept on the cited DMBOK page(s). The remaining choices either introduce a different concept, reverse a condition, or fall outside the set being tested.",Figure 78 Reference Data Change Request Process,377,357,4.3 Manage Reference Data Change,True
practice-test-2-q059,Practice Test 2,59,multiple-choice,Reference and master data,Original 490,Original,CDMP - Data Management Fundamentals Exam Questions (Z-Library),59,Those responsible for the data-sharing environment have an obligation to downstream data consumers to provide high quality data.,A. True | B. False,A,True,A,True,verified,,"The statement is True. The cited DMBOK material defines or describes the concept in a way that supports the wording in the question. Pay attention to the exact scope, qualifiers, and terminology used by DMBOK.",Those responsible for the data-sharing environment have an obligation to downstream data consumers to provide high quality data.,377,357,4.4 Data Sharing Agreements,True
practice-test-2-q060,Practice Test 2,60,multi-select,Reference and master data,Original 490,Original,CDMP - Data Management Fundamentals Exam Questions (Z-Library),60,"Reference and master data require governance processes, including:",A. The data sources to be integrated | B. Compliance framework | C. The conditions of use rules to be followed | D. Emotions matrix | E. The priority and response levels of data stewardship efforts | F. None of the above,A; C; E,The data sources to be integrated; The conditions of use rules to be followed; The priority and response levels of data stewardship efforts,A; C; E,The data sources to be integrated; The conditions of use rules to be followed; The priority and response levels of data stewardship efforts,verified,,"The correct selections match the elements, principles, activities, or examples associated with the concept on the cited DMBOK page(s). The remaining choices either introduce a different concept, reverse a condition, or fall outside the set being tested.",Governance processes will determine: • The data sources to be integrated • The Data Quality rules to be enforced • The conditions of use rules to be followed • The activities to be monitored and the frequency of monitoring • The priority and response levels of data stewardships efforts • How information is to be represented to meet stakeholder needs •…,378,358,4.4 Data Sharing Agreements,True
practice-test-2-q061,Practice Test 2,61,multiple-choice,Reference and master data,Original 490,Original,CDMP - Data Management Fundamentals Exam Questions (Z-Library),61,"Changes to reference data do not need to be management, only metadata should be managed.",A. True | B. False,B,False,B,False,verified,,"The statement is False. The cited DMBOK material defines or describes the concept in a way that does not support the wording in the question. Pay attention to the exact scope, qualifiers, and terminology used by DMBOK.",Many Reference Data Management tools include workflows to manage review and approval of changes to Reference Data. Changes to Reference Data will need to be managed.,376,355; 356,2.2.5 Define Stewardship and Maintenance Processes,True
practice-test-2-q062,Practice Test 2,62,multi-select,Reference and master data,Original 490,Original,CDMP - Data Management Fundamentals Exam Questions (Z-Library),62,Inputs in the reference and master data context diagram include:,A. Business Drivers | B. Business model | C. Cultural Drivers | D. Data Glossary | E. All of the above | F. None of the above,A; D,Business Drivers; Data Glossary,A; D,Business Drivers; Data Glossary,verified,,"The correct selections match the elements, principles, activities, or examples associated with the concept on the cited DMBOK page(s). The remaining choices either introduce a different concept, reverse a condition, or fall outside the set being tested.",C H A P T E R 10 Reference and Master Data Figure 75 Context Diagram: Reference and Master Data Definition: Managing reconciled and integrated data through stewardship and semantic consistency in support of enterprise-wide needs to share its data assets.,348,329; 330,Reference and master data,True
practice-test-2-q063,Practice Test 2,63,multiple-choice,Reference and master data,Original 490,Original,CDMP - Data Management Fundamentals Exam Questions (Z-Library),63,A business driver for Master Data Management program is managing data quality.,A. True | B. False,A,True,A,True,verified,,"The statement is True. The cited DMBOK material defines or describes the concept in a way that supports the wording in the question. Pay attention to the exact scope, qualifiers, and terminology used by DMBOK.","The goals of a Reference and Master Data Management program include: • Ensuring the organization has complete, consistent, current, authoritative Master and Reference Data across organizational processes • Enabling Master and Reference Data to be shared across enterprise functions and applications • Lowering the cost and reducing the complexity of data… Improving the availability and quality of Reference and Master Data has a dramatic impact on overall quality of the data and business confidence in data.",349,331,1.2 Goals and Principles,True
practice-test-2-q064,Practice Test 2,64,multiple-choice,Reference and master data,Original 490,Original,CDMP - Data Management Fundamentals Exam Questions (Z-Library),64,A goal of a Reference and Master Data Management program include enabling master and reference data to be shared across enterprise functions and applications.,A. True | B. False,A,True,A,True,verified,,"The statement is True. The cited DMBOK material defines or describes the concept in a way that supports the wording in the question. Pay attention to the exact scope, qualifiers, and terminology used by DMBOK.","The goals of a Reference and Master Data Management program include: • Ensuring the organization has complete, consistent, current, authoritative Master and Reference Data across organizational processes • Enabling Master and Reference Data to be shared across enterprise functions and applications • Lowering the cost and reducing the complexity of data…",349,331,1.2 Goals and Principles,True
practice-test-2-q065,Practice Test 2,65,multi-select,Reference and master data,Original 490,Original,CDMP - Data Management Fundamentals Exam Questions (Z-Library),65,Reference and Master Data Management follow these guiding principles:,A. Controlled change | B. Obtaining buy-in from all stakeholders | C. Ownership | D. Monitoring the resistance | E. Stewardship | F. Addressing all queries,A; C; E,Controlled change; Ownership; Stewardship,A; C; E,Controlled change; Ownership; Stewardship,verified,,"The correct selections match the elements, principles, activities, or examples associated with the concept on the cited DMBOK page(s). The remaining choices either introduce a different concept, reverse a condition, or fall outside the set being tested.","The goals of a Reference and Master Data Management program include: • Ensuring the organization has complete, consistent, current, authoritative Master and Reference Data across organizational processes • Enabling Master and Reference Data to be shared across enterprise functions and applications • Lowering the cost and reducing the complexity of data… • Quality: Reference and Master Data Management require ongoing Data Quality monitoring and governance.",350,331; 332,1.2 Goals and Principles,True
practice-test-2-q066,Practice Test 2,66,multiple-choice,Reference and master data,Original 490,Original,CDMP - Data Management Fundamentals Exam Questions (Z-Library),66,An implemented warehouse and its customer-facing BI tools is a technology product.,A. True | B. False,B,False,B,False,verified,,"The statement is False. The cited DMBOK material defines or describes the concept in a way that does not support the wording in the question. Pay attention to the exact scope, qualifiers, and terminology used by DMBOK.","• Product data in a Customer Relationship Management (CRM) system that supports marketing, sales, and support interactions can include product family and brands, sales rep association, and customer territory management, as well as marketing campaigns. A CRM system might serve as the system of record for customer data, while an ERP system might serve as the system of record for financial and product data.",399,348; 349,1.3.3.8 Product Master Data,True
practice-test-2-q067,Practice Test 2,67,multi-select,Data warehouse and business intelligence,Original 490,Original,CDMP - Data Management Fundamentals Exam Questions (Z-Library),67,"The impact of the changes from new volatile data must be isolated from the bulk of the historical, non-volatile DW data. There are three main approaches, including:",A. Trickle Feeds | B. Data | C. Messaging | D. Technology | E. Streaming | F. All of the above,A; C; E,Trickle Feeds; Messaging; Streaming,A; C; E,Trickle Feeds; Messaging; Streaming,verified,,"The correct selections match the elements, principles, activities, or examples associated with the concept on the cited DMBOK page(s). The remaining choices either introduce a different concept, reverse a condition, or fall outside the set being tested.","The impact of the changes from new volatile data must be isolated from the bulk of the historical, non-volatile DW data.",394,373,1.3.8.3 Near-real-time and Real-time,True
practice-test-2-q068,Practice Test 2,68,multiple-choice,Data warehouse and business intelligence,Original 490,Original,CDMP - Data Management Fundamentals Exam Questions (Z-Library),68,The best DW/BI architects will design a mechanism to connect back to transactional level and operational level reports in an atomic DW.,A. True | B. False,A,True,A,True,verified,,"The statement is True. The cited DMBOK material defines or describes the concept in a way that supports the wording in the question. Pay attention to the exact scope, qualifiers, and terminology used by DMBOK.",The best DW/BI architectures will design a mechanism to connect back to transactional level and operational level reports in an atomic DW.,395,374,2.2.1 Define DW/BI Technical Architecture,True
practice-test-2-q069,Practice Test 2,69,multiple-choice,Data warehouse and business intelligence,Original 490,Original,CDMP - Data Management Fundamentals Exam Questions (Z-Library),69,Implementing a BI portfolio is about identifying the right tools for the right user communities within or across business units.,A. True | B. False,A,True,A,True,verified,,"The statement is True. The cited DMBOK material defines or describes the concept in a way that supports the wording in the question. Pay attention to the exact scope, qualifiers, and terminology used by DMBOK.",Implementing the BI Portfolio is about identifying the right tools for the right user communities within or across business units.,398,377,2.5 Implement the Business Intelligence Portfolio,True
practice-test-2-q070,Practice Test 2,70,multi-select,Data warehouse and business intelligence,Original 490,Original,CDMP - Data Management Fundamentals Exam Questions (Z-Library),70,"Typically, DW/BI projects have three concurrent development tracks, including:",A. Trickle Feeds | B. Data | C. Messaging | D. Technology | E. Streaming | F. BI Tools,B; D; F,Data; Technology; BI Tools,B; D; F,Data; Technology; BI Tools,verified,,"The correct selections match the elements, principles, activities, or examples associated with the concept on the cited DMBOK page(s). The remaining choices either introduce a different concept, reverse a condition, or fall outside the set being tested.","Typically, DW/BI projects have three concurrent development tracks: • Data: The data necessary to support the analysis the business wants to do.",396,375,2.3 Develop the Data Warehouse and Data Marts,True
practice-test-2-q071,Practice Test 2,71,multi-select,Data warehouse and business intelligence,Original 490,Original,CDMP - Data Management Fundamentals Exam Questions (Z-Library),71,BI tool types include:,"A. Operational reporting | B. Diagnostic, self-service analytics | C. Data lake extraction | D. BPM | E. Reduction of risk | F. Descriptive, self-service analytics",A; D; F,"Operational reporting; BPM; Descriptive, self-service analytics",A; D; F,"Operational reporting; BPM; Descriptive, self-service analytics",verified,,"The correct selections match the elements, principles, activities, or examples associated with the concept on the cited DMBOK page(s). The remaining choices either introduce a different concept, reverse a condition, or fall outside the set being tested.","• Descriptive, self-service analytics provides BI to the front lines of the business, where analytical capabilities guide operational decisions.",404,383,3.3 Business Intelligence Tools Types,True
practice-test-2-q072,Practice Test 2,72,multi-select,Data warehouse and business intelligence,Original 490,Original,CDMP - Data Management Fundamentals Exam Questions (Z-Library),72,Common OLAP operations include:,A. Cut | B. Slice | C. Dice | D. Roll-up | E. Drill down/up | F. All of the above,B; C; D; E,Slice; Dice; Roll-up; Drill down/up,B; C; D; E,Slice; Dice; Roll-up; Drill down/up,verified,,"The correct selections match the elements, principles, activities, or examples associated with the concept on the cited DMBOK page(s). The remaining choices either introduce a different concept, reverse a condition, or fall outside the set being tested.","Common OLAP operations include slice and dice, drill down, drill up, roll up, and pivot.",407,385,3.3.3.1 Multi-dimensional Analysis – OLAP,True
practice-test-2-q073,Practice Test 2,73,multi-select,Data warehouse and business intelligence,Original 490,Original,CDMP - Data Management Fundamentals Exam Questions (Z-Library),73,Critical success factors throughout the BI/DW lifecycle include:,A. A clear and consistent focus | B. Business sponsorship | C. Business readiness | D. A consistent line across display methods | E. Vision alignment | F. Linear symmetry,B; D; E,Business sponsorship; A consistent line across display methods; Vision alignment,B; D; E,Business sponsorship; A consistent line across display methods; Vision alignment,verified,,"The correct selections match the elements, principles, activities, or examples associated with the concept on the cited DMBOK page(s). The remaining choices either introduce a different concept, reverse a condition, or fall outside the set being tested.",• Vision alignment: How well does the IT Strategy support the Business Vision?,410,389,5.4 Organization and Cultural Change,True
practice-test-2-q074,Practice Test 2,74,multiple-choice,Data warehouse and business intelligence,Original 490,Original,CDMP - Data Management Fundamentals Exam Questions (Z-Library),74,"Business Intelligence, among other things, refers to the technology that supports this kind of analysis.",A. True | B. False,A,True,A,True,verified,,"The statement is True. The cited DMBOK material defines or describes the concept in a way that supports the wording in the question. Pay attention to the exact scope, qualifiers, and terminology used by DMBOK.",C H A P T E R 11 Data Warehousing and Business Intelligence Implement the Business Intelligence Portfolio (D) 6.,384,361; 362,Data warehouse and business intelligence,True
practice-test-2-q075,Practice Test 2,75,multiple-choice,Data warehouse and business intelligence,Original 490,Original,CDMP - Data Management Fundamentals Exam Questions (Z-Library),75,The data warehouse and marts differ from that in applications as the data is organized by subject rather than function.,A. True | B. False,A,True,A,True,verified,,"The statement is True. The cited DMBOK material defines or describes the concept in a way that supports the wording in the question. Pay attention to the exact scope, qualifiers, and terminology used by DMBOK.","For example, • The purpose shifts from execution of operational functions to analysis • End users of systems move from front line workers to decision-makers • System usage moves from fixed operations to ad hoc uses • Response time requirements are relaxed (strategic decisions take more time than do daily operations) • Much more data is involved in each… • Subject-oriented: The data warehouse is organized based on major business entities, rather than focusing on a functional or application.",387,365; 367,1.3.5 Corporate Information Factory (Inmon),True
practice-test-2-q076,Practice Test 2,76,multi-select,Metadata management,Original 490,Original,CDMP - Data Management Fundamentals Exam Questions (Z-Library),76,Deliverables in the Metadata Management context diagram include:,A. Metadata Strategy | B. Metadata Standards | C. Data Lineage | D. Metadata Architecture | E. Metadata design | F. Data storage and operations,A; B; C; D,Metadata Strategy; Metadata Standards; Data Lineage; Metadata Architecture,A; B; C; D,Metadata Strategy; Metadata Standards; Data Lineage; Metadata Architecture,verified,,"The correct selections match the elements, principles, activities, or examples associated with the concept on the cited DMBOK page(s). The remaining choices either introduce a different concept, reverse a condition, or fall outside the set being tested.","Figure 84 Context Diagram: Metadata Definition: Planning, Implementation, and control activities that contributes to the ability to process, maintain, integrate, secure, audit and govern other data Goals: 1.",419,396,Metadata management,True
practice-test-2-q077,Practice Test 2,77,multiple-choice,Metadata management,Original 490,Original,CDMP - Data Management Fundamentals Exam Questions (Z-Library),77,"Metadata is described using different set of categories, including:","A. Prescriptive Metadata, Serial Metada, Administrative Metadata | B. Diagnostic Metadata, Structural Metada, Administrative Metadata | C. Descriptive Metadata, Serial Metada, Administrative Metadata | D. Descriptive Metadata, Structural Metada, Administrative Metadata | E. None of the above",D,"Descriptive Metadata, Structural Metada, Administrative Metadata",D,"Descriptive Metadata, Structural Metada, Administrative Metadata",verified,,"The correct option matches the DMBOK definition, relationship, or classification used on the cited page(s). The distractors either omit a required element, add an unsupported qualifier, or describe a neighboring concept rather than the one asked for.","Outside of information technology, for example, in library or information science, Metadata is described using a different set of categories: • Descriptive Metadata (e.g., title, author, and subject) describes a resource and enables identification and retrieval.",422,400,1.3.2 Types of Metadata,True
practice-test-2-q078,Practice Test 2,78,multi-select,Metadata management,Original 490,Original,CDMP - Data Management Fundamentals Exam Questions (Z-Library),78,Types of metadata include:,A. Technical | B. Strategic | C. Operational | D. Column-orientated | E. Business | F. Graph,A; C; E,Technical; Operational; Business,A; C; E,Technical; Operational; Business,verified,,"The correct selections match the elements, principles, activities, or examples associated with the concept on the cited DMBOK page(s). The remaining choices either introduce a different concept, reverse a condition, or fall outside the set being tested.","Examples of Technical Metadata include: • Physical database table and column names • Column properties • Database object properties Metadata is often categorized into three types: business, technical, and operational.",423,399; 400,1.3.2.2 Technical Metadata,True
practice-test-2-q079,Practice Test 2,79,multi-select,Metadata management,Original 490,Original,CDMP - Data Management Fundamentals Exam Questions (Z-Library),79,Examples of technical metadata include:,A. Conceptual | B. Access permissions | C. Internal | D. ETL job details | E. Column Properties,A; D; E,Conceptual; ETL job details; Column Properties,A; D; E,Conceptual; ETL job details; Column Properties,verified,,"The correct selections match the elements, principles, activities, or examples associated with the concept on the cited DMBOK page(s). The remaining choices either introduce a different concept, reverse a condition, or fall outside the set being tested.",Examples of Technical Metadata include: • Physical database table and column names • Column properties • Database object properties,423,400,1.3.2.2 Technical Metadata,True
practice-test-2-q080,Practice Test 2,80,multiple-choice,Metadata management,Original 490,Original,CDMP - Data Management Fundamentals Exam Questions (Z-Library),80,Structural Metadata describes relationships within and among resources and enables identification and retrieval.,A. True | B. False,A,True,A,True,verified,,"The statement is True. The cited DMBOK material defines or describes the concept in a way that supports the wording in the question. Pay attention to the exact scope, qualifiers, and terminology used by DMBOK.","• Structural Metadata describes relationships within and among resources and their component parts (e.g., number of pages, number of chapters).",422,400,1.3.2 Types of Metadata,True
practice-test-2-q081,Practice Test 2,81,multiple-choice,Metadata management,Original 490,Original,CDMP - Data Management Fundamentals Exam Questions (Z-Library),81,"Please select the user that best describes the following description: Uses the business glossary to make architecture, systems design, and development decisions, and to conduct the impact analysis.",A. Business user | B. Analytical user | C. Technical user | D. Advanced user | E. None of the above,C,Technical user,C,Technical user,verified,,"The correct option matches the DMBOK definition, relationship, or classification used on the cited page(s). The distractors either omit a required element, add an unsupported qualifier, or describe a neighboring concept rather than the one asked for.","• Technical users: Technical users use the business glossary to make architecture, systems design, and development decisions, and to conduct impact analysis.",427,404,1.3.5.2 Business Glossary,True
practice-test-2-q082,Practice Test 2,82,multiple-choice,Metadata management,Original 490,Original,CDMP - Data Management Fundamentals Exam Questions (Z-Library),82,SOA is an abbreviation for service orientated architecture.,A. True | B. False,A,True,A,True,verified,,"The statement is True. The cited DMBOK material defines or describes the concept in a way that supports the wording in the question. Pay attention to the exact scope, qualifiers, and terminology used by DMBOK.",A service registry manages and stores the technical information about services and service end-points from a service-oriented architecture (SOA) perspective.,430,407,1.3.5.14 Service Registries,True
practice-test-2-q083,Practice Test 2,83,multi-select,Metadata management,Original 490,Original,CDMP - Data Management Fundamentals Exam Questions (Z-Library),83,Advantages of a centralized metadata repository include:,"A. Low latency, since it is independent of the source systems | B. Combining data from multiple other tables in advance to avoid costly run-time joins | C. Quick metadata retrieval | D. High availability | E. All of the above | F. None of the above",C; D,Quick metadata retrieval; High availability,C; D,Quick metadata retrieval; High availability,verified,,"The correct selections match the elements, principles, activities, or examples associated with the concept on the cited DMBOK page(s). The remaining choices either introduce a different concept, reverse a condition, or fall outside the set being tested.","Advantages of a centralized repository include: • High availability, since it is independent of the source systems • Quick Metadata retrieval, since the repository and the query reside together • Resolved database structures not affected by the proprietary nature of third party or commercial systems • Extracted Metadata may be transformed, customized, or…",431,408,1.3.6.1 Centralized Metadata Architecture,True
practice-test-2-q084,Practice Test 2,84,multiple-choice,Metadata management,Original 490,Original,CDMP - Data Management Fundamentals Exam Questions (Z-Library),84,A limitation of the centralized metadata repository approach is it may be less expensive.,A. True | B. False,B,False,B,False,verified,,"The statement is False. The cited DMBOK material defines or describes the concept in a way that does not support the wording in the question. Pay attention to the exact scope, qualifiers, and terminology used by DMBOK.",Figure 85 Centralized Metadata Architecture Metadata Portal ENTERPRISE METADATA REPOSITORY BI Tools Modeling Tools ETL Tools Services Repository DBMS Tools Reference Data Data Quality Tools Messaging Tools Configura- tion Tools The Metadata portal passes the request to the centralized Metadata repository.,431,408; 409,1.3.6.1 Centralized Metadata Architecture,True
practice-test-2-q085,Practice Test 2,85,multiple-choice,Metadata management,Original 490,Original,CDMP - Data Management Fundamentals Exam Questions (Z-Library),85,A completely distributed architecture maintains a single access point. The metadata retrieval engine responds to user requests by retrieving data from source systems in real time.,A. True | B. False,A,True,A,True,verified,,"The statement is True. The cited DMBOK material defines or describes the concept in a way that supports the wording in the question. Pay attention to the exact scope, qualifiers, and terminology used by DMBOK.",The Metadata retrieval engine responds to user requests by retrieving data from source systems in real time; there is no persistent repository.,432,409,1.3.6.2 Distributed Metadata Architecture,True
practice-test-2-q086,Practice Test 2,86,multi-select,Metadata management,Original 490,Original,CDMP - Data Management Fundamentals Exam Questions (Z-Library),86,Control activities to manage metadata stores include:,A. Load statistical analysis | B. Definitions resolutions improvement | C. Roadmap extrapolation | D. Missing metadata reports | E. Lineage | F. Job scheduling and monitoring,A; D; F,Load statistical analysis; Missing metadata reports; Job scheduling and monitoring,A; D; F,Load statistical analysis; Missing metadata reports; Job scheduling and monitoring,verified,,"The correct selections match the elements, principles, activities, or examples associated with the concept on the cited DMBOK page(s). The remaining choices either introduce a different concept, reverse a condition, or fall outside the set being tested.","Control activities include: • Job scheduling and monitoring • Load statistical analysis • Backup, recovery, archive, purging • Configuration modifications • Performance tuning • Query statistics analysis • Query and report generation • Security management Quality control activities include: • Quality assurance, quality control • Frequency of data update –…",437; 438,414,2.3.3 Manage Metadata Stores,True
practice-test-2-q087,Practice Test 2,87,multiple-choice,Data quality,Original 490,Original,CDMP - Data Management Fundamentals Exam Questions (Z-Library),87,Many people assume that most data quality issues are caused by data entry errors. A more sophisticated understanding recognizes that gaps in or execution of business and technical processes cause many more problems that mis-keying.,A. True | B. False,A,True,A,True,verified,,"The statement is True. The cited DMBOK material defines or describes the concept in a way that supports the wording in the question. Pay attention to the exact scope, qualifiers, and terminology used by DMBOK.",A more sophisticated understanding recognizes that gaps in – or poor execution of – business and technical processes cause many more problems than mis-keying.,465,436,1.3.5 Common Causes of Data Quality Issues,True
practice-test-2-q088,Practice Test 2,88,multi-select,Data quality,Original 490,Original,CDMP - Data Management Fundamentals Exam Questions (Z-Library),88,Issues caused by data entry processes include:,A. Field overloading | B. Data entry interface issues | C. Training issues | D. List entry placement | E. Changes to business processes | F. None of the above,A; B; C; D; E,Field overloading; Data entry interface issues; Training issues; List entry placement; Changes to business processes,A; B; C; D; E,Field overloading; Data entry interface issues; Training issues; List entry placement; Changes to business processes,verified,,"The correct selections match the elements, principles, activities, or examples associated with the concept on the cited DMBOK page(s). The remaining choices either introduce a different concept, reverse a condition, or fall outside the set being tested.",• Field overloading: Some organizations re-use fields over time for different business purposes rather than making changes to the data model and user interface. • Training issues: Lack of process knowledge can lead to incorrect data entry even if controls and edits are in place.,466; 467,437; 438,1.3.5.2 Issues Caused by Data Entry Processes,True
practice-test-2-q089,Practice Test 2,89,multiple-choice,Data quality,Original 490,Original,CDMP - Data Management Fundamentals Exam Questions (Z-Library),89,Data quality issues cannot emerge at any point in the data lifecycle.,A. True | B. False,B,False,B,False,verified,,"The statement is False. The cited DMBOK material defines or describes the concept in a way that does not support the wording in the question. Pay attention to the exact scope, qualifiers, and terminology used by DMBOK.",Figure 93 Sources of Data Quality Issues Data Quality issues can emerge at any point in the data lifecycle – from creation to disposal.,465,436,1.3.5 Common Causes of Data Quality Issues,True
practice-test-2-q090,Practice Test 2,90,multi-select,Data quality,Original 490,Original,CDMP - Data Management Fundamentals Exam Questions (Z-Library),90,Barriers to effective management of data quality include:,A. Lack of awareness on the part of leadership and staff | B. Lack of business governance | C. Lack of leadership and management | D. Difficulty in justification of improvements | E. Inappropriate or ineffective instruments to measure value | F. None of the above,A; B; C; D; E,Lack of awareness on the part of leadership and staff; Lack of business governance; Lack of leadership and management; Difficulty in justification of improvements; Inappropriate or ineffective instruments to measure value,A; B; C; D; E,Lack of awareness on the part of leadership and staff; Lack of business governance; Lack of leadership and management; Difficulty in justification of improvements; Inappropriate or ineffective instruments to measure value,verified,,"The correct selections match the elements, principles, activities, or examples associated with the concept on the cited DMBOK page(s). The remaining choices either introduce a different concept, reverse a condition, or fall outside the set being tested.",Barriers to effective management of Data Quality include:75 • Lack of awareness on the part of leadership and staff • Lack of priority • Lack of business governance • Lack of leadership and management • Difficulty in justification of improvements • Inappropriate or ineffective instruments to measure value These barriers have negative effects on customer…,466,437,1.3.5.1 Issues Caused by Lack of Oversight,True
practice-test-2-q091,Practice Test 2,91,multiple-choice,Data quality,Original 490,Original,CDMP - Data Management Fundamentals Exam Questions (Z-Library),91,Data profiling is a form of data analysis used to inspect data and assess quality.,A. True | B. False,A,True,A,True,verified,,"The statement is True. The cited DMBOK material defines or describes the concept in a way that supports the wording in the question. Pay attention to the exact scope, qualifiers, and terminology used by DMBOK.",Data Profiling is a form of data analysis used to inspect data and assess quality.,470,456,4.2 Data Profiling,True
practice-test-2-q092,Practice Test 2,92,multiple-choice,Data quality,Original 490,Original,CDMP - Data Management Fundamentals Exam Questions (Z-Library),92,Improving data quality requires a strategy that accounts for the work that needs to be done and the way people will execute it.,A. True | B. False,A,True,A,True,verified,,"The statement is True. The cited DMBOK material defines or describes the concept in a way that supports the wording in the question. Pay attention to the exact scope, qualifiers, and terminology used by DMBOK.",Improving Data Quality requires an approach that accounts for the work that needs to be done and the way people will execute it.,474,440,2.1 Define a Data Quality Framework,True
practice-test-2-q093,Practice Test 2,93,multiple-choice,Data quality,Original 490,Original,CDMP - Data Management Fundamentals Exam Questions (Z-Library),93,All data is of equal importance. Data quality management efforts should be spread between all the data in the organization.,A. True | B. False,B,False,B,False,verified,,"The statement is False. The cited DMBOK material defines or describes the concept in a way that does not support the wording in the question. Pay attention to the exact scope, qualifiers, and terminology used by DMBOK.",Not all data is of equal importance.,474,441,2.2 Define High Quality Data,True
practice-test-2-q094,Practice Test 2,94,multiple-choice,Data quality,Original 490,Original,CDMP - Data Management Fundamentals Exam Questions (Z-Library),94,"Once the most critical business needs and the data that supports them have been identified, the most important part of the data quality assessment is actually looking data, querying it to understand data content and relationships, and comparing actual data to rules and expectations.",A. True | B. False,A,True,A,True,verified,,"The statement is True. The cited DMBOK material defines or describes the concept in a way that supports the wording in the question. Pay attention to the exact scope, qualifiers, and terminology used by DMBOK.","Once the most critical business needs and the data that supports them have been identified, the most important part of the Data Quality Assessment is actually looking at that data, querying it to understand data content and relationships, and comparing actual data to rules and expectations.",478,443,2.4 Perform an Initial Data Quality Assessment,True
practice-test-2-q095,Practice Test 2,95,multiple-choice,Data quality,Original 490,Original,CDMP - Data Management Fundamentals Exam Questions (Z-Library),95,The operational data quality management procedures depend on the ability to measure and monitor the applicability of data.,A. True | B. False,B,False,B,False,verified,,"The statement is False. The cited DMBOK material defines or describes the concept in a way that does not support the wording in the question. Pay attention to the exact scope, qualifiers, and terminology used by DMBOK.",The operational Data Quality Management procedures depend on the ability to measure and monitor the quality of data.,479,446,2.7.2 Measure and Monitor Data Quality,True
practice-test-2-q096,Practice Test 2,96,multi-select,Data quality,Original 490,Original,CDMP - Data Management Fundamentals Exam Questions (Z-Library),96,The best preventative actions to prevent poor-quality data from entering an organisation include:,A. Institute a formal change control | B. Define and enforce rules | C. Train data procedures | D. Implement data governance and stewardship | E. Establish data entry controls | F. None of the above,A; B; C; D; E,Institute a formal change control; Define and enforce rules; Train data procedures; Implement data governance and stewardship; Establish data entry controls,A; B; C; D; E,Institute a formal change control; Define and enforce rules; Train data procedures; Implement data governance and stewardship; Establish data entry controls,verified,,"The correct selections match the elements, principles, activities, or examples associated with the concept on the cited DMBOK page(s). The remaining choices either introduce a different concept, reverse a condition, or fall outside the set being tested.",Approaches include: • Establish data entry controls: Create data entry rules that prevent invalid or inaccurate data from entering a system. • Institute formal change control: Ensure all changes to stored data are defined and tested before being implemented.,486,457; 458,4.4 Effective Data Quality Metrics,True
practice-test-2-q097,Practice Test 2,97,multiple-choice,Data quality,Original 490,Original,CDMP - Data Management Fundamentals Exam Questions (Z-Library),97,Corrective actions are implemented after a problem has occurred and been detected.,A. True | B. False,A,True,A,True,verified,,"The statement is True. The cited DMBOK material defines or describes the concept in a way that supports the wording in the question. Pay attention to the exact scope, qualifiers, and terminology used by DMBOK.",Corrections are implemented after a problem has occurred and been detected.,486,458,4.6 Corrections,True
practice-test-2-q098,Practice Test 2,98,multiple-choice,Big data and data science,Original 490,Original,CDMP - Data Management Fundamentals Exam Questions (Z-Library),98,"Data science merges data mining, statistical analysis, and machine learning with the integration and data modelling capabilities, to build predictive models that explore data content patterns.",A. True | B. False,A,True,A,True,verified,,"The statement is True. The cited DMBOK material defines or describes the concept in a way that supports the wording in the question. Pay attention to the exact scope, qualifiers, and terminology used by DMBOK.","As noted in the chapter introduction, Data Science merges data mining, statistical analysis, and machine learning with data integration and data modeling capabilities, to build predictive models that explore data content patterns.",500,474,1.3.1 Data Science,True
practice-test-2-q099,Practice Test 2,99,multi-select,Big data and data science,Original 490,Original,CDMP - Data Management Fundamentals Exam Questions (Z-Library),99,Data science depends on:,A. Rich data sources | B. Information alignment and analysis | C. Information delivery | D. Presentation of findings and data insights,A; B; C; D,Rich data sources; Information alignment and analysis; Information delivery; Presentation of findings and data insights,A; B; C; D,Rich data sources; Information alignment and analysis; Information delivery; Presentation of findings and data insights,verified,,"The correct selections match the elements, principles, activities, or examples associated with the concept on the cited DMBOK page(s). The remaining choices either introduce a different concept, reverse a condition, or fall outside the set being tested.",Data Science depends on: • Rich data sources: Data with the potential to show otherwise invisible patterns in organizational or customer behavior • Information alignment and analysis: Techniques to understand data content and combine data sets to hypothesize and test meaningful patterns • Information delivery: Running models and mathematical algorithms…,500,474,1.3.1 Data Science,True
practice-test-2-q100,Practice Test 2,100,multiple-choice,Big data and data science,Original 490,Original,CDMP - Data Management Fundamentals Exam Questions (Z-Library),100,"In the context of big data the Three V’s refer to: Volume, Velocity and Validity",A. True | B. False,B,False,B,False,verified,,"The statement is False. The cited DMBOK material defines or describes the concept in a way that does not support the wording in the question. Pay attention to the exact scope, qualifiers, and terminology used by DMBOK.","Early efforts to define the meaning of Big Data characterized it in terms of the Three V’s: Volume, Velocity, Variety (Laney, 2001). Figure 100 Conceptual DW/BI and Big Data Architecture",502,476; 477,1.3.3 Big Data,True
dsp1-q002,Chapter 2,2,multiple-choice,Data Handling Ethics,Data Strategy Professionals Set 1,Combined Sources,Data Strategy Professionals Question Set #1,2,Which of the following is NOT included in the 2015 opinion of the European Data Protection Supervisor (EDPS) on digital ethics?,A. Right to request removal of personal data | B. Accountable controllers who determine personal information processing | C. Privacy-conscious engineering and design of data processing products and services | D. Future-oriented regulation of data processing and respect for the rights to privacy and to data protection | E. Empowered individuals,A,Right to request removal of personal data,A,Right to request removal of personal data,verified,,"In 2015, the European Data Protection Supervisor published an opinion on digital ethics highlighting the “engineering, philosophical, legal, and moral implications” of developments in data processing and Big Data. It called for a focus on data processing that upholds human dignity, and set out four pillars required for an information ecosystem that ensures ethical treatment of data. The four pillars are answer choices B through E","In 2015, the European Data Protection Supervisor published an opinion on digital ethics highlighting the",52,54,3.1 Ethical Principles for Data,True
dsp1-q003,Chapter 3,3,multiple-choice,Data Governance,Data Strategy Professionals Set 1,Combined Sources,Data Strategy Professionals Question Set #1,3,"Within the Data Governance framework, which component incorporates education, training, and raising awareness?",A. Roles | B. Processes | C. Communication | D. Data | E. Tools,C,Communication,C,Communication,verified,,"Within the Data Governance framework, communication is the component used to raise awareness and support education and training.","Communications increase awareness of the roles and responsibilities of Data Stewards and other Data Governance professionals. Communications are vital to the change-management process, while training plans support Data Governance functions.",85,87,2.9 Engage Change Management,True
dsp1-q004,Chapter 1,4,multiple-choice,Data Management,Data Strategy Professionals Set 1,Combined Sources,Data Strategy Professionals Question Set #1,4,"In the Data Management Practices Hierarchy, advanced data practices include the following except:",A. Analytics | B. Mining | C. Big Data | D. Warehousing | E. Data Quality,E,Data Quality,E,Data Quality,verified,,Data Quality is a foundational capability that enables advanced practices; it is not itself listed as one of the advanced practices at the top of the DMBOK Pyramid.,"The DMBOK Pyramid describes the golden pyramid of advanced practices as data mining and analytics, built on foundational data-management capabilities.",39,41,3.4 DMBOK Pyramid (Aiken),True
dsp1-q005,Chapter 3,5,multiple-choice,Data Governance,Data Strategy Professionals Set 1,Combined Sources,Data Strategy Professionals Question Set #1,5,Which position should be responsible for leading the Data Governance Council (DGC)?,A. DGC Chair should rotate among executive positions | B. Chief Data Architect or Chief Data Modeler | C. Chief Data Steward or Chief Data Officer | D. Chief Information Officer or Chief Technology Officer | E. Any executive can chair the DGC,C,Chief Data Steward or Chief Data Officer,C,Chief Data Steward or Chief Data Officer,verified,,"Data Stewards are accountable and responsible for Data Governance activities. They should have a portion of their work time dedicated to these activities, which could include leading the Data Governance Council. Alternatively, the Chief Data Officer could take on this responsibility",can be used effectively. Effective Data Stewards are accountable and responsible for data governance activities and,76,76,Figure 16 Data Governance Organization Parts,True
dsp1-q006,Chapter 12,6,multiple-choice,Metadata management,Data Strategy Professionals Set 1,Combined Sources,Data Strategy Professionals Question Set #1,6,Which of the following Knowledge Areas provides version control information about an organization’s datasets?,A. Data Quality | B. Master Data | C. Reference Data | D. Data Modeling | E. Metadata,E,Metadata,E,Metadata,verified,,"Metadata entails the management of information related to the data lifecycle including maintaining a historical record (i.e., data lineage) that includes version history",Business Metadata focuses largely on the content and condition of the data and includes details related to data,422,400,1.3.2.1 Business Metadata,True
dsp1-q007,Chapter 7,7,multiple-choice,Data Security,Data Strategy Professionals Set 1,Combined Sources,Data Strategy Professionals Question Set #1,7,What is a hash?,A. An algorithm that converts text into encoded values | B. A public key that is freely available and used to encode data along with a receiver's private key | C. A clearinghouse for encrypted data | D. A symmetric encryption method | E. A meetup for Data Strategists,A,An algorithm that converts text into encoded values,A,An algorithm that converts text into encoded values,verified,,A hash is a form of encryption that uses algorithms to convert data into a mathematical representation. The exact algorithms and the order of their application must be known in order to reverse the encryption process and reveal the original data,and order of application must be known in order to reverse the encryption process and reveal the original data.,227,218,1.3.7 Data Integrity,True
dsp1-q009,Chapter 9,9,multiple-choice,Document and content management,Data Strategy Professionals Set 1,Combined Sources,Data Strategy Professionals Question Set #1,9,Taxonomy refers to…,A. Any classification or controlled vocabulary | B. Classification of organizational resources | C. Arrangement of controlled vocabulary | D. Constrained set of organizational vocabulary | E. Categorization of controlled phrases,A,Any classification or controlled vocabulary,A,Any classification or controlled vocabulary,verified,,Taxonomy is an umbrella term referring to any classification or controlled vocabulary. The best-known example of a taxonomy might be the classification system for all living things that was developed by Swedish biologist Carl Linnaeus,Taxonomy is an umbrella term referring to any classification or controlled vocabulary. The best-known example,312,296,1.3.2.6 Taxonomies,True
dsp1-q010,Chapter 3,10,multiple-choice,Data Governance,Data Strategy Professionals Set 1,Combined Sources,Data Strategy Professionals Question Set #1,10,Which position is responsible for the quality and use of the organization's data assets?,A. Data Architect | B. Data Modeler | C. Data Steward | D. Chief Information Officer | E. Data Scientist,C,Data Steward,C,Data Steward,verified,,The Data Architect and Data Modeler roles are related to database architecture. The Chief Information Officer is responsible for Information Technology across the enterprise. A Data Scientist uses an organization’s data to derive insights. The Data Steward role is responsible for the quality and use of data assets within their specified domain,"creation, acquisition, integrity, security, quality, and use of data and information.",77,76,Figure 16 Data Governance Organization Parts,True
dsp1-q011,Chapter 6,11,multiple-choice,Data Storage and Operations,Data Strategy Professionals Set 1,Combined Sources,Data Strategy Professionals Question Set #1,11,Which is the most accurate definition of the term data lifecycle?,"A. The path along which data moves from its point of origin to its point of storage, usage, or disposal | B. Management of the risks associated with data | C. Data that is used to manage and use data | D. A range of perspectives on how to approach Data Management | E. A representation of the cross-functional nature of data",A,"The path along which data moves from its point of origin to its point of storage, usage, or disposal",A,"The path along which data moves from its point of origin to its point of storage, usage, or disposal",verified,,"Data lifecycle management includes the implementation of policies and procedures for the acquisition, migration, retention, expiration, and disposal of data","Data lifecycle management includes implementing policies and procedures for acquisition, migration, retention,",173,169,1.3 Essential Concepts,True
dsp1-q012,Chapter 6,12,multiple-choice,Data Storage and Operations,Data Strategy Professionals Set 1,Combined Sources,Data Strategy Professionals Question Set #1,12,What is the correct definition of change data capture?,A. A Data Integration approach that updates a Data Warehouse with big changes from Operational Systems | B. A Data Warehousing approach to transforming Operational Systems into Data Marts | C. A Data Quality initiative that assesses any discrepancies between data stored in a Data Warehouse and data in Operational Systems | D. A Metadata document that describes how data is transformed in the Data Warehouse | E. A Data Integration approach that updates a Data Warehouse with small changes from Operational Systems,E,A Data Integration approach that updates a Data Warehouse with small changes from Operational Systems,E,A Data Integration approach that updates a Data Warehouse with small changes from Operational Systems,verified,,"CDC detects and propagates incremental changes from a source to a target, which is why the option describing small changes is correct.","Change data capture refers to detecting that data has changed and storing information relevant to the change. Rather than sending an entire database, CDC sends only changed data (deltas) to update a target.",190,185,1.3.10.2 Capacity and Growth Projections,True
dsp1-q013,Chapter 5,13,multiple-choice,Data Modelling and Design,Data Strategy Professionals Set 1,Combined Sources,Data Strategy Professionals Question Set #1,13,What is the purpose of the Conceptual Data Model?,"A. To provide a comprehensive overview of the organization by documenting how different business entities create and share data with one another | B. To capture high-level data requirements as a collection of related concepts | C. To provide a detailed representation of data requirements, usually in support of a specific usage context | D. To offer a detailed technical solution for how data will be implemented within a particular technology | E. To document how data is to be stored and accessed in a particular data system",B,To capture high-level data requirements as a collection of related concepts,B,To capture high-level data requirements as a collection of related concepts,verified,,"A Conceptual Data Model captures the high-level data requirements as a collection of related concepts. It contains only the basic and critical business entities within a given realm and function, showing a description of each entity and the relationships between entities",A conceptual data model captures the high-level data requirements as a collection of related concepts.,145,143,1.3.4.6.3 Column-oriented,True
dsp1-q014,Chapter 10,14,multiple-choice,Reference and master data,Data Strategy Professionals Set 1,Combined Sources,Data Strategy Professionals Question Set #1,14,A dataset composed of county-level statistics provided by the national government would be an example of:,A. Reference Data | B. Master Data | C. Historical Data | D. Metadata | E. Transactional Data,A,Reference Data,A,Reference Data,verified,,Reference Data typically comes from outside the organization. It is used to provide additional context on the organization’s data. It can help relate the organization’s data to information beyond the boundaries of the organization,"other data in an organization, or solely to relate data in a database to information beyond the",350,332,1.3 Essential Concepts,True
dsp1-q015,Chapter 12,15,multiple-choice,Metadata management,Data Strategy Professionals Set 1,Combined Sources,Data Strategy Professionals Question Set #1,15,"When Metadata activities are focused on documents, the information is referred to as…",A. Legal Metadata | B. Reference Metadata | C. Administrative Metadata | D. Preservation Metadata | E. Descriptive Metadata,D,Preservation Metadata,D,Preservation Metadata,verified,,"Preservation Metadata represents information about document storage, archival conditions, and rules for conservation","archival condition, and rules for conservation. (See Chapter 9.)",425,402,1.3.4 Metadata for Unstructured Data,True
dsp1-q016,Chapter 10,16,multiple-choice,Reference and master data,Data Strategy Professionals Set 1,Combined Sources,Data Strategy Professionals Question Set #1,16,"A dataset composed of the X, Y coordinates of company store locations would be an example of:",A. Metadata | B. Master Data | C. Reference Data | D. Temporary Data | E. Historical Data,B,Master Data,B,Master Data,verified,,"Master Data is the consistent and uniform set of identifiers and extended attributes that describes the core entities of the enterprise (e.g., customers, prospects, citizens, suppliers, sites, vendors, etc.)","extended attributes that describes the core entities of the enterprise including customers, prospects, citizens, suppliers, sites, hierarchies, and chart of accounts.”60",359,340,1.3.3.3 Master Data Management,True
dsp1-q017,Chapter 1,17,multiple-choice,Data Management,Data Strategy Professionals Set 1,Combined Sources,Data Strategy Professionals Question Set #1,17,What causes data redundancy or data rot?,A. Poor assimilation of collected data | B. Poor data management practices | C. Server and human error | D. Dataset inaccuracies developed over time | E. All of the above,E,All of the above,E,All of the above,verified,,All of the above would create Data Quality issues contributing to data rot,Lifecycle management requires focusing on an organization’s most critical data and minimizing data ROT,29,32,2.5.10 Different Types of Data,True
dsp1-q018,Chapter 13,18,multiple-choice,Data quality,Data Strategy Professionals Set 1,Combined Sources,Data Strategy Professionals Question Set #1,18,What is the definition of a business rule in the context of Data Governance?,A. Outlines the steps to take when a business disruption occurs | B. Clarifies an organization's objectives | C. Defines constraints on what can and cannot be done in the organization | D. Contains an organization's contingency plans | E. Clarifies an organization's goal,C,Defines constraints on what can and cannot be done in the organization,C,Defines constraints on what can and cannot be done in the organization,verified,,Business rules describe how businesses should operate internally in order to be successful. Data-related business rules characterize data so that it is fit for its purpose within an organization,"Business rules describe how business should operate internally, in order to be successful and compliant with the",464,432,1.3.3 Data Quality Business Rules,True
dsp1-q019,Chapter 10,19,multiple-choice,Reference and master data,Data Strategy Professionals Set 1,Combined Sources,Data Strategy Professionals Question Set #1,19,A dataset composed of customer credit reports purchased from a third-party vendor would be an example of:,A. Transactional Data | B. Protected Data | C. Reference Data | D. Master Data | E. Metadata,C,Reference Data,C,Reference Data,verified,,"Reference Data is any data used to provide context or relate a dataset to information external to an organization. Sometimes, Reference Data originates outside of the organization. In this case, credit reports from a third-party vendor would represent Reference Data",Some Reference Data originates outside of the organizations that use it.,352,334,1.3.2 Reference Data,True
dsp1-q020,Chapter 5,20,multiple-choice,Data Modelling and Design,Data Strategy Professionals Set 1,Combined Sources,Data Strategy Professionals Question Set #1,20,Which of the following is true of a recursive relationship?,A. It is unary | B. It is also referred to as self-referencing | C. It involves only one entity | D. All of the above | E. None of the above,D,All of the above,D,All of the above,verified,,"A recursive relationship could be used to represent a hierarchy or a network where only one entity is involved (for example, the relationship between a course and prerequisites, which are themselves courses)",relationship as either a hierarchy or network:,131,131,DATA MODELING AND DESIGN • 131,True
dsp1-q021,Chapter 5,21,multiple-choice,Data Modelling and Design,Data Strategy Professionals Set 1,Combined Sources,Data Strategy Professionals Question Set #1,21,What is the purpose of the Physical Data Model?,A. To provide a data-centric perspective of the organization by documenting how business entities relate to one another | B. Documents how data are to be discarded from the storage media of computer hardware | C. Documents how data are to be stored and accessed in a database | D. To define the structure of data elements and to set relationships between them | E. To document how data should be stored and accessed,E,To document how data should be stored and accessed,E,To document how data should be stored and accessed,verified,,"The Physical Data Model represents the most granular level of detail in the Data Modeling process. It provides a detailed technical solution that specifies a set of hardware, software, and network tools within which the data will be stored and accessed","A physical data model (PDM) represents a detailed technical solution, often using the logical data model as a",148,145,1.3.5.3 Physical,True
dsp1-q022,Chapter 13,22,multiple-choice,Data quality,Data Strategy Professionals Set 1,Combined Sources,Data Strategy Professionals Question Set #1,22,Which of the following is the best definition of referential integrity?,A. Rules that ensure data completeness | B. Rules that ensure data validity | C. Rules that ensure data accuracy | D. Rules that ensure data is fit for organizational needs | E. Rules that ensure data accessibility,B,Rules that ensure data validity,B,Rules that ensure data validity,verified,,"Referential integrity is necessary to ensure high-quality data at an application or system level through ensuring data validity (i.e., consistency within the defined domain)",Failure to enforce referential integrity: Referential integrity is necessary to ensure high quality data at an application or system level. If referential integrity is not enforced or if validation is switched off,468,439,1.3.5.4 Issues Caused by System Design,True
dsp1-q023,Chapter 11,23,multiple-choice,Data warehouse and business intelligence,Data Strategy Professionals Set 1,Combined Sources,Data Strategy Professionals Question Set #1,23,Which of the following is the best definition of a Data Warehouse?,A. Any data stores or extracts used to support the delivery of Business Intelligence | B. An explanation of how data is linked to physical products in a warehouse | C. A data system based on incremental updates from Operational Systems | D. A data system in which data is stored in normal form | E. Any data store that can be accessed by business users and data analysts,A,Any data stores or extracts used to support the delivery of Business Intelligence,A,Any data stores or extracts used to support the delivery of Business Intelligence,verified,,A Data Warehouse is a data storage system that provides decision support to aid data practitioners in reporting and analysis,a data warehouse includes any data stores or extracts used to support the delivery of data for BI purposes.,384,364,1.3 Essential Concepts,True
dsp1-q025,Chapter 5,25,multiple-choice,Data Modelling and Design,Data Strategy Professionals Set 1,Combined Sources,Data Strategy Professionals Question Set #1,25,What is the purpose of the Logical Data Model?,A. To define the structure of data elements and the relationships between them | B. To compare data elements | C. To define data elements | D. To document how data should be stored and accessed | E. To provide a data-centric perspective of the organization,A,To define the structure of data elements and the relationships between them,A,To define the structure of data elements and the relationships between them,verified,,"A Logical Data Model is a detailed representation of data requirements, typically in support of a specific usage context, such as application requirements","A logical data model is a detailed representation of data requirements, usually in support of a specific usage",146,144,1.3.5.2 Logical,True
dsp1-q026,Chapter 3,26,multiple-choice,Data Governance,Data Strategy Professionals Set 1,Combined Sources,Data Strategy Professionals Question Set #1,26,What are the two perspectives on an organization's data?,A. Social and business perspectives | B. Business and technical perspectives | C. Internal and external perspectives | D. Technical and social perspectives | E. Social and technological perspectives,B,Business and technical perspectives,B,Business and technical perspectives,verified,,Data Governance must take into account the business and technical implications of Data Strategy,Data governance organizations work with other business and technical leadership to evaluate the implications of,87,81,DATA GOVERNANCE • 81,True
dsp1-q027,Chapter 7,27,multiple-choice,Data Security,Data Strategy Professionals Set 1,Combined Sources,Data Strategy Professionals Question Set #1,27,Which international initiative established a capital standard for banking institutions?,A. Basel II | B. Basel IV | C. Basel I | D. Basel III | E. Basel,A,Basel II,A,Basel II,verified,,"The regulatory compliance requirement Basel II refers to the Principles for Effective Risk Data Aggregation and Risk Reporting. Since 2006, financial institutions doing business in European Union countries are required to report standard information providing liquidity","EU: The Basel II Accord, which imposes information controls for all financial institutions doing",247,237,2.2 Define Data Security Policy,True
dsp1-q028,Chapter 5,28,multiple-choice,Data Modelling and Design,Data Strategy Professionals Set 1,Combined Sources,Data Strategy Professionals Question Set #1,28,What is the definition of cardinality?,A. Qualitative description of the relationship of elements across datasets | B. Measurement specifications for elements in a dataset | C. Count of data tables in a system | D. Classifies variables within a dataset | E. Defines how many instances of one entity are related to instances of another entity,E,Defines how many instances of one entity are related to instances of another entity,E,Defines how many instances of one entity are related to instances of another entity,verified,,"In a relationship between two entities, cardinality captures how many instances of one entity participate in the relationship with how many of the other entity","In a relationship between two entities, cardinality captures how many of one entity (entity instances)",130,130,1.3.3.2.3 Relationship Cardinality,True
dsp1-q029,Chapter 1,29,multiple-choice,Data Management,Data Strategy Professionals Set 1,Combined Sources,Data Strategy Professionals Question Set #1,29,Which of the following is NOT a part of the Strategic Alignment Model?,A. Business Strategy | B. Stakeholder Management | C. IT Strategy | D. Information Systems | E. Organization and Process,B,Stakeholder Management,B,Stakeholder Management,verified,,"Stakeholder Management is not a part of the Strategic Alignment Model. Data Strategy should include business strategy, IT strategy, Information Systems, Organization and Process in order to best use organizational information to achieve competitive advantage",The fully articulated Strategic Alignment Model is more complex than is illustrated in Figure 3. Each of the corner,34,36,3.1 Strategic Alignment Model,True
dsp1-q030,Chapter 10,30,multiple-choice,Reference and master data,Data Strategy Professionals Set 1,Combined Sources,Data Strategy Professionals Question Set #1,30,Why would an organization choose to purchase Reference Data?,A. To summarize basic information about their enterprise data | B. To set up data compliance and governance processes | C. To enhance data quality and to facilitate analysis across the organization | D. To define how data will be captured and tracked | E. To document transactional data systems,C,To enhance data quality and to facilitate analysis across the organization,C,To enhance data quality and to facilitate analysis across the organization,verified,,An organization would choose to purchase Reference Data and make it available across the organization in order to ensure that its internal data is valid and consistent with external context,consistent and current across different functions and that the data is accessible to the organization.,353,338,1.3.2.5 Computational Reference Data,True
dsp1-q031,Chapter 1,31,multiple-choice,Data Management,Data Strategy Professionals Set 1,Combined Sources,Data Strategy Professionals Question Set #1,31,Which of the following is at the core of the DAMA wheel?,A. Metadata | B. Data Governance | C. Goals and Principles | D. Data quality and Architecture | E. Data Management,B,Data Governance,B,Data Governance,verified,,Data Governance is at the center of Data Management activities given that Governance is required for consistency within and balance between other Data Management functions,"management activities, since governance is required for consistency within and balance between the functions. The",35,37,3.3 The DAMA-DMBOK Framework,True
dsp1-q032,Chapter 9,32,multiple-choice,Document and content management,Data Strategy Professionals Set 1,Combined Sources,Data Strategy Professionals Question Set #1,32,A Business Continuity Plan should include which of the following?,A. Description of unplanned disruptions that may occur | B. Outline of how a business will continue operating during an unplanned disruption in service | C. Complete inventory of business rules | D. Explanation to external stakeholders of why performance expectations are not being met | E. Communication to customers during an unplanned disruption in service,B,Outline of how a business will continue operating during an unplanned disruption in service,B,Outline of how a business will continue operating during an unplanned disruption in service,verified,,"A Business Continuity Plan (or Disaster Recovery Plan) contains written policies, procedures, and information designed to mitigate the impact of threats to an organization’s data, including documents, and to recover them as quickly as possible, with minimum disruption, in the event of a disruption","data, including documents, and to recover them as quickly as possible, with minimum disruption, in the event of",327,310,to a data asset:,True
dsp1-q033,Chapter 3,33,multiple-choice,Data Governance,Data Strategy Professionals Set 1,Combined Sources,Data Strategy Professionals Question Set #1,33,Which organization should be responsible for leading Data Governance?,A. Data Governance Office | B. Project Management Office | C. Data Quality Board | D. IT Leadership Team | E. Data Governance Council,E,Data Governance Council,E,Data Governance Council,verified,,"The Data Governance Council conducts the final review, revision, and adoption of Data Governance policies","Then, the Data Governance Council (or similar body) conducts the final review, revision, and",83,86,"2.7 Develop Goals, Principles, and Policies",True
dsp1-q034,Chapter 1,34,multiple-choice,Data Management,Data Strategy Professionals Set 1,Combined Sources,Data Strategy Professionals Question Set #1,34,Which of the following statements is NOT true of DAMA's Environmental Factors Hexagon?,"A. It provides a key for reading the DMBOK context diagrams | B. It shows the relationship between people, processes, and technology | C. It elaborates on the relationship between knowledge areas | D. It puts goals and principles at the center | E. All of the statements are true",C,It elaborates on the relationship between knowledge areas,C,It elaborates on the relationship between knowledge areas,verified,,The Environmental Factors Hexagon does not provide additional information about the relationship between knowledge areas. The Aiken Pyramid highlights how the knowledge areas build upon each other,"The Environmental Factors hexagon shows the relationship between people, process, and technology and provides",35,38,Chapters 3 – 13 of the DMBOK2. (See Figure 5.),True
dsp1-q035,Chapter 5,35,multiple-choice,Data Modelling and Design,Data Strategy Professionals Set 1,Combined Sources,Data Strategy Professionals Question Set #1,35,What is the definition of a surrogate key?,"A. A unique alphanumeric sequence is attached to each record in a dataset | B. A key that links records in a dataset to other data tables | C. A set of data records that are independent of any other data | D. A unique identifier attached to each record, which may be used as a primary key | E. A document that identifies how data is linked to business rules",D,"A unique identifier attached to each record, which may be used as a primary key",D,"A unique identifier attached to each record, which may be used as a primary key",verified,,The surrogate key is often used as the primary key. It is typically an alphanumeric string that is incremented per each record and does not have any meaning beyond its usefulness as an identifier,still be used to find specific entity instances. Often the primary key is a surrogate key and the alternate keys are,134,133,1.3.3.3.2 Identifiers,True
dsp1-q036,Chapter 14,36,multiple-choice,Big data and data science,Data Strategy Professionals Set 1,Combined Sources,Data Strategy Professionals Question Set #1,36,Which of the following is the correct definition of data mining?,"A. The process of collecting data elements to help organizations formally manage and gain better control over data assets | B. The process of finding correlated features in a dataset | C. The process of manipulating data using a computer | D. The process of describing the results of various operations in a data warehouse | E. The process of finding anomalies, patterns, and correlations within large datasets to predict outcomes",E,"The process of finding anomalies, patterns, and correlations within large datasets to predict outcomes",E,"The process of finding anomalies, patterns, and correlations within large datasets to predict outcomes",verified,,"Data mining is a key activity during the exploration phase as it facilitates rapid identification of studied data elements, identifies new relationships previously unknown, unclear, or unclassified, and provides structure for the classification of studied data elements","phase as it facilitates rapid identification of studied data elements, identifies new relationships previously",507,481,BIG DATA AND DATA SCIENCE • 481,True
dsp1-q037,Chapter 13,37,multiple-choice,Data quality,Data Strategy Professionals Set 1,Combined Sources,Data Strategy Professionals Question Set #1,37,Which of the following is NOT a responsibility of the Data Quality Oversight Board?,A. Producing certifications and compliance records | B. Conducting feedback interviews with customers | C. Establishing communications and feedback mechanisms | D. Developing and maintaining Data Quality | E. Setting Data Quality improvement priorities,B,Conducting feedback interviews with customers,B,Conducting feedback interviews with customers,verified,,"The Data Quality Oversight Board is the program team responsible for engaging both business and technical data professionals to ensure data is fit for consumption for a variety of purposes. As part of their work, they are responsible for all of the listed functions except conducting feedback interviews with customers","As noted in the chapter introduction, improving data quality requires a Data Quality program team to engage",474,425,DATA QUALITY MANAGEMENT • 425,True
dsp1-q038,Chapter 8,38,multiple-choice,Data Integration and Interoperability,Data Strategy Professionals Set 1,Combined Sources,Data Strategy Professionals Question Set #1,38,"Which of the following represents the number of connections in a point-to-point Data Integration system, where n represents the number of databases to be integrated?",A. (n - 1)! | B. (n (n - 1)) / 2 | C. (n - 1) / 2 | D. n / 2 | E. (n - 1)²,B,(n (n - 1)) / 2,B,(n (n - 1)) / 2,verified,,"In a data storage system connected using the point-to-point approach, the number of integrations will be the number of unique pairs that can be formed from n items: or “n choose 2”",• Managing interfaces: The number of interfaces needed in a point-to-point interaction model,280,267,1.3.5 Enterprise Message Format / Canonical Model,True
dsp1-q039,Chapter 5,39,multiple-choice,Data Modelling and Design,Data Strategy Professionals Set 1,Combined Sources,Data Strategy Professionals Question Set #1,39,What are relationship labels in database technology?,A. Verb phrases describing how to take action on the organization's mission statement | B. Verb phrases comparing business rules | C. Verb phrases linking business rules with technical specifications | D. Verb phrases describing business rules in each direction between two entities | E. Verb phrases describing relationships between data tables,D,Verb phrases describing business rules in each direction between two entities,D,Verb phrases describing business rules in each direction between two entities,verified,,The relationship labels in technology are associations between tables that are created using join statements to retrieve data. Metadata repositories must have an easily accessible way for people to view and navigate the contents of the repository,Metadata repositories must have an easily accessible way for people to view and navigate the contents of the,160,158,3.3 Data Profiling Tools,True
dsp1-q040,Chapter 13,40,multiple-choice,Data quality,Data Strategy Professionals Set 1,Combined Sources,Data Strategy Professionals Question Set #1,40,What is the purpose of ISO 8000?,"A. Enable the exchange of complex information in an application-neutral form | B. Create, collect, store, maintain, transfer, process, and present metadata | C. Promote timely and cost-effective data integration | D. Report on potential data security risk | E. Ensure that data can only be used or read using a specific licensed software application",A,Enable the exchange of complex information in an application-neutral form,A,Enable the exchange of complex information in an application-neutral form,verified,,"ISO 8000 refers to the International Standard for Data Quality and covers planning, quality control, assurance, and improvement","ISO 8000, the international standard for data quality, is being developed to enable the exchange of complex data",461,465,8.1 Data Quality ISO Standard,True
dsp1-q042,Chapter 10,42,multiple-choice,Reference and master data,Data Strategy Professionals Set 1,Combined Sources,Data Strategy Professionals Question Set #1,42,Which of the following statements describes Master & Reference Data?,A. Master Data provides the context for business activity data in the form of common and abstract concepts while Reference Data is used solely to relate data in a database to information beyond the boundaries of the organization | B. Master Data includes code and description tables while Reference Data includes customer identifiers | C. Master Data is a set of data that describes and gives information about other data while Reference Data records details about transactions | D. Master Data includes mappings and hierarchies while Reference Data includes internal and external objects involved in business transactions | E. Master Data is used solely to characterize other data in an organization while Reference Data is an aggregation of enterprise structure data and transaction structure data,A,Master Data provides the context for business activity data in the form of common and abstract concepts while Reference Data is used solely to relate data in a database to information beyond the boundaries of the organization,A,Master Data provides the context for business activity data in the form of common and abstract concepts while Reference Data is used solely to relate data in a database to information beyond the boundaries of the organization,verified,,"Master Data is the data that provides the context for business activity data in the form of common and abstract concepts that relate to the activity. Reference Data (e.g., code and description tables) is data that is used solely to characterize other data in an organization, or solely to relate data in a database to information beyond the boundaries of the organization","other data in an organization, or solely to relate data in a database to information beyond the",350,332,1.3 Essential Concepts,True
dsp1-q043,Chapter 13,43,multiple-choice,Data quality,Data Strategy Professionals Set 1,Combined Sources,Data Strategy Professionals Question Set #1,43,Which is the most important Data Quality dimension?,A. Completeness | B. Consistency | C. Integrity | D. Timeliness | E. It is impossible to identify the most important Data Quality dimension,E,It is impossible to identify the most important Data Quality dimension,E,It is impossible to identify the most important Data Quality dimension,verified,,"There is no single, agreed-to set of Data Quality dimensions, but DMBOK proposes a set of dimensions that contain common ideas and aim to be objectively measurable","While there is not a single, agreed-to set of data quality dimensions, these formulations contain common ideas.",458,429,1.3.2 Data Quality Dimensions,True
dsp1-q044,Chapter 5,44,multiple-choice,Data Modelling and Design,Data Strategy Professionals Set 1,Combined Sources,Data Strategy Professionals Question Set #1,44,What is an alternate key?,A. A key in a relational database that is unique for each record and used as the primary identifier for that record | B. A sequentially generated unique number is attached with each record | C. A candidate key not selected to be the primary key | D. A key in a relational database that links records to other tables | E. Another term for a surrogate key,C,A candidate key not selected to be the primary key,C,A candidate key not selected to be the primary key,verified,,An alternate key is a candidate key that is not chosen as the primary key. An alternate key can still be used to find specific entity instances. Often the primary key is a surrogate key and the alternate keys are business keys,still be used to find specific entity instances. Often the primary key is a surrogate key and the alternate keys are,134,133,1.3.3.3.2 Identifiers,True
dsp1-q045,Chapter 4,45,multiple-choice,Data Architecture,Data Strategy Professionals Set 1,Combined Sources,Data Strategy Professionals Question Set #1,45,Which process involves creating artifacts to describe the existing state of data across an organization?,A. Data Governance | B. Metadata Management | C. Master Data Management | D. Data Orchestration | E. Data Architecture,E,Data Architecture,E,Data Architecture,verified,,"An organization’s Data Architecture is described by an integrated collection of master design documents at different levels of abstraction, including standards that govern how data is collected, stored, arranged, used, and removed, as well as descriptions of all the containers and paths that data takes through an organization’s systems","abstraction, including standards that govern how data is collected, stored, arranged, used, and removed. It is also",98,100,the team that does the design work (the Architects or the Architecture team).,True
dsp1-q046,Chapter 6,46,multiple-choice,Data Storage and Operations,Data Strategy Professionals Set 1,Combined Sources,Data Strategy Professionals Question Set #1,46,The Physical Data Model does NOT include which of the following?,A. Storage allocation details | B. Indexes | C. Indicator of Data Steward owner | D. Table structures | E. Primary and foreign keys,C,Indicator of Data Steward owner,C,Indicator of Data Steward owner,verified,,"A Data Steward owner is an accountability or governance attribute, not a physical database implementation component listed for a physical data model.","The physical data model includes storage objects, indexing objects, and encapsulated code objects, together with implementation details such as indexes, constraints, partitions, capacity estimates, and storage allocation details.",201,195,2.2.3.3 Create Storage Containers,True
dsp1-q048,Chapter 5,48,multiple-choice,Data Modelling and Design,Data Strategy Professionals Set 1,Combined Sources,Data Strategy Professionals Question Set #1,48,Which of the following is NOT a key?,A. Logical key | B. Surrogate key | C. Primary key | D. Alternate key | E. Foreign key,A,Logical key,A,Logical key,verified,,"An identifier (also called a key) is a set of one or more attributes that uniquely define an instance of an entity. Keys can be defined based on how they are constructed (e.g., simple, compound, composite, surrogate) or their function (e.g., candidate, primary, alternate). A logical key is NOT a type of key",An identifier (also called a key) is a set of one or more attributes that uniquely defines an instance of an entity.,133,133,1.3.3.3.2 Identifiers,True
dsp1-q050,Chapter 7,50,multiple-choice,Data Security,Data Strategy Professionals Set 1,Combined Sources,Data Strategy Professionals Question Set #1,50,What is the name of the legislation that protects educational records in the United States?,A. SOX | B. BASEL II | C. EPA | D. GDPR | E. FERPA,E,FERPA,E,FERPA,verified,,"In the US, all information regarding a person’s education is covered by FERPA, the Family Educational Rights and Privacy Act","Educational Records: All information regarding a person’s education. In the US, this is covered by FERPA (Family Educational Rights and Privacy Act).",237,228,1.3.12.2.2 Industry or Contract-based Regulation,True
dsp2-q001,Chapter 11,1,multiple-choice,Data warehouse and business intelligence,Data Strategy Professionals Set 2,Combined Sources,Data Strategy Professionals Question Set #2,1,Which of the following Data Storage systems supplies advanced analytics?,A. Operational Data Store | B. Document Database | C. Data Warehouse | D. Transactional Data Store | E. Conceptual Data Store,C,Data Warehouse,C,Data Warehouse,verified,,Data Warehouses co-evolved with Business Intelligence through the 1990s to become a major driver of business decision making through modern advanced analytics,"Business Intelligence as a primary driver of business decision-making), data warehouses have become",383,362,Figure 79 Context Diagram: DW/BI,True
dsp2-q002,Chapter 3,2,multiple-choice,Data Governance,Data Strategy Professionals Set 2,Combined Sources,Data Strategy Professionals Question Set #2,2,How is Data Governance defined?,"A. Exercise of authority and control over the management of data assets | B. Set of interdependent functions, each with its own goals, activities, and responsibilities | C. Data governance assists in representing information consistently and protecting sensitive information | D. Evaluation of the current state of critical data management activities in order to plan for improvement | E. Planning, implementation, and control activities for lifecycle management of data and information found in any form or medium",A,Exercise of authority and control over the management of data assets,A,Exercise of authority and control over the management of data assets,verified,,"Data Governance entails planning, monitoring, and enforcement of policies related to the management of data assets",enforcement) over the management of data assets.,67,69,C H A P T E R 3,True
dsp2-q003,Chapter 12,3,multiple-choice,Metadata management,Data Strategy Professionals Set 2,Combined Sources,Data Strategy Professionals Question Set #2,3,How does metadata help an organization?,A. Reduce data-oriented research time | B. Support conceptual data modeling | C. Highlight the value of information by sharing it with more stakeholders | D. Ensure the organization complies with accounting standards | E. Indicate how data should be represented through data visualization,A,Reduce data-oriented research time,A,Reduce data-oriented research time,verified,,"Metadata helps an organization represent their information consistently, streamline workflow capabilities, protect sensitive information, promote speed to value in data-related projects, and reduce data-oriented research time","Metadata assists in representing information consistently, streamlining workflow capabilities, and protecting",420,397,METADATA MANAGEMENT • 397,True
dsp2-q004,Chapter 11,4,multiple-choice,Data warehouse and business intelligence,Data Strategy Professionals Set 2,Combined Sources,Data Strategy Professionals Question Set #2,4,What is the main objective when implementing a Data Warehouse?,A. Enable effective business analysis and decision-making | B. Determine the monetary value of data assets | C. Align data with the priorities of the organization | D. Improve a product or service | E. Assess market trends in order to develop a better business strategy,A,Enable effective business analysis and decision-making,A,Enable effective business analysis and decision-making,verified,,The implementation of a Data Warehouse enables effective business analysis and decision-making,Enable effective business analysis and decision-making,383,362,Figure 79 Context Diagram: DW/BI,True
dsp2-q005,Chapter 3,5,multiple-choice,Data Governance,Data Strategy Professionals Set 2,Combined Sources,Data Strategy Professionals Question Set #2,5,"Which of the following is a directive that codifies principles and management intent into fundamental rules governing the creation, acquisition, integrity, security, quality, and use of data?",A. Data asset valuation | B. Data audit principle | C. Data Management | D. Data Governance | E. Data policy,E,Data policy,E,Data policy,verified,,"Data policies support data standards across the organization. Moreover, they describe expected behaviors related to Data Management, for example, conducting root cause remediation of Data Quality issues. Data policies describe the “what” of Data Governance (i.e., what to do and what not to do). By comparison, standards and procedures describe the “how” of Data Governance. For data policies to be most effective, there should be relatively few of them, and they should be brief and direct","creation, acquisition, integrity, security, quality, and use of data and information.",77,79,1.3.6 Data Policies,True
dsp2-q006,Chapter 11,6,multiple-choice,Data warehouse and business intelligence,Data Strategy Professionals Set 2,Combined Sources,Data Strategy Professionals Question Set #2,6,Which of the following represents the type of data analysis aimed at understanding organizational activities and opportunities?,A. Operational Data Store | B. Data Warehouse | C. Operational Data Mart | D. Business Intelligence | E. Dimensional Data Warehouse,D,Business Intelligence,D,Business Intelligence,verified,,Business Intelligence (BI) refers to the type of data analysis aimed at understanding organizational activities and opportunities. The term can also be used to refer to the set of technologies that support this kind of data analysis,"First, it refers to a type of data analysis aimed at",384,364,1.3 Essential Concepts,True
dsp2-q007,Chapter 10,7,multiple-choice,Reference and master data,Data Strategy Professionals Set 2,Combined Sources,Data Strategy Professionals Question Set #2,7,What is the definition of Industry Reference Data?,"A. Datasets that are created and maintained by industry associations to provide a common standard for codifying important concepts | B. A set of data that is used to calibrate, validate, or test a computational model | C. A type of data that captures the physical features of a place and has an association with a location relative to Earth | D. A type of data that is owned by an organization and is used for internal purposes only | E. A set of data that provides information about the content, quality, condition, and other characteristics of a dataset",A,Datasets that are created and maintained by industry associations to provide a common standard for codifying important concepts,A,Datasets that are created and maintained by industry associations to provide a common standard for codifying important concepts,verified,,"Industry Reference Data is a broad term to describe datasets that are created and maintained by industry associations or government bodies, rather than by individual organizations, in order to provide a common standard for codifying important concepts","associations or government bodies, rather than by individual organizations, in order to provide a common",356,337,1.3.2.1.4 Ontologies,True
dsp2-q008,Chapter 12,8,multiple-choice,Metadata management,Data Strategy Professionals Set 2,Combined Sources,Data Strategy Professionals Question Set #2,8,Which of the following is most crucial for risk management?,A. Data Stewards | B. Enterprise Data Model | C. Metadata | D. Normalization | E. Data Warehouse,C,Metadata,C,Metadata,verified,,Metadata Management is a risk management necessity. Metadata helps the organization identify sensitive information so that it can be effectively protected throughout the data lifecycle. Metadata supports Data Security and can help an organization meet compliance requirements,"However, Metadata management is not only a knowledge management challenge; it is also a risk management",418,397,METADATA MANAGEMENT • 397,True
dsp2-q009,Chapter 11,9,multiple-choice,Data warehouse and business intelligence,Data Strategy Professionals Set 2,Combined Sources,Data Strategy Professionals Question Set #2,9,"In addition to ongoing updates, what is the other main Data Integration process that takes place in a Data Warehouse?",A. Data quality issue remediation | B. Business Intelligence activity | C. Metadata update | D. Reporting strategy | E. Historical load,E,Historical load,E,Historical load,verified,,"Data Warehousing involves two main data integration processes: historical loads and ongoing updates. Historical data is usually loaded only once (or a few times while working out data issues), while ongoing updates take place over the life of the data storage system",Data warehousing involves two main types of data integration processes: historical loads and ongoing updates.,392,371,1.3.7.3 Data Storage Areas,True
dsp2-q010,Chapter 7,10,multiple-choice,Data Security,Data Strategy Professionals Set 2,Combined Sources,Data Strategy Professionals Question Set #2,10,Which of the following data masking methods replaces the original data with a substitute value that is a random value or standard pattern similar to the original data?,A. Shuffling | B. Randomization | C. Temporal variance | D. Encryption | E. Substitution,E,Substitution,E,Substitution,verified,,"Substitution replaces characters or whole values with those in a lookup or as a standard pattern. For example, first names can be replaced with random values from a list","Substitution: Replace characters or whole values with those in a lookup or as a standard pattern. For example, first names can be replaced with random values from a list.",228,220,1.3.9.3 Masking Methods,True
dsp2-q011,Chapter 12,11,multiple-choice,Metadata management,Data Strategy Professionals Set 2,Combined Sources,Data Strategy Professionals Question Set #2,11,Which of the following are categories of metadata?,"A. Public, internal-only, confidential, and restricted | B. Business, technical, and operational | C. Conceptual data, logical data, physical data | D. Content-based, Context-based, User-based | E. Content based, logical data, physical data",B,"Business, technical, and operational",B,"Business, technical, and operational",verified,,"Metadata is often categorized into three types: business, technical, and operational. These categories enable data practitioners to understand the range of information that falls under the overall umbrella of Metadata, as well as the functions through which Metadata is produced","Metadata is often categorized into three types: business, technical, and operational.",422,399,1.3 Essential Concepts,True
dsp2-q012,Chapter 5,12,multiple-choice,Data Modelling and Design,Data Strategy Professionals Set 2,Combined Sources,Data Strategy Professionals Question Set #2,12,What is the definition of an entity?,A. A thing about which an organization collects information | B. A thing that exists separate from other things | C. A thing about which an organization processes information | D. All of the above | E. None of the above,A,A thing about which an organization collects information,A,A thing about which an organization collects information,verified,,"In the context of Data Modeling, an entity is a thing about which an organization collects information. Entities are sometimes referred to as the nouns of an organization. An entity can be thought of as the answer to a fundamental question – who, what, when, where, why, or how – or to a combination of these questions","modeling, an entity is a thing about which an organization collects information. Entities are sometimes referred",127,127,1.3.3 Data Model Components,True
dsp2-q013,Chapter 8,13,multiple-choice,Data Integration and Interoperability,Data Strategy Professionals Set 2,Combined Sources,Data Strategy Professionals Question Set #2,13,Which of the following processes refers to the selection of required data from its source?,A. Extract | B. Transform | C. Targeting | D. Load | E. Map,A,Extract,A,Extract,verified,,"The extract process involves selecting the required data and extracting it from its source. Then, extracted data is staged in a physical data store, on disk, or in memory",The extract process includes selecting the required data and extracting it from its source. Extracted data is then,273,261,1.3.1.1 Extract,True
dsp2-q014,Chapter 5,14,multiple-choice,Data Modelling and Design,Data Strategy Professionals Set 2,Combined Sources,Data Strategy Professionals Question Set #2,14,"Depending on the database technology or data modeling tool and whether the entities involved have mutual dependencies, when a relationship is defined between two entities, which of the following may be created implicitly?",A. An attribute | B. An identifier | C. A foreign key | D. A data model | E. A simple key,C,A foreign key,C,A foreign key,verified,,A foreign key is used in physical (and sometimes logical) data modeling to represent the relationship of records in one table to records in another table,"depending on the database technology or data modeling tool, and whether the two entities involved have mutual",132,132,1.3.3.2.5 Foreign Key,True
dsp2-q016,Chapter 5,16,multiple-choice,Data Modelling and Design,Data Strategy Professionals Set 2,Combined Sources,Data Strategy Professionals Question Set #2,16,A combined set of attributes that uniquely identify an entity instance is a…,A. Super key | B. Candidate key | C. Primary key | D. Business key | E. Alternate key,A,Super key,A,Super key,verified,,A super key is created when a set of attributes is used to uniquely identify an entity instance,A super key is any set of attributes that uniquely identify an entity instance. A candidate key is a minimal set of,134,133,1.3.3.3.2 Identifiers,True
dsp2-q017,Chapter 14,17,multiple-choice,Big data and data science,Data Strategy Professionals Set 2,Combined Sources,Data Strategy Professionals Question Set #2,17,Which of the following statements accurately characterizes the difference between data processing in a traditional Data Warehouse and a Big Data environment?,"A. In a traditional Data Warehouse, data is extracted, loaded, and then transformed; while in a Big Data environment, data is extracted, transformed, and then loaded | B. In a traditional Data Warehouse, data is extracted, transformed, and then loaded; while in a Big Data environment, data is extracted, loaded, and then transformed | C. In a traditional Data Warehouse, data is extracted, loaded, and then integrated; while in a Big Data environment, data is extracted, integrated, and then loaded | D. In a traditional Data Warehouse, data is extracted, integrated, and then loaded; while in a Big Data environment, data is extracted, loaded, and then integrated | E. There is no difference",B,"In a traditional Data Warehouse, data is extracted, transformed, and then loaded; while in a Big Data environment, data is extracted, loaded, and then transformed",B,"In a traditional Data Warehouse, data is extracted, transformed, and then loaded; while in a Big Data environment, data is extracted, loaded, and then transformed",verified,,"The biggest difference between Data Warehousing & Business Intelligence and Big Data processing is that in a traditional Data Warehouse, data is integrated as it is brought into the warehouse (extract, transform, load); while in a Big Data environment, data is ingested and loaded before it is integrated (extract, load, transform)","warehouse, data is integrated as it is brought into the warehouse (extract, TRANSFORM, load); while in a Big",503,476,1.3.3 Big Data,True
dsp2-q018,Chapter 5,18,multiple-choice,Data Modelling and Design,Data Strategy Professionals Set 2,Combined Sources,Data Strategy Professionals Question Set #2,18,Which of the following provides a means of standardizing the possible values of a data element?,A. A data modeling scheme | B. A database | C. A dimensional modeling | D. A domain | E. A dimension table,D,A domain,D,A domain,verified,,"In Data Modeling, a domain refers to the complete set of possible values that a data attribute can be assigned","In data modeling, a domain is the complete set of possible values that an attribute can be assigned. A domain",135,134,1.3.3.4 Domain,True
dsp2-q021,Chapter 13,21,multiple-choice,Data quality,Data Strategy Professionals Set 2,Combined Sources,Data Strategy Professionals Question Set #2,21,Which of the following is a Data Quality principle?,A. Prevention | B. Governance | C. Criticality | D. All of the above | E. None of the above,D,All of the above,D,All of the above,verified,,"Data Quality programs should be guided by the following principles: criticality, lifecycle management, prevention, root cause remediation, governance, standards-driven, objective measurement and transparency, embedded in business processes, systematically enforced, and connected to service levels",Data Quality programs should be guided by the following principles:,452,428,Standards-driven: All stakeholders in the data lifecycle have Data Quality requirements. To the,True
dsp2-q022,Chapter 8,22,multiple-choice,Data Integration and Interoperability,Data Strategy Professionals Set 2,Combined Sources,Data Strategy Professionals Question Set #2,22,Applications often compete for access to the same dataset. How can this issue be remedied?,A. Conducting data archiving | B. Setting up data replication | C. Creating a stronger network connection | D. Improving Data Security through the Installation of new antivirus software | E. Installing a modern firewall,B,Setting up data replication,B,Setting up data replication,verified,,"Replication solutions usually monitor the log of changes to the dataset, not the data set itself. They minimize the impact of competing requests on operational applications","data set, not the data set itself. They minimize the impact on any operational applications because they do not",279,266,1.3.3 Replication,True
dsp2-q023,Chapter 5,23,multiple-choice,Data Modelling and Design,Data Strategy Professionals Set 2,Combined Sources,Data Strategy Professionals Question Set #2,23,The data modeling technique suited for information that changes over time in both structure and content is…,A. Data modeling | B. Dimensional modeling | C. Scenario modeling | D. Metadata modeling | E. Anchor modeling,E,Anchor modeling,E,Anchor modeling,verified,,"Anchor Modeling provides graphical notation used for conceptual modeling. It is similar to traditional data modeling with extensions for working with temporal data. Therefore, it’s well suited to data that may change in structure and content over time",Anchor Modeling is a technique suited for information that changes over time in both structure and content. It,142,141,1.3.4.5 Time-Based,True
dsp2-q024,Chapter 8,24,multiple-choice,Data Integration and Interoperability,Data Strategy Professionals Set 2,Combined Sources,Data Strategy Professionals Question Set #2,24,Which of the following is a downside of the hub-and-spoke model of Data Integration?,A. It creates performance bottlenecks | B. It lacks the capability to allow data to be accessed simultaneously | C. It lacks the capability to allow data to be archived | D. It puts limits on the file types that can be stored in the system | E. It requires a higher level of Data Governance and oversight,A,It creates performance bottlenecks,A,It creates performance bottlenecks,verified,,Hub-and-spoke may not always be the best solution due to inherent latency,Hub-and-spoke may not always be the best solution.,281,268,1.3.6.3 Publish - Subscribe,True
dsp2-q025,Chapter 3,25,multiple-choice,Data Governance,Data Strategy Professionals Set 2,Combined Sources,Data Strategy Professionals Question Set #2,25,How does the DMBOK refer to an organization that values data as an asset and manages data through all phases of its lifecycle?,A. A data-centric organization | B. A data management organization | C. A data integration organization | D. A data support organization | E. A data legislative organization,A,A data-centric organization,A,A data-centric organization,verified,,"A data-centric organization values data as an asset and manages data through all phases of its lifecycle, including project development and ongoing operations. To become data-centric, an organization must change the way it translates strategy into action","A data-centric organization values data as an asset and manages data through all phases of its lifecycle, including",73,75,1.3.1 Data-centric Organization,True
dsp2-q028,Chapter 6,28,multiple-choice,Data Storage and Operations,Data Strategy Professionals Set 2,Combined Sources,Data Strategy Professionals Question Set #2,28,"Which term refers to the technical team that will ensure data meets organizational needs, define technical architecture, and install and administer technology?",A. Metadata support | B. Data architecture support | C. Data interoperability support | D. Database technology support | E. Data security support,D,Database technology support,D,Database technology support,verified,,"Database technology support includes defining technical requirements that will meet organizational needs, defining technical architecture, installing and administering technology, and resolving issues related to technology","• Database technology support includes defining technical requirements that will meet organizational needs, defining technical architecture, installing and administering technology, and resolving issues",170,166,C H A P T E R 6,True
dsp2-q029,Chapter 1,29,multiple-choice,Data Management,Data Strategy Professionals Set 2,Combined Sources,Data Strategy Professionals Question Set #2,29,Which of the following is a valid description of Data Management?,"A. Data Management is lifecycle management | B. Data Management is cross-functional | C. Data Management is the development, execution, and supervision of plans | D. All of the above | E. None of the above",D,All of the above,D,All of the above,verified,,"Data Management is a cross-functional discipline that is responsible for the development, execution, and supervision of plans, policies, programs, and practices that deliver, control, protect, and enhance the value of data and information assets throughout their lifecycles","deliver, control, protect, and enhance the value of data and information assets throughout their lifecycles.",17,19,C H A P T E R 1,True
dsp2-q030,Chapter 12,30,multiple-choice,Metadata management,Data Strategy Professionals Set 2,Combined Sources,Data Strategy Professionals Question Set #2,30,The purpose of a business glossary is to…,"A. Move data from one system to another or between various modules within the same system | B. Document an organization’s business concepts and terminology, definitions, and the relationships between those terms | C. Manage the names, descriptions, structure, characteristics, and other attributes of every data element in a model | D. Describe the content of databases, along with sizing information, software versions, deployment status, and many other operational Metadata attributes | E. Produce various types of Metadata relevant to the Business Intelligence design",B,"Document an organization’s business concepts and terminology, definitions, and the relationships between those terms",B,"Document an organization’s business concepts and terminology, definitions, and the relationships between those terms",verified,,"The purpose of a business glossary is to document and store an organization’s business concepts and terminology, definitions, and the relationships between those terms",The purpose of a business glossary is to document and store an organization’s business concepts and,426,403,1.3.5.1 Application Metadata Repositories,True
dsp2-q032,Chapter 2,32,multiple-choice,Data Handling Ethics,Data Strategy Professionals Set 2,Combined Sources,Data Strategy Professionals Question Set #2,32,"Which principles focus on ideas such as fairness, transparency, and reliability?",A. Data Ethics principles | B. Data Quality principles | C. Data Governance principles | D. Business Intelligence principle | E. Data Management principles,A,Data Ethics principles,A,Data Ethics principles,verified,,"Ethics are principles of behavior based on ideas of right and wrong. Ethical principles often focus on ideas such as fairness, respect, responsibility, integrity, quality, reliability, transparency, and trust","often focus on ideas such as fairness, respect, responsibility, integrity, quality, reliability, transparency,",49,51,C H A P T E R 2,True
dsp2-q033,Chapter 6,33,multiple-choice,Data Storage and Operations,Data Strategy Professionals Set 2,Combined Sources,Data Strategy Professionals Question Set #2,33,"Ensuring the performance and reliability of the database through performance tuning, monitoring, error reporting, and other activities is a responsibility of…",A. Agile Data Management Team | B. Production DBAs | C. Security Administrators | D. IT Group | E. Dedicated Information Security Group,B,Production DBAs,B,Production DBAs,verified,,"Production DBAs (database administrators) take primary responsibility for data operations management, ensuring performance and reliability","Ensuring the performance and reliability of the database, through performance tuning, monitoring,",173,170,1.3.3 Administrators,True
dsp2-q034,Chapter 4,34,multiple-choice,Data Architecture,Data Strategy Professionals Set 2,Combined Sources,Data Strategy Professionals Question Set #2,34,Which of the following is one of the responsibilities of a Data Architect?,A. Describe the current state of data and information delivery throughout the enterprise | B. Create frameworks and accountability diagrams | C. Implement roadmaps | D. Plan for operational success | E. Reduce the risks associated with low quality data,A,Describe the current state of data and information delivery throughout the enterprise,A,Describe the current state of data and information delivery throughout the enterprise,verified,,"Data architects create and maintain organizational knowledge about data and the systems through which it moves. This knowledge enables an organization to manage its data as an asset and increase the value it gets from its data by identifying opportunities for data usage, cost reduction, and risk mitigation",This knowledge enables an organization to manage its data as an asset and increase the value it gets,99,101,1.1 Business Drivers,True
dsp2-q035,Chapter 6,35,multiple-choice,Data Storage and Operations,Data Strategy Professionals Set 2,Combined Sources,Data Strategy Professionals Question Set #2,35,Which of the following is a guiding principle of Data Storage & Operations?,A. Decentralize all data physically and virtually into data hubs | B. Prioritize local data needs over enterprise data needs | C. Lower cost and complexity of managing solutions by developing non-shared models and interfaces | D. Identify and act on automation opportunities | E. Take a myopic perspective in design to ensure future extensibility,D,Identify and act on automation opportunities,D,Identify and act on automation opportunities,verified,,"Data Storage & Operations represent a highly technical aspect of Data Management. The following are guiding principles of this field: identify and act on automation opportunities, build with reuse in mind, understand and appropriately apply best practices, connect database standards to support requirements, set expectations for the DBA role in project work",Data Storage and Operations represent a highly technical side of data management. DBAs and others involved,171,168,1.1 Business Drivers,True
dsp2-q038,Chapter 2,38,multiple-choice,Data Handling Ethics,Data Strategy Professionals Set 2,Combined Sources,Data Strategy Professionals Question Set #2,38,Which of the following is a core assumption underlying Data Ethics?,"A. Data should support Business Intelligence | B. Before it can be used, data must be aggregated to protect the privacy of individuals | C. The organization must ensure that data is managed behind a firewall | D. The organization should think and design globally when it comes to Data Management | E. Data has economic value",E,Data has economic value,E,Data has economic value,verified,,The ethics of data ownership suggest that an organization should consider how the economic value of data can be accessed and by whom,Economic value of data: Data has economic value. Ethics of data ownership should determine how that value can be accessed and by whom.,49,51,C H A P T E R 2,True
dsp2-q039,Chapter 1,39,multiple-choice,Data Management,Data Strategy Professionals Set 2,Combined Sources,Data Strategy Professionals Question Set #2,39,Which of the following statements regarding the principles of Data Management is NOT accurate?,A. Data is not diminished when used | B. Organizations should measure costs and benefits associated with data | C. The primary goal is to ensure the organization understands stakeholders’ requirements for the quality of data | D. Metadata is used to manage and use the organization’s data | E. Data Management involves collaborations between teams,C,The primary goal is to ensure the organization understands stakeholders’ requirements for the quality of data,C,The primary goal is to ensure the organization understands stakeholders’ requirements for the quality of data,verified,,The following are some of the principles in Data Management: data is an asset with unique properties; the value of data can and should be expressed in economic terms; managing data means managing the quality of data; it takes metadata to manage data; and data management is cross-functional,"• Managing data means managing the quality of data: Ensuring that data is fit for purpose is a primary goal of data management. To manage quality, organizations must ensure they understand stakeholders’",21,24,"creation, processing, and use, including architecture, modeling, stewardship, governance, Data",True
dsp2-q040,Chapter 3,40,multiple-choice,Data Governance,Data Strategy Professionals Set 2,Combined Sources,Data Strategy Professionals Question Set #2,40,A Data Governance program should be…,A. Sustainable | B. Measured | C. Multi-layered | D. Business-driven | E. All of the above,E,All of the above,E,All of the above,verified,,"The goal of Data Governance is to enable an organization to manage data as an asset. To achieve this, a data governance program must be: sustainable, embedded, measured, business-driven, multi-layered, frame-work based, and promote shared responsibility","The goal of Data Governance is to enable an organization to manage data as an asset. DG provides the principles,",71,74,Leadership and strategy: Successful Data Governance starts with visionary and committed,True
dsp2-q042,Chapter 12,42,multiple-choice,Metadata management,Data Strategy Professionals Set 2,Combined Sources,Data Strategy Professionals Question Set #2,42,What is the difference between metadata and data?,A. There is no difference between metadata and data | B. Metadata refers to non-processed information while data is the term for information as it is being processed | C. Metadata is data owned by Meta | D. Metadata provides meaningful information about data | E. Metadata is data that is external to the organization,D,Metadata provides meaningful information about data,D,Metadata provides meaningful information about data,verified,,"To manage Metadata, organizations should define requirements focused on business needs, such as creating new data, understanding existing data, enabling movement between systems, accessing data, sharing data, and sourcing data to meet these requirements","existing data, enable movement between systems, access data, to share data) and source data to meet these",422,399,1.3 Essential Concepts,True
dsp2-q043,Chapter 11,43,multiple-choice,Data warehouse and business intelligence,Data Strategy Professionals Set 2,Combined Sources,Data Strategy Professionals Question Set #2,43,Which process focuses on enabling an integrated and historical business context on operational data?,A. Data Asset Valuation | B. Data Modeling | C. Issue Management | D. Data Warehousing | E. Normalization,D,Data Warehousing,D,Data Warehousing,verified,,"Data Warehousing, focuses on enabling context on operational data by enforcing business rules",historical business context on operational data by enforcing business rules and maintaining appropriate business,385,364,1.3 Essential Concepts,True
dsp2-q044,Chapter 13,44,multiple-choice,Data quality,Data Strategy Professionals Set 2,Combined Sources,Data Strategy Professionals Question Set #2,44,Which of the following is NOT a goal of Data Quality?,"A. Develop a governed approach to make data fit for purpose based on data consumers’ requirements | B. Identify and advocate for opportunities to improve the quality of data, through process and system improvements | C. Understand and comply with all relevant regulations and policies for privacy, protection, and confidentiality | D. Define and implement processes to measure, monitor, and report on data quality levels | E. Define standards, requirements, and specifications for data quality controls as part of the data lifecycle",C,"Understand and comply with all relevant regulations and policies for privacy, protection, and confidentiality",C,"Understand and comply with all relevant regulations and policies for privacy, protection, and confidentiality",verified,,"The goals of Data Quality include: 1. Develop a governed approach to make data fit for purpose based on data consumers’ requirements 2. Define standards, requirements, and specifications for data quality controls as part of the data lifecycle 3. Define and implement processes to measure, monitor, and report on data quality levels 4. Identify and advocate for opportunities to improve the quality of data, through process and system improvements","Goals: 1. Develop a governed approach to make data fit for purpose based on data consumers’ requirements. 2. Define standards, requirements, and specifications for data quality controls as part of the data lifecycle. 3. Define and implement processes to measure, monitor, and report on data quality levels. 4. Identify and advocate for opportunities to improve the quality of data, through process and system improvements.",451,426,Figure 91 Context Diagram: Data Quality,True
dsp2-q045,Chapter 12,45,multiple-choice,Metadata management,Data Strategy Professionals Set 2,Combined Sources,Data Strategy Professionals Question Set #2,45,What is the most common definition of metadata?,A. Tracking data | B. Vital management information | C. Data about data | D. Reliable data | E. Risk management data,C,Data about data,C,Data about data,verified,,"Metadata is sometimes called “data about data.” Metadata includes information about technical and business processes, data rules and constraints, and logical and physical data structures","technical and business processes, data rules and constraints, and logical and physical data structures. It",417,395,C H A P T E R 12,True
dsp2-q046,Chapter 5,46,multiple-choice,Data Modelling and Design,Data Strategy Professionals Set 2,Combined Sources,Data Strategy Professionals Question Set #2,46,Which of the following allows the capture and maintenance of the source structures for each attribute on the data model?,A. Data profiling tools | B. Data modeling tools | C. Industry data models | D. Data model repositories | E. Lineage tools,E,Lineage tools,E,Lineage tools,verified,,"A lineage tool is software that allows the capture and maintenance of the source structures for each attribute on the data model. These tools enable impact analysis; that is, one can use them to see if a change in one system or part of system has effects in another system",A lineage tool is software that allows the capture and maintenance of the source structures for each attribute on,159,157,2.4 Maintain the Data Models,True
dsp2-q047,Chapter 2,47,multiple-choice,Data Handling Ethics,Data Strategy Professionals Set 2,Combined Sources,Data Strategy Professionals Question Set #2,47,"A company wants to show the growth of their sales from the past year to the current year. They create two bar charts that show the sales for each year. However, they use a different scale for the current year’s sales that makes it look like the sales have grown much more than they actually have. Which unethical data handling risk is presented in this case study?",A. Timing | B. Bias | C. Unclear definitions or invalid comparisons | D. Transforming and integrating data | E. Misleading visualizations,E,Misleading visualizations,E,Misleading visualizations,verified,,"Misleading data visualization can be a risk of unethical data handling because it can lead to confusion, deception, and misinterpretation of data. This is an example of a misleading data visualization because it distorts the presentation of data and can lead to misinterpretation of the data",http://bit.ly/1YDgURl See http://bit.ly/2tNktve 20 Google “misleading data visualization” for additional examples.,57,59,3.4 Risks of Unethical Data Handling Practices,True
dsp2-q048,Chapter 7,48,multiple-choice,Data Security,Data Strategy Professionals Set 2,Combined Sources,Data Strategy Professionals Question Set #2,48,Which of the following refers to the boundary between an organization’s environments and exterior systems?,A. Firewall | B. Backdoor | C. DMZ | D. Perimeter | E. Key logger,D,Perimeter,D,Perimeter,verified,,"A perimeter is the boundary between an organization’s environments and exterior systems. Typically, a firewall will be in place between all internal and external environments","A perimeter is the boundary between an organization’s environments and exterior systems. Typically, a firewall",230,222,1.3.10.5 Perimeter,True
dsp2-q049,Chapter 12,49,multiple-choice,Metadata management,Data Strategy Professionals Set 2,Combined Sources,Data Strategy Professionals Question Set #2,49,What can an organization NOT do without Metadata?,"A. Manage its data as an asset | B. Manage its data at all | C. Understand what data it has, what the data represents, and where it originates | D. Understand who has access to its data | E. All of the above",E,All of the above,E,All of the above,verified,,"Without reliable Metadata, an organization does not know what data it has, what the data represents, where it originates, how it moves through systems, who has access to it, or what it means for the data to be of high quality","Without reliable Metadata, an organization does not know what data it has, what the data represents, where it",418,397,METADATA MANAGEMENT • 397,True
dsp2-q050,Chapter 2,50,multiple-choice,Data Handling Ethics,Data Strategy Professionals Set 2,Combined Sources,Data Strategy Professionals Question Set #2,50,Data Privacy laws exist to…,A. To grant the right of control over one's personal information | B. Establish the right to the protection of one's personal data | C. To uphold the right to human dignity | D. To arrest and punish offenders against the privacy of innocent persons | E. To establish the right to sue offenders against the privacy of others,B,Establish the right to the protection of one's personal data,B,Establish the right to the protection of one's personal data,verified,,The purpose of Data Privacy laws is the protection of personal data,protection of one’s personal data) as human rights which are fundamental to upholding the right to Human Dignity.,53,55,3.2 Principles Behind Data Privacy Law,True
dsp3-q001,Chapter 14,1,multiple-choice,Big data and data science,Data Strategy Professionals Set 3,Combined Sources,Data Strategy Professionals Question Set #3,1,What is the primary goal of sentiment analysis?,"A. To classify the text based on the mood or mentality expressed in the text, which can be positive, negative, or neutral | B. To create computer systems that can learn and improve from experience without being explicitly programmed | C. To create software systems that are modular, flexible, and reusable | D. To define standard terms and designs for the elements that are important to the organization | E. To discover hidden patterns and relationships in the data that can be used to make informed decisions or predictionsI",A,"To classify the text based on the mood or mentality expressed in the text, which can be positive, negative, or neutral",A,"To classify the text based on the mood or mentality expressed in the text, which can be positive, negative, or neutral",verified,,"Media monitoring and text analysis are automated methods for retrieving insights from large unstructured or semi-structured data, such as transaction data, social media, blogs, and web news sites. This is used to understand what people say and feel about brands, products, or services, or other types of topics",Media monitoring and text analysis are automated methods for retrieving insights from large unstructured or,507,480,1.3.9 Sentiment Analysis,True
dsp3-q002,Chapter 5,2,multiple-choice,Data Modelling and Design,Data Strategy Professionals Set 3,Combined Sources,Data Strategy Professionals Question Set #3,2,What is the purpose of Data Modeling?,A. Providing for the understanding the organization’s data | B. Creating a database | C. Assigning the correct data types | D. Implementing broadly scoped initiatives | E. Laying the groundwork for Master Data Management,A,Providing for the understanding the organization’s data,A,Providing for the understanding the organization’s data,verified,,The outcome of Data Modeling is an improved understanding of organizational data,where the immediate end result is not a database but an understanding of organizational data.,126,126,1.3 Essential Concepts,True
dsp3-q003,Chapter 14,3,multiple-choice,Big data and data science,Data Strategy Professionals Set 3,Combined Sources,Data Strategy Professionals Question Set #3,3,Big Data was initially characterized by _______ V's but the number of V's has been expanded to _______.,"A. 3, 5 | B. 2, 6 | C. 2, 5 | D. 3, 7 | E. 3, 6",E,"3, 6",E,"3, 6",verified,,"Big Data was originally characterized as having 3 V's: Volume, Velocity, and Variety. Now the list of V’s has expanded to Volume, Velocity, Variety (or Variability), Viscosity, Volatility, Veracity","Early efforts to define the meaning of Big Data characterized it in terms of the Three V’s: Volume, Velocity,",502,476,1.3.3 Big Data,True
dsp3-q004,Chapter 4,4,multiple-choice,Data Architecture,Data Strategy Professionals Set 3,Combined Sources,Data Strategy Professionals Question Set #3,4,What is the purpose of a Data Flow Design diagram?,A. Shows the movement of data | B. Shows how data moves through business processes and systems | C. Shows the data lifecycle | D. Shows how queries can be executed | E. Helps stakeholders understand data better,B,Shows how data moves through business processes and systems,B,Shows how data moves through business processes and systems,verified,,"Data flows are a type of data lineage documentation that depicts how data moves through business processes and systems. End-to-end data flows illustrate where the data originated, where it is stored and used, and how it is transformed as it moves inside and between diverse processes and systems",Data flows are a type of data lineage documentation that depicts how data moves through business processes,107,109,1.3.3.2 Data Flow Design,True
dsp3-q005,Chapter 9,5,multiple-choice,Document and content management,Data Strategy Professionals Set 3,Combined Sources,Data Strategy Professionals Question Set #3,5,"According to the DMBOK, more than _______ of the documents created today are electronic.",A. 60% | B. 75% | C. 80% | D. 90% | E. 98%,D,90%,D,90%,verified,,More than 90% of the documents created today are electronic,More than 90% of the documents created today are electronic.,315,299,1.3.3.1 Document Management,True
dsp3-q007,Chapter 13,7,multiple-choice,Data quality,Data Strategy Professionals Set 3,Combined Sources,Data Strategy Professionals Question Set #3,7,The process of improving first-party data with context from external sources is called...,A. Data cleaning | B. Data enhancement | C. Data parsing and formatting | D. Data transformation and standardization | E. Data profiling,B,Data enhancement,B,Data enhancing,verified,Editorial wording normalized from “Data enhancing” to the DMBOK term “Data enhancement”; the keyed answer is unchanged.,DMBOK defines data enhancement or enrichment as adding attributes or external context to increase the quality and usability of a data set.,Data enhancement or enrichment is the process of adding attributes to a data set to increase its quality and usability.,471,452,3.4 Data Transformation and Standardization,True
dsp3-q008,Chapter 9,8,multiple-choice,Document and content management,Data Strategy Professionals Set 3,Combined Sources,Data Strategy Professionals Question Set #3,8,Which of the following is used to exchange information in the Semantic Web?,A. Taxonomy | B. Thesaurus | C. Data Model | D. Syntax | E. Ontology,E,Ontology,E,Ontology,verified,,"Ontologies provide the primary knowledge representation in the Semantic Web, and they are used in the exchange of information between Semantic Web applications","Ontologies provide the primary knowledge representation in the Semantic Web, and are used in the exchange of information between Semantic Web applications. 49",314,297,1.3.2.7 Classification Schemes and Tagging,True
dsp3-q010,Chapter 1,10,multiple-choice,Data Management,Data Strategy Professionals Set 3,Combined Sources,Data Strategy Professionals Question Set #3,10,Data Management principles include all but one of the following?,A. It takes planning to manage data | B. Data Management requires an enterprise perspective | C. Data Management must drive information technology decisions | D. Different types of data have different lifecycle characteristics | E. Data Management must be conducted by experts,E,Data Management must be conducted by experts,E,Data Management must be conducted by experts,verified,,"Data Management should maintain a balance between the strategic and operational needs of an organization, and like other management processes, must balance strategic and operational needs","Like other management processes, it must balance strategic and operational needs. This balance can best be struck",21,23,2.4 Data Management Principles,True
dsp3-q011,Chapter 5,11,multiple-choice,Data Modelling and Design,Data Strategy Professionals Set 3,Combined Sources,Data Strategy Professionals Question Set #3,11,Data created while operational processes are in progress is referred to as...,A. Resource information | B. Business event information | C. Category information | D. Detail transaction information | E. Detail resource information,B,Business event information,B,Business event information,verified,,"Examples of business event information include customer orders, supplier invoices, and cash withdrawals","Business event information: Data created while operational processes are in progress. Examples include Customer Orders, Supplier Invoices, Cash Withdrawal, and Business Meetings. Among IT",127,126,1.3 Essential Concepts,True
dsp3-q013,Chapter 8,13,multiple-choice,Data Integration and Interoperability,Data Strategy Professionals Set 3,Combined Sources,Data Strategy Professionals Question Set #3,13,Basic data profiling involves analysis of all of the following except:,"A. Data values and how closely they correspond to a defined set of valid values | B. Data format as defined in the data structures and inferred from the actual data | C. Correct data flow throughout the organization | D. Data population, including the levels of null, blank, and default records | E. Relationships to other datasets",C,Correct data flow throughout the organization,C,Correct data flow throughout the organization,verified,,"Profiling is an initial step in many data-related initiatives, including data integration projects. Profiling involves analysis of: Data format (i.e., data structures) ○ Data population (i.e., proportion of null, blank, or default data elements) ○ Data values and their relationship to a defined set of valid values ○ Patterns and relationships within the data set (i.e., related fields and cardinality rules) ○ Relationship to other data sets (ch. 8, section 2.1.4 Profile Data, p. 288) ○","Patterns and relationships internal to the data set, such as related fields and cardinality rules",288,275,DATA INTEGRATION AND INTEROPERABILITY • 275,True
dsp3-q015,Chapter 4,15,multiple-choice,Data Architecture,Data Strategy Professionals Set 3,Combined Sources,Data Strategy Professionals Question Set #3,15,Which of the following is NOT a function of Data Architects?,"A. Facilitate alignment between Business and IT | B. Act as agents for change, transformation, and agility | C. Manage complex data and information delivery throughout the enterprise | D. Translate business needs into data and system requirements so processes will have their required data | E. Strategize on how to procure data that meets the needs of the organization",E,Strategize on how to procure data that meets the needs of the organization,E,Strategize on how to procure data that meets the needs of the organization,verified,,"Data Architecture bridges the gap between strategy and technology execution. Data Architects achieve this by facilitating alignment between Business and IT; acting as agents for change, transformation, and agility; Managing complex data and information delivery throughout the enterprise; and translating business needs into data and system requirements so processes will have their required data",• Manage complex data and information delivery throughout the enterprise,99,101,1.1 Business Drivers,True
dsp3-q016,Chapter 8,16,multiple-choice,Data Integration and Interoperability,Data Strategy Professionals Set 3,Combined Sources,Data Strategy Professionals Question Set #3,16,Two systems that are tightly coupled are characterized by what kind of interface?,A. Asynchronous | B. Integration | C. Coupling | D. Synchronous | E. Overlapping,D,Synchronous,D,Synchronous,verified,,"Two systems that are tightly coupled usually have a synchronous interface, where one system waits for a response from the other",Coupling describes the degree to which two systems are entwined. Two systems that are tightly coupled usually,281,268,1.3.6.3 Publish - Subscribe,True
dsp3-q018,Chapter 10,18,multiple-choice,Reference and master data,Data Strategy Professionals Set 3,Combined Sources,Data Strategy Professionals Question Set #3,18,Which of the following can be described as goals of a Master and Reference Data Management program?,"A. Identification and restoration of improperly merged data; enterprise-wide distribution of trusted data | B. Determine which sources will provide a comprehensive look at Master Data entities; match and merge entity instances accurately by developing rules | C. Analyze root causes of issues; identify the latency between the source system and the consumption system; analyze the effectiveness of data ingestion and consumption integration techniques | D. Matching and linking new records from a starting point; provide information that may not be readily available during record creation | E. Make sure that the enterprise has complete, current and authoritative master and reference data for their organizational processes; provide Master & Reference Data across all functions and applications of the enterprise; reduce the cost and complexity of data usage through common data models",E,"Make sure that the enterprise has complete, current and authoritative master and reference data for their organizational processes; provide Master & Reference Data across all functions and applications of the enterprise; reduce the cost and complexity of data usage through common data models",E,"Make sure that the enterprise has complete, current and authoritative master and reference data for their organizational processes; provide Master & Reference Data across all functions and applications of the enterprise; reduce the cost and complexity of data usage through common data models",verified,,"The goals of a Master Data Management program include: Ensuring the organization has complete, consistent, current, authoritative Master and Reference Data across ○ organizational processes Enabling Master and Reference Data to be shared across enterprise functions and applications ○ Lowering the cost and reducing the complexity of data usage and integration through standards, common data ○ models, and integration patterns","Ensuring the organization has complete, consistent, current, authoritative Master and Reference Data",349,331,1.1 Business Drivers,True
dsp3-q019,Chapter 5,19,multiple-choice,Data Modelling and Design,Data Strategy Professionals Set 3,Combined Sources,Data Strategy Professionals Question Set #3,19,Which data model pattern can be used to construct self-referencing hierarchies?,A. Integration patterns | B. Accumulation pattern | C. Construction pattern | D. Assembly pattern | E. Elementary pattern,E,Elementary pattern,E,Elementary pattern,verified,,The elementary data model pattern is used to resolve many-to-many relationships and creates self-referencing hierarchies,"They include ways to resolve many-to-many relationships, and to construct self-referencing",160,158,3.3 Data Profiling Tools,True
dsp3-q020,Chapter 8,20,multiple-choice,Data Integration and Interoperability,Data Strategy Professionals Set 3,Combined Sources,Data Strategy Professionals Question Set #3,20,What happens in an asynchronous data flow?,"A. Data is transferred between two devices without the need for a real-time response | B. Data is processed in smaller sets spread across the day in a defined schedule | C. Data is transferred between two devices with the need for a real-time response | D. Data that is not actively used is moved to an alternate data structure | E. Data is conveyed in a continuous stream of bits or bytes, and the devices are synchronized to a common clock signal",A,Data is transferred between two devices without the need for a real-time response,A,Data is transferred between two devices without the need for a real-time response,verified,,"In an asynchronous data flow, the system providing data does not wait for the receiving system to acknowledge update before continuing processing. Asynchronous implies that either the sending or receiving system could be off-line for some period without the other system also being off-line","In an asynchronous data flow, the system providing data does not wait for the receiving system to acknowledge",277,264,1.3.2.2 Change Data Capture,True
dsp3-q021,Chapter 8,21,multiple-choice,Data Integration and Interoperability,Data Strategy Professionals Set 3,Combined Sources,Data Strategy Professionals Question Set #3,21,Why must all systems handling messages or data packets be able to manage the order of execution of those processes?,A. To preserve consistency and continuity | B. To ensure a good view | C. To make the data flow durable | D. To ensure clarity | E. To make the data flow complete,A,To preserve consistency and continuity,A,To preserve consistency and continuity,verified,,"All systems handling messages or data packets must be able to manage the order of execution of those processes in order to preserve consistency and continuity.Describing how multiple projects are executed is known as Orchestration. Moreover, to ensure that the shipment, extraction and loading of data is accurate, process controls must be carried out. Process control can include components like batch job logs, alerts, database activity logs and exception logs","systems handling messages or data packets must be able to manage the order of execution of those processes, in",282,269,1.3.7.2 Orchestration and Process Controls,True
dsp3-q023,Chapter 3,23,multiple-choice,Data Governance,Data Strategy Professionals Set 3,Combined Sources,Data Strategy Professionals Question Set #3,23,Which of the following describes Information Technology (IT) Governance?,"A. Informs decisions about IT investments, projects, and application portfolios | B. Digitizes information so that Data Governance can take place | C. Communicates Data Governance information to stakeholders | D. Procures data in a way that is aligned with ethical principles and responsibilities | E. Analyzes management of data as a strategic asset",A,"Informs decisions about IT investments, projects, and application portfolios",A,"Informs decisions about IT investments, projects, and application portfolios",verified,,"Data Governance focuses mainly on management of data and data as an asset, while IT Governance informs decisions about IT investments, projects, and application portfolios","IT governance makes decisions about IT investments, the IT",71,73,1.2 Goals and Principles,True
dsp3-q025,Chapter 1,25,multiple-choice,Data Management,Data Strategy Professionals Set 3,Combined Sources,Data Strategy Professionals Question Set #3,25,Data is important to organizations in all but one of the following ways:,A. Organizations need data to conduct interactions with customers and constituents | B. Organizations need data to make decisions | C. Organizations need data for daily operations | D. Organizations sell data to third-parties | E. Organizations get value from data analytics,D,Organizations sell data to third-parties,D,Organizations sell data to third-parties,verified,,Selling data to third parties is not a general reason every organization needs data; the other choices describe common operational and analytical dependencies.,"Organizations depend on data to conduct business, support operations and decisions, interact with customers and constituents, and derive insight through analytics.",18; 21,19; 21,,True
dsp3-q027,Chapter 11,27,multiple-choice,Data warehouse and business intelligence,Data Strategy Professionals Set 3,Combined Sources,Data Strategy Professionals Question Set #3,27,What is the data source of a Kimball Data Warehouse?,"A. Master Data | B. Conformed dimension contents from separate repositories | C. Data Structures based on performance | D. Historical, atomized data | E. Staging area",B,Conformed dimension contents from separate repositories,B,Conformed dimension contents from separate repositories,verified,,"Conformed dimension contents from separate Operational Data Stores (ODS) serve as the data source for the Data Warehouse. An ODS is an integrated database that contains current, volatile data. It serves as the data source to the Data Warehouse, and can also be used as a resource to audit the Data Warehouse",• Reference and Master Data conformed dimensions: Reference and Master Data may be stored in separate repositories. The data warehouse feeds new Master Data and is fed by conformed dimension,391,371,1.3.7.3 Data Storage Areas,True
dsp3-q028,Chapter 3,28,multiple-choice,Data Governance,Data Strategy Professionals Set 3,Combined Sources,Data Strategy Professionals Question Set #3,28,Which of the following activities is NOT necessary to realize a Data Governance program?,A. Develop policies and procedures | B. Cultivate data stewardship practices at multiple levels within the organization | C. Engage in organizational change management efforts | D. Engage in behaviors necessary to manage data as an asset | E. Communicate updated policies and procedures to external stakeholders,E,Communicate updated policies and procedures to external stakeholders,E,Communicate updated policies and procedures to external stakeholders,verified,,Communication of policies and procedures to people outside the organization is not a step required to achieve Data Governance,"To accomplish these goals, a Data Governance program will develop policies and procedures, cultivate data",68,90,CPG 235: The Australian Prudential Regulation Authority (APRA) provides oversight of banking and,True
dsp3-q029,Chapter 7,29,multiple-choice,Data Security,Data Strategy Professionals Set 3,Combined Sources,Data Strategy Professionals Question Set #3,29,Which of the following is a tool that can transform sensitive data in a database without affecting its functionality?,A. CRUDE Matrix Usage | B. Data Masking / Encryption | C. Protective Software | D. Intrusion Detection and Prevention Software | E. Identify Management Technology,B,Data Masking / Encryption,B,Data Masking / Encryption,verified,,Data Masking / Encryption performs masking or encryption that are useful for restricting movement of sensitive data.,Tools that perform masking or encryption are useful for restricting movement of sensitive data.,258,247,3.5 Firewalls (Prevention),True
dsp3-q030,Chapter 4,30,multiple-choice,Data Architecture,Data Strategy Professionals Set 3,Combined Sources,Data Strategy Professionals Question Set #3,30,What is the importance of data lineage analysis?,A. It depicts how data moves through business processes and systems in the data lifecycle | B. It explains the state of data at a given point in the data lifecycle | C. It explains the direction of processes and systems in the data lifecycle | D. It is a type of data lineage documentation | E. It shows the direction of data in a data lifecycle,B,It explains the state of data at a given point in the data lifecycle,B,It explains the state of data at a given point in the data lifecycle,verified,DMBOK2 p. 107 states that data lineage analysis can help explain the state of data at a given point in the data flow.,DMBOK2 p. 107 states that data lineage analysis can help explain the state of data at a given point in the data flow.,Data lineage analysis can help explain the state of data at a given point in the data flow.,107,109,1.3.3.2 Data Flow Design,True
dsp3-q031,Chapter 9,31,multiple-choice,Document and content management,Data Strategy Professionals Set 3,Combined Sources,Data Strategy Professionals Question Set #3,31,What kind of software helps transform pick lists and controlled vocabularies into pick lists searchable from the home page?,A. Term Management | B. Software Management | C. Transformation Management | D. Content Management | E. Home Page Software,D,Content Management,D,Content Management,verified,,"Content Management Software can help transform pick lists and controlled vocabularies into pick lists searchable from the home page. Content Management Software refers to the technology for creating, collaborating, publishing, and storing digital content",Content management software can help transform pick lists and,311,294,1.3.2.2 Vocabulary Views and Micro-controlled Vocabulary,True
dsp3-q032,Chapter 3,32,multiple-choice,Data Governance,Data Strategy Professionals Set 3,Combined Sources,Data Strategy Professionals Question Set #3,32,"""Control of contracts dealing with data, such as cloud storage, external data purchase, sales of data as a product, and outsourcing data operations"" describes which driver of Data Governance?",A. Vendor management | B. General risk management | C. Data Quality improvement | D. Metadata Management | E. Data Privacy,A,Vendor management,A,Vendor management,verified,,"Vendor Management is a driver which helps improve processes for data governance. It focuses on the control of data contracts like cloud storage, external data purchase and outsourcing of data operations. It is essential for this driver to be completely aligned with an organization's strategy to ensure effective solving of problems and adoption of government practices","o Vendor management: Control of contracts dealing with data, such as cloud storage, external",70,72,1.1 Business Drivers,True
dsp3-q033,Chapter 10,33,multiple-choice,Reference and master data,Data Strategy Professionals Set 3,Combined Sources,Data Strategy Professionals Question Set #3,33,Master & Reference Data Management are forms of which of the following?,A. Data Integration | B. Data Security | C. Data Warehousing | D. Dataset Procurement | E. Dataset Valuation,A,Data Integration,A,Data Integration,verified,,Master Data Management and Reference Data Management are forms of Data Integration,Master and Reference Data Management are forms of data integration.,375,355,2.2.6 Establish Reference Data Governance Policies,True
dsp3-q034,Chapter 13,34,multiple-choice,Data quality,Data Strategy Professionals Set 3,Combined Sources,Data Strategy Professionals Question Set #3,34,The Strong-Wang framework describes ______ dimensions across ______ general categories of Data Quality.,"A. 4, 15 | B. 15, 4 | C. 5, 14 | D. 14, 5 | E. 15, 5",B,"15, 4",B,"15, 4",verified,,The Strong-Wang framework focuses on data consumers’ perceptions of data. It describes 15 dimensions across four general categories of data quality,The Strong-Wang framework (1996) focuses on data consumers’ perceptions of data.,455,466,8.2 Further Reading on Data Quality Dimensions,True
dsp3-q035,Chapter 10,35,multiple-choice,Reference and master data,Data Strategy Professionals Set 3,Combined Sources,Data Strategy Professionals Question Set #3,35,"What is the name for an authoritative system where data is created, captured, and/or maintained through a defined set of rules and expectations?",A. A system of documents | B. A system of record | C. A system of data | D. A system of files | E. A system of reference,B,A system of record,B,A system of record,verified,,A system of record is an authoritative system where data is created/captured and/or maintained through a defined set of rules and expectations. It is where the data originates,"uses. A System of Record is an authoritative system where data is created/captured, and/or maintained through a",358,339,"1.3.3.1 System of Record, System of Reference",True
dsp3-q037,Chapter 2,37,multiple-choice,Data Handling Ethics,Data Strategy Professionals Set 3,Combined Sources,Data Strategy Professionals Question Set #3,37,Which of the following is NOT an example of how data can be used to misrepresent facts?,A. Biased data selection | B. Unclear definitions | C. Objectivity | D. Invalid comparison | E. Omission of some data points,C,Objectivity,C,Objectivity,verified,,"Objectivity ensures that organizations are transparent about how they plan to collect, store, and use data. On the other hand, biases can enter the data collecting, preparation, and analysis processes, resulting in inaccurate or unfair results and judgments",Lie with Statistics by Darrell Huff (1954) describes a range of ways that data can be used to misrepresent facts,56,59,3.4 Risks of Unethical Data Handling Practices,True
dsp3-q038,Chapter 14,38,multiple-choice,Big data and data science,Data Strategy Professionals Set 3,Combined Sources,Data Strategy Professionals Question Set #3,38,A Service Based Architecture has these three main components:,"A. Batch Layer, Data Layer, Serving Layer | B. Batch Layer, Speed Layer, Serving Layer | C. Statistics Layer, Data Layer, Serving Layer | D. Serving Layer, Speed Layer, Statistics Layer | E. Batch Layer, Speed Layer, Data Layer",B,"Batch Layer, Speed Layer, Serving Layer",B,"Batch Layer, Speed Layer, Serving Layer",verified,,"Service Based Architecture has three main components: Batch layer: A data lake serves as the batch layer, containing both recent and historical data ○ Speed layer: Contains only real-time data ○ Serving layer: Provides an interface to join data from the batch and speed layers","Batch layer: A data lake serves as the batch layer, containing both recent and historical data Speed layer: Contains only real-time data Serving layer: Provides an interface to join data from the batch and speed layers",505,478,1.3.5 Sources of Big Data,True
dsp3-q039,Chapter 9,39,multiple-choice,Document and content management,Data Strategy Professionals Set 3,Combined Sources,Data Strategy Professionals Question Set #3,39,A thesaurus is a type of controlled vocabulary used for what purpose?,A. Content management | B. Content generation | C. Content retrieval | D. Content data | E. Content reference,C,Content retrieval,C,Content retrieval,verified,,A thesaurus is a type of controlled vocabulary used for content retrieval. It combines the characteristics of synonym lists and taxonomies,A thesaurus is type of controlled vocabulary used for content retrieval. It combines characteristics of synonym,314,297,1.3.2.7 Classification Schemes and Tagging,True
dsp3-q040,Chapter 10,40,multiple-choice,Reference and master data,Data Strategy Professionals Set 3,Combined Sources,Data Strategy Professionals Question Set #3,40,What is the name for the index that points to Master Data in the various systems of record?,A. Record | B. Table of Contents | C. Appendix | D. Registry | E. Database,D,Registry,D,Registry,verified,,"A Registry is an index that points to Master Data in the various systems of record. A registry is comparatively easy to maintain given that an update requires only a few changes in the index system. However, assembling a complex query would require pulling Master Data from multiple systems",• A Registry is an index that points to Master Data in the various systems of record. The systems of,369,350,Figure 77 Master Data Sharing Architecture Example,True
dsp3-q042,Chapter 1,42,multiple-choice,Data Management,Data Strategy Professionals Set 3,Combined Sources,Data Strategy Professionals Question Set #3,42,"In the context of Information Technology, which of the following defines data?",A. Information stored on computers | B. Information stored on SD cards | C. Information stored in a Data Warehouse or Operational Data Store | D. Information in a data center or in the cloud | E. Information stored in digital form,E,Information stored in digital form,E,Information stored in digital form,verified,,Information Technology is primarily concerned with the subset of data that can be stored electronically,"Long-standing definitions of data emphasize its role in representing facts about the world.2 In relation to information technology, data is also understood as information that has been stored in digital form (though data is",18,20,provided foundational knowledge on which to build as the profession advanced and matured.,True
dsp3-q043,Chapter 2,43,multiple-choice,Data Handling Ethics,Data Strategy Professionals Set 3,Combined Sources,Data Strategy Professionals Question Set #3,43,Which of the following is one of the ethical principles for data handling as adapted from the Belmont Principles?,A. Honesty | B. Transparency | C. Integrity | D. Respect for persons | E. Fairness,D,Respect for persons,D,Respect for persons,verified,,"Respect for Persons, Justice, and Beneficence form the Belmont Principles, which were developed by the U.S. Department of Health and Human Services in 1979 to guide the ethics of medical research. They are also applicable as guiding principles within the field of Data Management","For example, the Belmont Principles for medical research may be adapted in",52,54,3.1 Ethical Principles for Data,True
dsp3-q044,Chapter 1,44,multiple-choice,Data Management,Data Strategy Professionals Set 3,Combined Sources,Data Strategy Professionals Question Set #3,44,"In past decades, information such as names and addresses might not have been considered data. Why has that changed?",A. These forms of information can now be analyzed to make business decisions | B. These forms of information can now can be stored digitally | C. These forms of information are now available online | D. These forms of information can be used for Data Science | E. These forms of information can be stored by the organization because of improvements in data encryption,A,These forms of information can now be analyzed to make business decisions,A,These forms of information can now be analyzed to make business decisions,verified,,Names and addresses are now regarded as data because they can be aggregated and analyzed for the purposes of organizational decision making,"things ‘data’ that would not have been called ‘data’ in earlier times – things like names, addresses, birthdates, what",19,21,DATA MANAGEMENT • 21,True
dsp3-q045,Chapter 4,45,multiple-choice,Data Architecture,Data Strategy Professionals Set 3,Combined Sources,Data Strategy Professionals Question Set #3,45,Which of the following is not a factor that determines the ability of an organization to adopt Data Architecture practices?,A. Level of acceptance of formal data governance | B. Ability to holistically consider the enterprise and not focus on project delivery and IT | C. Cultural receptivity to an architectural approach | D. Organizational recognition of data as a business asset | E. Ability to put proper structures in place for the implementation of Data Architecture practices,E,Ability to put proper structures in place for the implementation of Data Architecture practices,E,Ability to put proper structures in place for the implementation of Data Architecture practices,verified,,The ability of an organization to put structures in place for Data Architecture is not included in the DMBOK as a necessary factor for the implementation of Data Architecture practices in an organization,The ability of an organization to adopt Data Architecture practices depends on several factors:,119,119,DATA ARCHITECTURE • 119,True
dsp3-q046,Chapter 8,46,multiple-choice,Data Integration and Interoperability,Data Strategy Professionals Set 3,Combined Sources,Data Strategy Professionals Question Set #3,46,Which of the following data integration architectures involve connecting each source and target system directly to each other without using a central hub?,A. Hub-and-spoke | B. Point-to-point | C. Centralized | D. Distributed | E. Service-oriented,B,Point-to-point,B,Point-to-point,verified,,"Point-to-point architecture is simple and fast, but it can also be complex and difficult to maintain as the number of systems increases","through a central common data control system, rather than directly with one another (point-to-point).",280,267,1.3.5 Enterprise Message Format / Canonical Model,True
dsp3-q048,Chapter 2,48,multiple-choice,Data Handling Ethics,Data Strategy Professionals Set 3,Combined Sources,Data Strategy Professionals Question Set #3,48,Which of the following is NOT a principle guiding online data practices in the United States?,A. Ownership of data | B. Identity | C. The right to be forgotten | D. Right to sue against the proliferation of false personal information online | E. Freedom of speech online,D,Right to sue against the proliferation of false personal information online,D,Right to sue against the proliferation of false personal information online,verified,,"Emerging initiatives and programs have been designed to codify principles to guide ethical online behavior, but they do not include the right to sue against proliferation of false personal information online","ethical behaviors online in the United States (Davis, 2012). Topics include:",56,58,Principle,True
dsp3-q050,Chapter 14,50,multiple-choice,Big data and data science,Data Strategy Professionals Set 3,Combined Sources,Data Strategy Professionals Question Set #3,50,Data Science used to be called which of the following?,A. Applied data | B. Data application | C. Applied statistics | D. Data analysis | E. Statistics application,C,Applied statistics,C,Applied statistics,verified,,Data Science used to be referred to as applied statistics,"Within Data Science, this process takes the form of observing data and creating and evaluating models of",501,471,C H A P T E R 14,True
dsp3-legacy-q001,Chapter 4,1,multiple-choice,Data Architecture,Data Strategy Professionals Set 3 (legacy),Combined Sources,Data Strategy Professionals Question Set #3 Legacy,1,What is the importance of Enterprise Data Architecture?,A. It shows the flow of data | B. It explains the elements that are important to the organization | C. It gives a pictorial representation of business elements | D. It defines standard terms and designs for the elements that are important to the organization | E. It represents a collection of Enterprise Data Models,D,It defines standard terms and designs for the elements that are important to the organization,D,It defines standard terms and designs for the elements that are important to the organization,verified,,Enterprise Data Architecture determines the standard terms and designs for business elements that are necessary for the smooth management of data in an organization,Enterprise Data Architecture defines standard terms and designs for the elements that are important to the,104,106,1.3.3 Enterprise Data Architecture,True
dsp3-legacy-q007,Chapter 3,7,multiple-choice,Data Governance,Data Strategy Professionals Set 3 (legacy),Combined Sources,Data Strategy Professionals Question Set #3 Legacy,7,The first activity to be completed in the implementation of Data Governance is...,A. Perform readiness assessment | B. Perform discovery and business alignment | C. Define Data Governance for the organization | D. Develop organizational touchpoints | E. Develop Data Governance strategy,C,Define Data Governance for the organization,C,Define Data Governance for the organization,verified,,An organization must first define Data Governance that supports the organization's business strategy and goals,2.1 Define Data Governance for the Organization,79,71,,True
dsp3-legacy-q009,Chapter 10,9,multiple-choice,Reference and master data,Data Strategy Professionals Set 3 (legacy),Combined Sources,Data Strategy Professionals Question Set #3 Legacy,9,Master Data Management is...,A. Obstructive | B. Frustrating | C. Challenging | D. Disorganized | E. Oriented,C,Challenging,C,Challenging,verified,,Master Data Management is challenging. It illustrates the fundamental entities that are core to an organization's identity,1.3.3.4 Master Data Management Key Processing Steps,360,340,1.3.3.3 Master Data Management,True
dsp3-legacy-q020,Chapter 4,20,multiple-choice,Data Architecture,Data Strategy Professionals Set 3 (legacy),Combined Sources,Data Strategy Professionals Question Set #3 Legacy,20,Why is Data Architecture important to Data Management?,A. Provides for an understanding of an organization's data at different levels of abstraction | B. Creates data about data | C. Breaks down data systems into easily comprehensible units | D. Create structured representations of data | E. Supports the utilization of data to make sound decisions,A,Provides for an understanding of an organization's data at different levels of abstraction,A,Provides for an understanding of an organization's data at different levels of abstraction,verified,,"Because most organizations have more data than can be comprehended, it's essential to represent the data at different levels of abstraction so that it can be understood for organizational decision making",Data Architecture is fundamental to data management.,98,100,,True
dsp3-legacy-q029,Chapter 13,29,multiple-choice,Data quality,Data Strategy Professionals Set 3 (legacy),Combined Sources,Data Strategy Professionals Question Set #3 Legacy,29,High-quality data is a means to...,A. Organizational success | B. Decreased customer service calls | C. Means unto itself | D. Make quicker decisions | E. Means to an end,A,Organizational success,A,Organizational success,verified,,DMBOK explicitly treats high-quality data as a means to organizational success rather than a goal detached from business outcomes.,High-quality data is not an end in itself. It is a means to organizational success.,452,425,,True
dsp3-legacy-q037,Chapter 5,37,multiple-choice,Data Modelling and Design,Data Strategy Professionals Set 3 (legacy),Combined Sources,Data Strategy Professionals Question Set #3 Legacy,37,How does Data Modelling and Design help an organization complete initiatives?,A. Data Modelling depicts data visually | B. Data Modelling quickens the success of broad-scoped initiatives | C. Data Modelling confirms and documents understanding of different perspectives | D. Data Modelling increases the opportunity for future initiatives | E. Data Modelling visually presents Metadata,C,Data Modelling confirms and documents understanding of different perspectives,C,Data Modelling confirms and documents understanding of different perspectives,verified,,"Data Modelling confirms and documents the understanding of different perspectives, and this sets the foundation for successful completion of data-related initiatives",Confirming and documenting understanding of different perspectives facilitates:,125,125,1.1 Business Drivers,True
dsp3-legacy-q046,Chapter 13,46,multiple-choice,Data quality,Data Strategy Professionals Set 3 (legacy),Combined Sources,Data Strategy Professionals Question Set #3 Legacy,46,Thomas Redman defines a data item as...,A. Representative triple | B. Representative double | C. Representable triple | D. Representable double | E. Representing triple,C,Representable triple,C,Representable triple,verified,,The DMBOK passage uses the exact term representable triple.,Thomas Redman defines a data item as a representable triple: a value from the domain of a data element within an entity.,455,467,,True
dama-ad8b251e5d51,Chapter 3,3,multiple-choice,Data Governance,DAMA Practice Attempts,Combined Sources,DAMA Attempt collection,2,How do data management professionals maintain commitment of key stakeholders to the data management initiative?,"A. Weekly email reports showing metrics on data management progress/ lack thereof | B. Rely on the stakeholder group to be self-sustaining | C. It is not necessary, as the stakeholders signed up at the beginning of the program | D. Continuous communication education and promotion of the importance and value of of data and information assets | E. Find and deliver benefits to the stakeholders early in the initiative",D,Continuous communication education and promotion of the importance and value of of data and information assets,D,Continuous communication education and promotion of the importance and value of of data and information assets,verified,,"Sustained stakeholder commitment depends on continuing communication, education, and promotion of the value produced by Data Governance.",Communications are vital to Data Governance change management. Periodically measuring and communicating how Data Governance helps the business is vital to obtaining ongoing support.,85; 94,87; 96,2.9 Engage Change Management,True
dama-70839162b4d2,Chapter 3,7,multiple-choice,Data Governance,DAMA Practice Attempts,Combined Sources,DAMA Attempt collection,4,Data Governance touch points throughout the project lifecycle are facilitated by this organization.,A. The Project Management Office | B. The Data Governance Steering Committee | C. The Master Data Office | D. The Data Stewards Office | E. The Data Governance Office,E,The Data Governance Office,E,The Data Governance Office,verified,,The source answer was checked against the supplied DMBOK. The matched passage supports the concept represented by the selected answer.,examples of touch points that support alignment and cohesiveness of an enterprise data governance and data,81,83,2.4 Develop Organizational Touch Points,True
dama-81c00cb59fe8,Chapter 3,10,multiple-choice,Data Governance,DAMA Practice Attempts,Combined Sources,DAMA Attempt collection,5,"Every enterprise is subject to many governmental and industry regulations, many of which regulate how data and information is used and managed. Part of the Data Governance Function is to:","A. Perform ad-hoc audits of possible regulations to report to the DG Council on an information only basis | B. This is about data; Data Governance is accountable for the whole process, with Risk and Audit reporting to DG | C. Enforce enterprise-wide mandatory compliance to regulations | D. Monitor and ensure that organisations meet any regulatory compliance requirements | E. This is a risk and audit responsibility; Data Governance plays no role in this",D,Monitor and ensure that organisations meet any regulatory compliance requirements,D,Monitor and ensure that organisations meet any regulatory compliance requirements,verified,,The source answer was checked against the supplied DMBOK. The matched passage supports the concept represented by the selected answer.,Part of the data governance function is to monitor and ensure regulatory,87,89,2.11 Assess Regulatory Compliance Requirements,True
dama-6b2ad63824dd,Chapter 9,19,multiple-choice,Document and content management,DAMA Practice Attempts,Combined Sources,DAMA Attempt collection,8,"When defining your business continuity plan, which of the following should one consider doing?","A. Have the contracts in place to acquire new hardware in case of technical problems, define policies | B. Consider written policies and procedures, impact mitigating measures, required recovery time and acceptable amount of disruption, the criticality of the documents | C. Make sure that the data is retained sufficiently long, check that critical data is encrypted, check access rights | D. Write a report and discuss with management the required budget | E. Determine the risk, probability and impact, check document backup frequency",B,"Consider written policies and procedures, impact mitigating measures, required recovery time and acceptable amount of disruption, the criticality of the documents",B,"Consider written policies and procedures, impact mitigating measures, required recovery time and acceptable amount of disruption, the criticality of the documents",verified,,The source answer was checked against the supplied DMBOK. The matched passage supports the concept represented by the selected answer.,"written policies, procedures, and information designed to mitigate the impact of threats to an organization’s",327,310,to a data asset:,True
dama-cc4e9093fe0b,Chapter 9,16,multiple-choice,Document and content management,DAMA Practice Attempts,Combined Sources,DAMA Attempt collection,7,Which of the following is not a step in the 'document and content management lifecycle'?,A. Audit documents and records | B. Create a content strategy | C. Manage retention and disposal | D. Capture records and content | E. Manage versions and control,B,Create a content strategy,B,Create a content strategy,verified,,The source answer was checked against the supplied DMBOK. The matched passage supports the concept represented by the selected answer.,as the selection of a content management system.,324,307,2.1.2 Develop a Content Strategy,True
dama-ef90f413d61a,Chapter 9,18,multiple-choice,Document and content management,DAMA Practice Attempts,Combined Sources,DAMA Attempt collection,8,Non value-added information is often not removed because:,"A. The policies are unclear of what is defined as non-value-added, storage is cheap so there is no cost driver, and it takes more effort to dispose than to keep | B. We might need the information at a later stage | C. Legislation is unclear on what should be kept | D. Data is an asset. It is likely to be recognized as valuable in the future | E. It should not be removed. All data is value-added",A,"The policies are unclear of what is defined as non-value-added, storage is cheap so there is no cost driver, and it takes more effort to dispose than to keep",A,"The policies are unclear of what is defined as non-value-added, storage is cheap so there is no cost driver, and it takes more effort to dispose than to keep",verified,,The source answer was checked against the supplied DMBOK. The matched passage supports the concept represented by the selected answer.,Non-value-added information should be removed from the organization’s holdings and disposed of to avoid,328,311,2.2.4 Manage Retention and Disposal,True
dama-d5202709ace8,Chapter 9,23,multiple-choice,Document and content management,DAMA Practice Attempts,Combined Sources,DAMA Attempt collection,10,Which of these describes activities in the document/record management lifecycle?,"A. Storage, disposal, managing access | B. Identification, management of policies, classification, retention, storage, retrieval and circulation, preservation and disposal | C. Acquisition, editing, storage, printing, backup, disposal | D. Acquisition, classification, storage, purging | E. Encryption, backup, disposal, extraction",B,"Identification, management of policies, classification, retention, storage, retrieval and circulation, preservation and disposal",B,"Identification, management of policies, classification, retention, storage, retrieval and circulation, preservation and disposal",verified,,The source answer was checked against the supplied DMBOK. The matched passage supports the concept represented by the selected answer.,Data management professionals are stakeholders in decisions about document classification and retention. They,316,299,1.3.3.1 Document Management,True
dama-c5440cc60470,Chapter 5,26,multiple-choice,Data Modelling and Design,DAMA Practice Attempts,Combined Sources,DAMA Attempt collection,11,What is the difference between cardinality rules and data integrity rules?,"A. There is no difference. Cardinality rules and Referential integrity rules are synonyms | B. Referential integrity rules only appear on a relational data model, and cardinality rules only appear on a dimensional data model | C. Referential integrity rules define the quantity of each entity instance that can participate in a relationship between two entities, and cardinality rules ensure val id values | D. Referential integrity rules quantify the relationships between two or more entities, and cardinality rules quantify the common attributes across entities | E. Cardinality rules define the quantity of each entity instance that can participate in a relationship between two entities, and referential integrity rules ensure valid values",E,"Cardinality rules define the quantity of each entity instance that can participate in a relationship between two entities, and referential integrity rules ensure valid values",E,"Cardinality rules define the quantity of each entity instance that can participate in a relationship between two entities, and referential integrity rules ensure valid values",verified,,The source answer was checked against the supplied DMBOK. The matched passage supports the concept represented by the selected answer.,"In a relationship between two entities, cardinality captures how many of one entity (entity instances)",130,130,1.3.3.2.3 Relationship Cardinality,True
dama-f59f8edb7feb,Chapter 13,45,multiple-choice,Data quality,DAMA Practice Attempts,Combined Sources,DAMA Attempt collection,18,What is Manual Directed Data Quality Correction?,A. The use of automated cleanse and correction tools with results manually checked before committing outputs | B. The use of spreadsheets to manually inspect and correct data | C. Teams of data correctors supervised by data subject matter experts | D. Using a data quality improvement manual to guide data cleanse and correction activities | E. The automation of all data cleanse and correction routines,A,The use of automated cleanse and correction tools with results manually checked before committing outputs,A,The use of automated cleanse and correction tools with results manually checked before committing outputs,verified,,The source answer was checked against the supplied DMBOK. The matched passage supports the concept represented by the selected answer.,"• Manually-directed correction: Use automated tools to remediate and correct data but require manual review before committing the corrections to persistent storage. Apply name and address remediation,",487,459,DATA QUALITY MANAGEMENT • 459,True
dama-0eea87d968db,Chapter 13,42,multiple-choice,Data quality,DAMA Practice Attempts,Combined Sources,DAMA Attempt collection,17,Which of these is a key process in defining data quality business rules?,A. Matching data from different data sources | B. Producing data management policies | C. Producing data quality reports & dashboards | D. Separating data that does not meet business needs from data that does | E. De-duplicating data records,D,Separating data that does not meet business needs from data that does,D,Separating data that does not meet business needs from data that does,verified,,The source answer was checked against the supplied DMBOK. The matched passage supports the concept represented by the selected answer.,Data quality is thus dependent on context and on the needs of the data consumer.,454,435,DATA QUALITY MANAGEMENT • 435,True
dama-f2566b592628,Chapter 13,43,multiple-choice,Data quality,DAMA Practice Attempts,Combined Sources,DAMA Attempt collection,18,A data quality program should limit its scope to:,A. All the data stored in the enterprise | B. The data that is of interest to the Chief Executive Officer | C. The data most critical to the enterprise and its customers | D. The data that changes most often | E. The highest profile program with the best benefits,C,The data most critical to the enterprise and its customers,C,The data most critical to the enterprise and its customers,verified,,The source answer was checked against the supplied DMBOK. The matched passage supports the concept represented by the selected answer.,• Criticality: A Data Quality program should focus on the data most critical to the enterprise and its,452,427,1.1 Business Drivers,True
dama-c4fc76ef79c0,Chapter 13,44,multiple-choice,Data quality,DAMA Practice Attempts,Combined Sources,DAMA Attempt collection,18,A Data Quality Service Level Agreement (SLA) would normally include which of these?,A. Detailed technical specifications for data transfer | B. A breakdown of the costs of data quality improvement | C. An enterprise data model | D. Respective roles & responsibilities for data quality | E. A Business Case for data improvement,D,Respective roles & responsibilities for data quality,D,Respective roles & responsibilities for data quality,verified,,The source answer was checked against the supplied DMBOK. The matched passage supports the concept represented by the selected answer.,A data quality Service Level Agreement (SLA) specifies an organization’s expectations for response and,483,449,DATA QUALITY MANAGEMENT • 449,True
dama-e0f3d7bbf5b5,Chapter 7,62,multiple-choice,Data Security,DAMA Practice Attempts,Combined Sources,DAMA Attempt collection,25,Stakeholders whose concerns must be addressed in data security management include:,"A. External Standards organisations, Regulators, or the Media | B. Clients, Patients, Citizens, Suppliers, or Business Partners | C. All of these | D. The Internal Audit and Risk committees of the organisation | E. Media analysts, Internal Risk Management, Suppliers, or Regulators",B,"Clients, Patients, Citizens, Suppliers, or Business Partners",B,"Clients, Patients, Citizens, Suppliers, or Business Partners",verified,,The source answer was checked against the supplied DMBOK. The matched passage supports the concept represented by the selected answer.,"Stakeholders: Organizations must recognize the privacy and confidentiality needs of their stakeholders, including clients, patients, students, citizens, suppliers, or business partners. Everyone in",218,209,C H A P T E R 7,True
dama-f5790f3e52dc,Chapter 7,54,multiple-choice,Data Security,DAMA Practice Attempts,Combined Sources,DAMA Attempt collection,22,Definition of Data Security Policies should be:,A. Determined by external Regulators | B. Based on defined standards and templates | C. Conducted by external consultants | D. Reviewed by external Regulators | E. A collaborative effort between Business and IT,E,A collaborative effort between Business and IT,E,A collaborative effort between Business and IT,verified,,The source answer was checked against the supplied DMBOK. The matched passage supports the concept represented by the selected answer.,"• Collaboration: Data Security is a collaborative effort involving IT security administrators, data",222,214,1.2 Goals and Principles,True
dama-7bda2a277cf2,Chapter 7,59,multiple-choice,Data Security,DAMA Practice Attempts,Combined Sources,DAMA Attempt collection,23,Which of these statements best defines Data Security Management?,"A. The planning, implementation, and testing of security technologies, authentication mechanisms, and other controls to prevent access to information | B. None of these | C. The definition of controls, technical standards, frameworks, and audit trail capabilities to identify who has or has had access to information | D. The planning, development, and execution of security policies and procedures to provide proper authentication, authorization, access, and auditing of data and information assets | E. The implementation and execution of checkpoints, checklists, controls, and technical mechanisms to govern the access to information in an enterprise",D,"The planning, development, and execution of security policies and procedures to provide proper authentication, authorization, access, and auditing of data and information assets",D,"The planning, development, and execution of security policies and procedures to provide proper authentication, authorization, access, and auditing of data and information assets",verified,,The selected option reproduces the DMBOK definition of Data Security.,"Data Security is the definition, planning, development, and execution of security policies and procedures to provide proper authentication, authorization, access, and auditing of data and information assets.",219,209; 211,,True
dama-dd6c497726f0,Chapter 7,55,multiple-choice,Data Security,DAMA Practice Attempts,Combined Sources,DAMA Attempt collection,22,How does Data Security contribute to competitive advantage?,"A. Data Security makes it harder for your competitors to find out about who you do business with | B. Data Security helps to protect proprietary information and intellectual property, as well as customer and partner information | C. Data Security makes your competitors invest more effort into trying to find out your trade secrets | D. Governments do not allow organisations to trade if they do not manage Data Security | E. Data security stops organisations going out of business due to an information leak",B,"Data Security helps to protect proprietary information and intellectual property, as well as customer and partner information",B,"Data Security helps to protect proprietary information and intellectual property, as well as customer and partner information",verified,,The source answer was checked against the supplied DMBOK. The matched passage supports the concept represented by the selected answer.,"advantage. If confidential data is stolen or breached, an organization can lose competitive advantage.",218,210,Government regulations: Government regulations are in place to protect the interests of some,True
dama-32972814056a,Chapter 2,52,multiple-choice,Data Handling Ethics,DAMA Practice Attempts,Combined Sources,DAMA Attempt collection,21,Which of these are increasingly driving legislation for information security and data privacy?,A. A recognition of Ethical issues in information management | B. A desire for economic protectionism | C. A resistance to open data and transparency | D. An objective of making life more challenging for information management professionals | E. GDPR,A,A recognition of Ethical issues in information management,A,A recognition of Ethical issues in information management,verified,,Recognition of ethical risks in information management is a substantive driver behind privacy and information-security legislation.,"Laws codify ethical principles, and there is a global trend toward increasing legislative protection of information privacy. Organizations must recognize ethical obligations in handling entrusted data.",51; 56,53; 58,,True
dama-3f7d29b82c5c,Chapter 12,63,multiple-choice,Metadata management,DAMA Practice Attempts,Combined Sources,DAMA Attempt collection,26,A data lineage tool enables a user to:,A. Track the historical changes to a data value | B. Line up the data to support sophisticated glossary management | C. Enables rapid development of dashboard reporting | D. Track the data from source system to a target database; understanding its transformations | E. Visualize how the data gets to the data lake,D,Track the data from source system to a target database; understanding its transformations,D,Track the data from source system to a target database; understanding its transformations,verified,,A lineage tool tracks data movement from source to target and records the transformations applied along that path.,Data lineage provides information on how data is transformed as it moves between systems and can trace data from target locations back to originating source systems.,441,417; 419,3.1 Metadata Repository Management Tools,True
dama-82599d80591d,Chapter 11,72,multiple-choice,Data warehouse and business intelligence,DAMA Practice Attempts,Combined Sources,DAMA Attempt collection,29,One of the difficulties when integrating multiple source systems is:,A. Completing the data architecture on time for the first release | B. Maintaining documentation describing the data warehouse operation | C. Determining valid links or equivalences between data elements | D. Modifying the source systems to align to the enterprise data model | E. Having a data quality rule applicable to all source systems,C,Determining valid links or equivalences between data elements,C,Determining valid links or equivalences between data elements,verified,,The source answer was checked against the supplied DMBOK. The matched passage supports the concept represented by the selected answer.,The most difficult part of any mapping effort is determining valid links or equivalencies between data elements,396,376,2.3.1 Map Sources to Targets,True
dama-4e942d76f250,Chapter 11,75,multiple-choice,Data warehouse and business intelligence,DAMA Practice Attempts,Combined Sources,DAMA Attempt collection,30,Critical to the success of the data warehouse is the ability to explain the data. The DMBOK knowledge area that practices these techniques is:,A. Reference and Master Data | B. Data Storage and Operations | C. Data Architecture | D. Document & Content Management | E. Metadata Management,E,Metadata Management,E,Metadata Management,verified,,The source answer was checked against the supplied DMBOK. The matched passage supports the concept represented by the selected answer.,"Build Metadata with the warehouse: Critical to DW success is the ability to explain the data. For example, being able to answer basic questions like “Why is this sum X?” “How was that computed?”",384,363,1.1 Business Drivers,True
dama-504d4135d61f,Chapter 10,76,multiple-choice,Reference and master data,DAMA Practice Attempts,Combined Sources,DAMA Attempt collection,31,What is a common motivation for Reference and Master Data Management?,"A. Business Intelligence and Data Warehousing | B. The need to improve data quality and data integrity across multiple data sources | C. The need to build a Data Dictionary of all core data entities & attributes | D. The need to consolidate all data into one physical database | E. Regulatory acts such as BCBS239, GDPR and SOX",B,The need to improve data quality and data integrity across multiple data sources,B,The need to improve data quality and data integrity across multiple data sources,verified,,The source answer was checked against the supplied DMBOK. The matched passage supports the concept represented by the selected answer.,on the availability and quality of Reference and Master Data.,349,331,1.1 Business Drivers,True
dama-b5fc46df9644,Chapter 10,80,multiple-choice,Reference and master data,DAMA Practice Attempts,Combined Sources,DAMA Attempt collection,32,Master Data Management:,A. Controls the definition of business entities | B. Allows applications to define business entities as needed and manages the mappings between common data in a central location | C. Is synonymous with Reference Data Management | D. Ensures coded values are always used | E. Is time-consuming with questionable impact on data quality,A,Controls the definition of business entities,A,Controls the definition of business entities,verified,,The source answer was checked against the supplied DMBOK. The matched passage supports the concept represented by the selected answer.,Gartner defines Master Data Management as “a technology-enabled discipline in which business and IT work,359,340,1.3.3.3 Master Data Management,True
dama-f6ced3d7f731,Chapter 10,84,multiple-choice,Reference and master data,DAMA Practice Attempts,Combined Sources,DAMA Attempt collection,33,Which of these is a valid definition of Reference Data?,A. Data that is fixed and never changes | B. Data that provides metadata about other data entities | C. Data that has a common and widely understood data definition | D. Data that is widely accessed and referenced across an organisation | E. Data used to classify or categorize other data,E,Data used to classify or categorize other data,E,Data used to classify or categorize other data,verified,,The source answer was checked against the supplied DMBOK. The matched passage supports the concept represented by the selected answer.,"As noted, Reference Data is any data used to characterize or classify other data, or to relate data to information",352,334,1.3.2 Reference Data,True
dama-4f1712be9554,Chapter 10,85,multiple-choice,Reference and master data,DAMA Practice Attempts,Combined Sources,DAMA Attempt collection,34,A common driver for initiating a Reference Data Management program is:,A. It fosters the creative use of data | B. It will improve data quality and facilitate analysis across the organization | C. It will consolidate the process of securing third party code sets | D. Managing codes and descriptions requires little effort and low cost | E. It can be a one-time-only project,B,It will improve data quality and facilitate analysis across the organization,B,It will improve data quality and facilitate analysis across the organization,verified,,The source answer was checked against the supplied DMBOK. The matched passage supports the concept represented by the selected answer.,The most common drivers for initiating a Master Data Management program are:,349,331,1.1 Business Drivers,True
dama-883a25d4192f,Chapter 10,87,multiple-choice,Reference and master data,DAMA Practice Attempts,Combined Sources,DAMA Attempt collection,35,Master data differs from Reference data in the following way:,"A. Master data should be held to a higher data quality standard than Reference data | B. Master data does not require business definitions | C. Master data is stipulated and controlled by Data Governance where Reference data is not | D. Unlike Reference data, Master data is not usually limited to predefined domain values | E. Master data does not require a data steward",D,"Unlike Reference data, Master data is not usually limited to predefined domain values",D,"Unlike Reference data, Master data is not usually limited to predefined domain values",verified,,The source answer was checked against the supplied DMBOK. The matched passage supports the concept represented by the selected answer.,The focus of data management differs between Reference and Master Data:,352,333,REFERENCE AND MASTER DATA • 333,True
dama-d01bcc0f772e,Chapter 12,93,multiple-choice,Metadata management,DAMA Practice Attempts,Combined Sources,DAMA Attempt collection,36,Which of these statements are true about Metadata?,A. The repository is always a hybrid architecture | B. Data models are components of a Metadata repository | C. The repository is always a decentralized architecture | D. A Metadata repository and a Glossary are synonyms | E. The repository is always a centralized architecture,B,Data models are components of a Metadata repository,B,Data models are components of a Metadata repository,verified,,The source answer was checked against the supplied DMBOK. The matched passage supports the concept represented by the selected answer.,"he most common definition of Metadata, “data about data,” is misleadingly simple.",417,408,1.3.6.1 Centralized Metadata Architecture,True
dama-373b88292661,Chapter 12,101,multiple-choice,Metadata management,DAMA Practice Attempts,Combined Sources,DAMA Attempt collection,40,The Metadata repository enables us to establish multiple perspectives of data. These are:,A. Business and Technical Perspective | B. 3rd normal form and un normalised | C. Structured and unstructured | D. Internal and External | E. Dimensional and non dimensional perspective,A,Business and Technical Perspective,A,Business and Technical Perspective,verified,,The repository supports business and technical perspectives through Business Metadata and Technical Metadata.,"Metadata requirements and repositories include both Business Metadata and Technical Metadata, which provide complementary business and technical perspectives on data.",419; 422; 423,396; 400,,True
dama-0cc09f805f85,Chapter 9,17,multiple-choice,Document and content management,DAMA Practice Attempts,Combined Sources,DAMA Attempt collection,7,Which statement best describes the relationship between documents and records?,A. Documents and records are the same thing | B. Records are a sub-set of documents | C. Documents are a sub-set of records | D. Documents are written and records are audio | E. Documents and records are not related,B,Records are a sub-set of documents,B,Records are a sub-set of documents,verified,,The source answer was checked against the supplied DMBOK. The matched passage supports the concept represented by the selected answer.,Only a subset of documents will be designated as records. Records provide evidence that actions were taken and,315,299,1.3.3.1 Document Management,True
dama-0066bf126c0e,Chapter 5,29,multiple-choice,Data Modelling and Design,DAMA Practice Attempts,Combined Sources,DAMA Attempt collection,12,Which of the following statements about business rules is FALSE?,A. Action rules are instructions on what to do when data elements contain certain values | B. Action rules are difficult to define in a data model | C. Data rules constrain how data relates to other data | D. All business rules must be identified prior to the start of the data modelling process | E. Data rules cannot be shown on a data model,E,Data rules cannot be shown on a data model,E,Data rules cannot be shown on a data model,verified,,The source answer was checked against the supplied DMBOK. The matched passage supports the concept represented by the selected answer.,"A dimensional logical data model is in many cases a fully-attributed perspective of the dimensional conceptual data model, as illustrated in Figure 49. Whereas the logical relational data model captures the business rules of a business process, the logical dimensional captures the business questions to determine the health and",147,145,1.3.5.3 Physical,True
dama-7d1fe5c90148,Chapter 5,34,multiple-choice,Data Modelling and Design,DAMA Practice Attempts,Combined Sources,DAMA Attempt collection,14,"In Dimensional data models, which of these is NOT true regarding Measures?",A. Measures can always be added across all dimensions | B. Measures are found in Fact tables | C. Care must be taken if a measure is a snapshot figure | D. Just because a value is numerical does not mean it is a measure | E. Measures should be numeric and additive,A,Measures can always be added across all dimensions,A,Measures can always be added across all dimensions,verified,,The source answer was checked against the supplied DMBOK. The matched passage supports the concept represented by the selected answer.,Dimensional data models capture business questions focused on a particular business process.,138,137,1.3.4.2 Dimensional,True
dama-1849a79da601,Chapter 5,36,multiple-choice,Data Modelling and Design,DAMA Practice Attempts,Combined Sources,DAMA Attempt collection,15,In the conceptual data model an instantiation of a particular business entity is described as:,"A. R_u_1e _________________________ __, | B. Row | C. Dataset | D. Entity occurrence | E. Record",D,Entity occurrence,D,Entity occurrence,verified,,"In data modeling, an occurrence or instance is one specific instance of an entity type.",each entity and the relationships between entities.,145,144,1.3.5.2 Logical,True
dama-30e293b13cfa,Chapter 13,38,multiple-choice,Data quality,DAMA Practice Attempts,Combined Sources,DAMA Attempt collection,16,A Data Quality dimension is:,A. A core concept in dimensional modelling | B. One aspect of data quality used extensively in data governance | C. A valid value in a list | D. The value of a particular piece of data | E. A measurable feature or characteristic of data,E,A measurable feature or characteristic of data,E,A measurable feature or characteristic of data,verified,,The source answer was checked against the supplied DMBOK. The matched passage supports the concept represented by the selected answer.,A Data Quality dimension is a measurable feature or characteristic of data. The term dimension is used to make,454,429,1.3.2 Data Quality Dimensions,True
dama-11b77886acf8,Chapter 13,46,multiple-choice,Data quality,DAMA Practice Attempts,Combined Sources,DAMA Attempt collection,18,Which of the following is NOT usually a feature of data quality improvement tools?,A. Data profiling | B. Transformation | C. Parsing | D. Data modelling | E. Standardization,D,Data modelling,D,Data modelling,verified,,The source answer was checked against the supplied DMBOK. The matched passage supports the concept represented by the selected answer.,consensus about the drivers and priorities for data quality improvement.,473,441,2.2 Define High Quality Data,True
dama-653370d05cd3,Chapter 7,56,multiple-choice,Data Security,DAMA Practice Attempts,Combined Sources,DAMA Attempt collection,22,"When outsourcing information management functions, organisations can:",A. Align strategy and control privacy | B. Transfer control but not accountability | C. Improve controls while reducing costs | D. Reduce cost of compliance and improve turnaround | E. Transfer accountability but not control,B,Transfer control but not accountability,B,Transfer control but not accountability,verified,,The source answer was checked against the supplied DMBOK. The matched passage supports the concept represented by the selected answer.,"Transferring control, but not accountability, requires tighter risk management and control mechanisms. Some of",264,251,DATA SECURITY • 251,True
dama-0055741887c6,Chapter 11,67,multiple-choice,Data warehouse and business intelligence,DAMA Practice Attempts,Combined Sources,DAMA Attempt collection,27,One of the key differences between operational systems and data warehouses is:,A. Operational systems are available 24x7; data warehouses are available during business hours | B. Operational systems focus on data quality; data warehouses focus on data security | C. Operational systems focus on historical data; data warehouses contain current data | D. Operational systems focus on current data; data warehouses contain historical data | E. Operational systems focus on business processes; data warehouses focus on business strategies,D,Operational systems focus on current data; data warehouses contain historical data,D,Operational systems focus on current data; data warehouses contain historical data,verified,,The source answer was checked against the supplied DMBOK. The matched passage supports the concept represented by the selected answer.,• Historical: The focus of operational systems is current data. Warehouses contain historical data as,386,366,Time variant: The data warehouse stores data as it exists in a set point in time. Records in the DW,True
dama-b0b3d4df775e,Chapter 10,81,multiple-choice,Reference and master data,DAMA Practice Attempts,Combined Sources,DAMA Attempt collection,32,Plant Equipment is an example of:,A. Reference Data | B. Transaction Data | C. Inverted Data | D. None of these | E. Master Data,E,Master Data,E,Master Data,verified,,"Plant equipment is an organizational asset and business entity, so it is classified as Master Data. This is an application of the DMBOK asset category.","DMBOK defines Master Data as data about business entities including employees, customers, products, financial structures, assets, and locations.",357,338,1.3.2.5 Computational Reference Data,True
dama-daa47db347de,Chapter 10,83,multiple-choice,Reference and master data,DAMA Practice Attempts,Combined Sources,DAMA Attempt collection,33,Reference Data:,A. Is free | B. Is also known as External data | C. Is more difficult to Govern than Master Data | D. Usually has more attributes than Master Data | E. Usually has fewer attributes than Master Data,E,Usually has fewer attributes than Master Data,E,Usually has fewer attributes than Master Data,verified,,The source answer was checked against the supplied DMBOK. The matched passage supports the concept represented by the selected answer.,either Transactional or Master Data sets. They have fewer columns and fewer rows. The challenges of entity,352,333,REFERENCE AND MASTER DATA • 333,True
dama-8137afc6a9c6,Chapter 10,78,multiple-choice,Reference and master data,DAMA Practice Attempts,Combined Sources,DAMA Attempt collection,31,Which of the following statements regarding a value domain is FALSE?,A. A value domain is a set of allowed values for a given code set | B. Value domains are defined by external standard organizations | C. More than one set of reference data value domains may refer to the same conceptual domain | D. A value domain provides a set of permissible values by which a data element can be implemented | E. Conforming value domains across the organization facilitates data quality,B,Value domains are defined by external standard organizations,B,Value domains are defined by external standard organizations,verified,,Value domains are not necessarily defined by external standards organizations; DMBOK explicitly recognizes internally created Reference Data and domain values.,"Reference Data Management controls defined domain values and their definitions. Reference Data may originate externally, cross organizational boundaries, or be created and maintained internally.",352; 356,333; 337,,True
dama-4308900102b9,Chapter 12,89,multiple-choice,Metadata management,DAMA Practice Attempts,Combined Sources,DAMA Attempt collection,36,The library of information about our data (our metadata) is built so that:,A. We can be consistent in our use of terminology | B. We can better manage it | C. We can better understand it | D. All of these | E. We can have a shared formalized view of requirements (e.g. what data quality we need),D,All of these,D,All of these,verified,,The source answer was checked against the supplied DMBOK. The matched passage supports the concept represented by the selected answer.,"Like other data, Metadata requires management.",418,397,METADATA MANAGEMENT • 397,True
dama-4f82b55d950b,Chapter 12,96,multiple-choice,Metadata management,DAMA Practice Attempts,Combined Sources,DAMA Attempt collection,38,What would you not expect to find in the Metadata repository?,A. Data Dictionary | B. Data Lineage diagrams and models | C. Data storage devices | D. Data Requirements | E. Data Models,C,Data storage devices,C,Data storage devices,verified,,The source answer was checked against the supplied DMBOK. The matched passage supports the concept represented by the selected answer.,Metadata repository can benefit from a centralized architecture.,431,408,1.3.6.1 Centralized Metadata Architecture,True
dama-5518eb35d72e,Chapter 12,88,multiple-choice,Metadata management,DAMA Practice Attempts,Combined Sources,DAMA Attempt collection,36,A business perspective product in the Metadata repository is:,A. Systems Inventory | B. Data Glossary | C. ETL flow | D. Data Dictionary | E. Physical Data Model,B,Data Glossary,B,Data Glossary,verified,,The source answer was checked against the supplied DMBOK. The matched passage supports the concept represented by the selected answer.,Figure 88 Example Metadata Repository Metamodel,437,423,METADATA MANAGEMENT • 423,True
dama-d8bca7317c7f,Chapter 3,2,multiple-choice,Data Governance,DAMA Practice Attempts,Combined Sources,DAMA Attempt collection,1,Which of these are NOT true of Data Governance?,A. DG is a continuous process of data improvement | B. DG is the exercise of authority and control over the management of data assets | C. IT is a key stakeholder in DG | D. There are different organization models for DG | E. A DG initiative should always be led by the IT department,E,A DG initiative should always be led by the IT department,E,A DG initiative should always be led by the IT department,verified,,The source answer was checked against the supplied DMBOK. The matched passage supports the concept represented by the selected answer.,"governance, compliance with the data governance requirements, and the value data governance is bringing to the",94,69,C H A P T E R 3,True
dama-b8ca1137a2f1,Chapter 3,9,multiple-choice,Data Governance,DAMA Practice Attempts,Combined Sources,DAMA Attempt collection,4,Which of these does NOT characterize an effective data steward?,A. He/ She works in association with the Data Owner to protect and enhance the data assets under his or her control | B. He/ she works collaboratively across the organization with data stakeholders and others identifying data problems and issues | C. Is a highly experienced technical expert in a variety of data management disciplines & tools | D. Is a recognized subject matter expert in the data subject area I business domain that he or she is responsible for | E. He/ She is an effective communicator,C,Is a highly experienced technical expert in a variety of data management disciplines & tools,C,Is a highly experienced technical expert in a variety of data management disciplines & tools,verified,,"Being a broad technical expert in many data-management disciplines is not a defining characteristic of an effective Data Steward; stewardship centers on accountability, domain knowledge, collaboration, and communication.","Effective Data Stewards are accountable for Data Governance activities. Business Data Stewards are usually recognized subject-matter experts, while Technical Data Stewards are specialists within particular knowledge areas.",76; 77,78; 79,1.3.5 Types of Data Stewards,True
dama-caaa76fce1d3,Chapter 9,21,multiple-choice,Document and content management,DAMA Practice Attempts,Combined Sources,DAMA Attempt collection,9,"In 2009, ARMA International published GARP for managing records and information. GARP stands for:",A. G20 Approved Recordkeeping Principles | B. Gregarious Archive of Recordkeeping Processes | C. Global Accredited Recordkeeping Principles | D. Generally Available Recordkeeping Practices | E. Generally Acceptable Recordkeeping Principles,E,Generally Acceptable Recordkeeping Principles,E,Generally Acceptable Recordkeeping Principles,verified,,The source answer was checked against the supplied DMBOK. The matched passage supports the concept represented by the selected answer.,"In 2009, ARMA International, a not-for-profit professional association for managing records and information, published a set of Generally Acceptable Recordkeeping Principles® (GARP)45 that describes how business records should be maintained.",306,290,of each principle is stated below. Further explanation can be found on the ARMA website.,True
dama-doc-confidentiality-highest,Chapter 9,10,multiple-choice,Document and content management,DAMA Practice Attempts,Combined Sources,DAMA Attempt 3,10,Documents and records should be classified based on the _______ level of confidentiality for information found in the record.,A. Average | B. General | C. Highest | D. Overall,C,Highest,C,Highest,verified,Truncated source stem reconstructed from the rendered page and checked against DMBOK; the keyed answer is unchanged.,DMBOK states that a document or record should be classified according to the highest confidentiality level of the information it contains.,Documents and records should be classified based on the highest level of confidentiality for information found in the record.,329,312,,True
dama-bbcedd6c3a67,Chapter 5,27,multiple-choice,Data Modelling and Design,DAMA Practice Attempts,Combined Sources,DAMA Attempt collection,12,Dimension tables:,A. Have many columns but few rows | B. Do not contain hierarchies | C. Are the same as Facts | D. Contain measures | E. Have few columns but many rows,A,Have many columns but few rows,A,Have many columns but few rows,verified,,The source answer was checked against the supplied DMBOK. The matched passage supports the concept represented by the selected answer.,dimension tables are surrogate keys and natural keys.,139,138,1.3.4.2.2 Dimension Tables,True
dama-ac0d6aedd471,Chapter 5,33,multiple-choice,Data Modelling and Design,DAMA Practice Attempts,Combined Sources,DAMA Attempt collection,14,All of the following are TRUE statements on relationship types except:,"A. A recursive relationship relates instances of an entity to other instances of the same entity | B. A one-to-many relationship says that a parent entity may have one or more child entities | C. A one-to-one relationship says that a parent entity may have one and only one child entity | D. A one-to-many relationship says that a child entity may have one or more parent entities | E. A many-to-many relationship says that an instance of each entity may be associated with many instances of the other entity, and vice versa",D,A one-to-many relationship says that a child entity may have one or more parent entities,D,A one-to-many relationship says that a child entity may have one or more parent entities,verified,,The source answer was checked against the supplied DMBOK. The matched passage supports the concept represented by the selected answer.,"In the example shown in Figure 36, Registration contains two foreign keys, Student Number from Student and Course Code from Course. Foreign keys appear in the entity on the many side of the relationship, often called the child entity. Student and Course are parent entities and Registration is the child entity.",132,132,1.3.3.2.5 Foreign Key,True
dama-4f9c5c7c0eff,Chapter 13,39,multiple-choice,Data quality,DAMA Practice Attempts,Combined Sources,DAMA Attempt collection,16,Which of these is NOT a typical activity in Data Quality Management?,A. Analysing data quality | B. Enterprise Data Modelling | C. Identifying data problems and issues | D. Creating inspection and monitoring processes | E. Defining business requirements and business rules,B,Enterprise Data Modelling,B,Enterprise Data Modelling,verified,,"Enterprise Data Modelling belongs to Data Modelling and Design, not to the listed core activities of Data Quality Management.","DMBOK Data Quality activities include defining high-quality data, identifying rules and issues, assessing quality, developing operations, and measuring, monitoring, and reporting quality.",451,426,,True
dama-8598b2333fd3,Chapter 13,40,multiple-choice,Data quality,DAMA Practice Attempts,Combined Sources,DAMA Attempt collection,17,Data quality measurements can be taken at three levels of granularity. They are:,"A. Data element value, data instance or record, and data set | B. Person data, location data, and product data | C. Fine data, coarse data, and rough data | D. Departmental data, regional data, and enterprise data | E. Historical data, current data and future dated data",A,"Data element value, data instance or record, and data set",A,"Data element value, data instance or record, and data set",verified,,The source answer was checked against the supplied DMBOK. The matched passage supports the concept represented by the selected answer.,"batch process. Measurements can be taken at three levels of granularity: the data element value, data instance or",481,467,DATA QUALITY MANAGEMENT • 467,True
dama-4bc88fc0fc02,Chapter 13,50,multiple-choice,Data quality,DAMA Practice Attempts,Combined Sources,DAMA Attempt collection,20,Which of these statements is true?,A. Data Quality Management is a synonym for Data Governance | B. Data Quality Management is a continuous process | C. Data Quality Management is usually a one-off project | D. Data Quality Management is the application of technology to data problems | E. Data Quality Management only addresses structured data,B,Data Quality Management is a continuous process,B,Data Quality Management is a continuous process,verified,,Data Quality Management is continuous rather than a one-off project.,DMBOK describes Data Quality Management as a continuing function and applies a repeating plan-do-check-act improvement cycle.,450,425; 435,,True
dama-35c7b73ce539,Chapter 7,53,multiple-choice,Data Security,DAMA Practice Attempts,Combined Sources,DAMA Attempt collection,22,A RACI matrix is a useful tool to support the ___ in an outsourced arrangement.,A. Alignment of Business goals | B. Attributing Costs - | C. Segregation of duties | D. Transfer of access controls | E. Service level Agreement,C,Segregation of duties,C,Segregation of duties,verified,,The source answer was checked against the supplied DMBOK. The matched passage supports the concept represented by the selected answer.,The RACI matrix can become part of the contractual agreements and data security policies.,264,251,DATA SECURITY • 251,True
dama-037552edc5a8,Chapter 7,60,multiple-choice,Data Security,DAMA Practice Attempts,Combined Sources,DAMA Attempt collection,24,A CRUD matrix helps organisations map responsibilities for data changes in the business process work flow. CRUD stands for,"A. Create, Read, Update, Delete | B. Create, Review, Use, Destroy | C. Create, React, Utilise, Delegate | D. Confidential, Restricted, Unclassified, Destroy | E. Cost, Revenue, Uplift, Depreciate",A,"Create, Read, Update, Delete",A,"Create, Read, Update, Delete",verified,,The source answer was checked against the supplied DMBOK. The matched passage supports the concept represented by the selected answer.,"Creating and using data-to-process and data-to-role relationship (CRUD–Create, Read, Update, Delete) matrices",258,248,4.1 CRUD Matrix Usage,True
dama-bbec42e31a03,Chapter 7,57,multiple-choice,Data Security,DAMA Practice Attempts,Combined Sources,DAMA Attempt collection,22,Which of the following define the data security touch points in an organisation?,A. Business rules and process workflow | B. Internal Audit | C. Industry standards | D. Legislation | E. Risk Assessment,A,Business rules and process workflow,A,Business rules and process workflow,verified,,The source answer was checked against the supplied DMBOK. The matched passage supports the concept represented by the selected answer.,Analyze business rules and processes to identify security touch points. Every event in the business workflow,246,236,2.1.1 Business Requirements,True
dama-2f5bf9c35dc3,Chapter 11,73,multiple-choice,Data warehouse and business intelligence,DAMA Practice Attempts,Combined Sources,DAMA Attempt collection,29,Which approach is considered most effective when supporting multi- dimensional business report requests?,A. EDI | B. OLAP | C. BI | D. ODS | E. OLTP,B,OLAP,B,OLAP,verified,,"DMBOK uses slice, dice, roll-up, and pivot as multidimensional/OLAP operations.",• Multi-dimensional Online Analytical Processing (MOLAP): MOLAP supports OLAP by using,407,384,3.3.2 Business Performance Management,True
dama-528ca82ced05,Chapter 10,77,multiple-choice,Reference and master data,DAMA Practice Attempts,Combined Sources,DAMA Attempt collection,31,Which of the following is NOT a primary Master Data Management area of focus?,A. Producing read only versions of key data items | B. Providing access to golden data records | C. Producing clear data definitions for Master Data | D. Generating a golden record/best version of the truth | E. Identifying duplicate records,A,Producing read only versions of key data items,A,Producing read only versions of key data items,verified,,Producing read-only versions of key data items is not identified as a primary MDM focus.,"MDM focuses on identifying sources, matching and merging entity instances, restoring inappropriate matches, and distributing trusted data across the enterprise.",360,341,1.3.3.4 Master Data Management Key Processing Steps,True
dama-6b9eb6db4125,Chapter 10,82,multiple-choice,Reference and master data,DAMA Practice Attempts,Combined Sources,DAMA Attempt collection,33,A strong argument for pursuing a Reference Data and/or Master Data management initiative is:,"A. By centralizing the management of Reference and Master data, the organization can conform critical data needed for analysis | B. They are essential functions in the data management framework | C. Job security for the data people | D. It will not require a lot of effort | E. It will not require a lot of time",A,"By centralizing the management of Reference and Master data, the organization can conform critical data needed for analysis",A,"By centralizing the management of Reference and Master data, the organization can conform critical data needed for analysis",verified,,The source answer was checked against the supplied DMBOK. The matched passage supports the concept represented by the selected answer.,Reference and Master Data Management follow these guiding principles:,350,331,1.1 Business Drivers,True
dama-a69e5778d892,Chapter 12,91,multiple-choice,Metadata management,DAMA Practice Attempts,Combined Sources,DAMA Attempt collection,36,We would expect to consult the Metadata Library when:,A. Selecting a Data Storage device | B. Formulating a Goverance policy | C. Accessing the internet | D. Implementing a Data Quality tool | E. Assessing the impact of change,E,Assessing the impact of change,E,Assessing the impact of change,verified,,Assessing the impact of change is a standard use of Metadata repositories and lineage/impact-analysis capabilities.,"Metadata reports support change-impact analysis, and documented lineage helps investigate potential change impacts across systems.",440; 441,416; 419,2.4.2 Distribute and Deliver Metadata,True
dama-def810457b32,Chapter 3,5,multiple-choice,Data Governance,DAMA Practice Attempts,Combined Sources,DAMA Attempt collection,3,"When new governmental and industry regulations are formulated and enacted, Data Governance plays a key role in the process of identifying the data and information components for compliance. What do you see as their most important role in any regulatory compliance project?","A. Working with business and technical leadership to find the best answers to a standard set of regulatory compliance questions (How, Why, When, etc) | B. Take no part in any project at all, declaring it an audit and risk project | C. Provide access to any possible data set to the compliance team and allow them to mine the data for non-compliance | D. Create a DG 'in-house' project with a team of data stewards to create a standard response | E. Work in isolation and mine the data and information for compliance and non- compliance issues",A,"Working with business and technical leadership to find the best answers to a standard set of regulatory compliance questions (How, Why, When, etc)",A,"Working with business and technical leadership to find the best answers to a standard set of regulatory compliance questions (How, Why, When, etc)",verified,,The source answer was checked against the supplied DMBOK. The matched passage supports the concept represented by the selected answer.,compliance. Regulatory compliance is often the initial reason for implementing data governance. Data governance,87,89,2.11 Assess Regulatory Compliance Requirements,True
dama-d4aebf17d9f6,Chapter 9,13,multiple-choice,Document and content management,DAMA Practice Attempts,Combined Sources,DAMA Attempt collection,6,Which of the following are primary deliverables of proper document and record management?,"A. Spreadsheets, company library books, sales transactions | B. Relational databases, database logs, paper documents | C. Local drives of laptops, transcripts of phone calls | D. Managed records in many media formats, e-discovery records, policies and procedures, contracts and financial documents | E. Data from tracking devices, building sensor data",D,"Managed records in many media formats, e-discovery records, policies and procedures, contracts and financial documents",D,"Managed records in many media formats, e-discovery records, policies and procedures, contracts and financial documents",verified,,The source answer was checked against the supplied DMBOK. The matched passage supports the concept represented by the selected answer.,Compliance audit metric Return on investment Usage metric Record management KPI E-discovery KPI ECM program metric ECM operational metric,304,288,"quality requires governance, reliable architecture, and well-managed Metadata.",True
dama-77bd54048585,Chapter 9,14,multiple-choice,Document and content management,DAMA Practice Attempts,Combined Sources,DAMA Attempt collection,7,A document management system is an application used to track and store electronic documents and electronic images of paper documents which provides the following capabilities:,"A. Storage, versioning, security, meta-data management, indexing and retrieval | B. Wiki, collaboration, online editing | C. Securing forwarding of documents to colleagues, never having to dispose of documents | D. Scanning and transcoding of documents | E. Local disk storage and indexing of documents",A,"Storage, versioning, security, meta-data management, indexing and retrieval",A,"Storage, versioning, security, meta-data management, indexing and retrieval",verified,,The source answer was checked against the supplied DMBOK. The matched passage supports the concept represented by the selected answer.,A document management system is an application used to track and store electronic documents and electronic,330,313,3.1 Enterprise Content Management Systems,True
dama-1ae4da16e1a5,Chapter 5,25,multiple-choice,Data Modelling and Design,DAMA Practice Attempts,Combined Sources,DAMA Attempt collection,11,In a non-identifying relationship:,A. The primary key of the parent entity becomes a foreign key in the child entity | B. The primary key of the parent entity becomes part of the primary key of the chi Id entity | C. The foreign key of the parent entity migrates to the child entity | D. The primary key of the child entity is concatenated | E. The primary key of the child entity is removed,A,The primary key of the parent entity becomes a foreign key in the child entity,A,The primary key of the parent entity becomes a foreign key in the child entity,verified,,The source answer was checked against the supplied DMBOK. The matched passage supports the concept represented by the selected answer.,"primary key of the parent (the entity on the one side of the relationship) is migrated as a foreign key to the child’s primary key, as can be seen with the relationship from Student to Registration, and from Course to Registration.",135,134,1.3.3.4 Domain,True
dama-536a2324d947,Chapter 5,31,multiple-choice,Data Modelling and Design,DAMA Practice Attempts,Combined Sources,DAMA Attempt collection,13,Components of logical data models include:,A. Relationships | B. All of the above | C. Entities | D. Keys | E. Attributes,B,All of the above,B,All of the above,verified,,The source answer was checked against the supplied DMBOK. The matched passage supports the concept represented by the selected answer.,3. Review the Data Models (C) 4. Manage the Data Models (O),124,124,"reviewed and once approved, maintained.",True
dama-144c3c7ed4d1,Chapter 5,30,multiple-choice,Data Modelling and Design,DAMA Practice Attempts,Combined Sources,DAMA Attempt collection,12,Which of these statements has the most meaningful relationship label?,A. An order is related to order lines | B. An order is connected with order lines | C. An order is associated with order lines | D. An order line contains orders | E. An order is composed of order lines,E,An order is composed of order lines,E,An order is composed of order lines,verified,,“An order is composed of order lines” is the most specific and meaningful verb phrase among the options; the alternatives merely say that a relationship exists.,DMBOK recommends collecting the activities (verbs) that connect business concepts and expressing relationships in meaningful business language.,154,152,2.2.1 Forward Engineering,True
dama-4a60d233de05,Chapter 13,47,multiple-choice,Data quality,DAMA Practice Attempts,Combined Sources,DAMA Attempt collection,18,Which of the following is the best example of the data quality dimension of 'consistency'?,A. All the records in the CRM have been accounted for in the data warehouse | B. The source data for the end of month report arrived 1 week late | C. The phone numbers in the customer file do not adhere to the standard format | D. The customer file has 50% duplicated entries | E. The revenue data in the dataset is always $100 out,C,The phone numbers in the customer file do not adhere to the standard format,A,All the records in the CRM have been accounted for in the data warehouse,corrected,The source marker identifies a completeness example. DMBOK defines consistency to include consistent representation and format; the phone-number format option is the supported answer.,The source marker identifies a completeness example. DMBOK defines consistency to include consistent representation and format; the phone-number format option is the supported answer.,Consistency can refer to ensuring that data values are consistently represented within and between data sets. Consistency can also refer to consistency of format.,458,430,,True
dama-97a4d5ca4938,Chapter 7,51,multiple-choice,Data Security,DAMA Practice Attempts,Combined Sources,DAMA Attempt collection,21,Which of these are characteristics of an effective data security policy?,"A. The defined procedures are tightly defined, with rigid and effective enforcement sanctions, and alignment with technology capabilities | B. The policies are specific, measurable, achievable, realistic, and technology aligned | C. None of these | D. The defined procedures ensure that the right people can use and update data in the right way, and that all inappropriate access and update is restricted | E. The procedures defined are benchmarked, supported by technology, framework based, and peer reviewed",D,"The defined procedures ensure that the right people can use and update data in the right way, and that all inappropriate access and update is restricted",D,"The defined procedures ensure that the right people can use and update data in the right way, and that all inappropriate access and update is restricted",verified,,The source answer was checked against the supplied DMBOK. The matched passage supports the concept represented by the selected answer.,Effective data security policies and procedures ensure that the right people can use and update data in the right,218,210,Government regulations: Government regulations are in place to protect the interests of some,True
dama-02ab5bbd6a66,Chapter 7,61,multiple-choice,Data Security,DAMA Practice Attempts,Combined Sources,DAMA Attempt collection,24,What is the role of the Data Governance Council in defining an Information Security policy?,A. The Data Governance Council should implement the Data Security Policy | B. The Data Governance Council should have no role in Data Security | C. The Data Governance Council should review and approve the high-level Data Security Policy | D. The Data Governance Council should draft early versions of the Data Security Policy | E. The Data Governance Council should define the Data Security Policy,C,The Data Governance Council should review and approve the high-level Data Security Policy,C,The Data Governance Council should review and approve the high-level Data Security Policy,verified,,The source answer was checked against the supplied DMBOK. The matched passage supports the concept represented by the selected answer.,The Data Governance Council should review and,248,238,2.3 Define Data Security Standards,True
dama-efba9fefb8c1,Chapter 12,95,multiple-choice,Metadata management,DAMA Practice Attempts,Combined Sources,DAMA Attempt collection,37,What type of Meta-Data provides developers and administrators with knowledge and information about systems?,A. Process Meta-Data | B. Data Stewardship Meta-Data | C. Technical Metadata | D. Unstructured Meta-Data | E. Business Meta-Data,C,Technical Metadata,C,Technical Operational Meta-Data,corrected,The source option combines two DMBOK metadata categories. The DMBOK-supported term for system/structure details is Technical Metadata; source wording is retained in provenance.,The source option combines two DMBOK metadata categories. The DMBOK-supported term for system/structure details is Technical Metadata; source wording is retained in provenance.,"Technical Metadata provides information about the technical details of data, the systems that store data, and the processes that move data between systems.",423,400,1.3.2.1 Business Metadata,True
dama-3c1dd87887d1,Chapter 13,49,multiple-choice,Data quality,DAMA Practice Attempts,Combined Sources,DAMA Attempt collection,20,Top down' and 'bottom up' data analysis and profiling is best done in concert because:,A. It gives something for the architects to do while the profilers get on with the work | B. It allows the profiler to show the business the true state of the data | C. Data quality tools are more productive when they are effectively configured | D. It gets everyone involved | E. It balances business relevance and the actual state of the data,E,It balances business relevance and the actual state of the data,E,It balances business relevance and the actual state of the data,verified,,The source answer was checked against the supplied DMBOK. The matched passage supports the concept represented by the selected answer.,"If the organization does not know the actual state of its data, then it may be necessary to focus on",492,461,5.2 Organization and Cultural Change,True
dama-93a6ca8c5182,Chapter 11,68,multiple-choice,Data warehouse and business intelligence,DAMA Practice Attempts,Combined Sources,DAMA Attempt collection,27,Which of the following is not a good example of BI?,A. Strategic Analytics for Business Decisions | B. Decision Support Systems | C. Statutory reporting to a Regulatory Body | D. Supporting Risk Management Decision Reporting,C,Statutory reporting to a Regulatory Body,C,Statutory reporting to a Regulatory Body,verified,,"Statutory reporting to a regulator is primarily compliance reporting, whereas the other choices are direct examples of BI or decision support.","DMBOK distinguishes regulatory evidence and compliance reporting from the primary BI purpose of insight, business analysis, and decision-making.",383,363,1.1 Business Drivers,True
dama-b9158f9dee79,Chapter 11,69,multiple-choice,Data warehouse and business intelligence,DAMA Practice Attempts,Combined Sources,DAMA Attempt collection,28,Critical to the incremental development of the data warehouse is:,"A. A strong capacity management process | B. The assurance to include velocity, variety and veracity measurement | C. A strong incident management process | D. An agile development team | E. A strong release management process",E,A strong release management process,E,A strong release management process,verified,,The source answer was checked against the supplied DMBOK. The matched passage supports the concept represented by the selected answer.,"Release Management is critical to an incremental development processes that grows new capabilities, enhances",399,378,2.5.2 Match Tools to User Requirements,True
dama-33e2e8941582,Chapter 3,12,multiple-choice,Data Governance,DAMA Practice Attempts,Combined Sources,DAMA Attempt collection,5,Who is most responsible for communicating and promoting awareness on the value of Data Governance in the organization?,A. Everyone in the Data Management Community | B. Data Champions | C. The Data Governance Council | D. The Data Governance Office | E. Data Owners and Stewards,A,Everyone in the Data Management Community,A,Everyone in the Data Management Community,verified,,The source answer was checked against the supplied DMBOK. The matched passage supports the concept represented by the selected answer.,Policy implementation: Communicating data policies and the organization’s commitment to data management activities.,85,81,DATA GOVERNANCE • 81,True
dama-ddb020b2dc0f,Chapter 2,15,multiple-choice,Data Handling Ethics,DAMA Practice Attempts,Combined Sources,DAMA Attempt collection,7,The needs of data protection require us to ensure that:,"A. Data is encrypted at all times | B. Data can always be freely used in the company as it is a company asset | C. Data is frequently backed up so that it can be recovered in all cases | D. Data is processed only in ways compatible with the intended and communicated use it was collected for, and respects the consent of the data subject | E. Data is secured with a password",D,"Data is processed only in ways compatible with the intended and communicated use it was collected for, and respects the consent of the data subject",D,"Data is processed only in ways compatible with the intended and communicated use it was collected for, and respects the consent of the data subject",verified,,The source answer was checked against the supplied DMBOK. The matched passage supports the concept represented by the selected answer.,"Personal data shall be processed lawfully, fairly, and in a transparent manner in relation to the data subject.",54,56,accountability for organizations to follow the guidelines.,True
dama-a2c938864de7,Chapter 11,71,multiple-choice,Data warehouse and business intelligence,DAMA Practice Attempts,Combined Sources,DAMA Attempt collection,29,A comparatively new architectural approach is where volatile data is provisioned in a data warehouse structure to provide transactional systems with a combination of historical and near real-time data to meet customer needs. This is a definition of:,A. Behavioural Decision Support Systems | B. On Line Analytical Processing Cube | C. Operational Data Store | D. On Line Transactional Processing System | E. Active Data Warehousing,E,Active Data Warehousing,E,Active Data Warehousing,verified,,The source answer was checked against the supplied DMBOK. The matched passage supports the concept represented by the selected answer.,"real-time or near-real-time data into the data warehouse, new architectural approaches emerged to deal with the",394,373,DATA WAREHOUSING AND BUSINESS INTELLIGENCE • 373,True
dama-3b28f6d403f4,Chapter 10,79,multiple-choice,Reference and master data,DAMA Practice Attempts,Combined Sources,DAMA Attempt collection,31,Which one of the following statements is true?,A. Master Data Management requires techniques for splitting or merging an instance of a business entity | B. Reference Data Management involves identifying the best or golden record for each domain | C. Business data stewards maintain lists of valid data values for master data instances | D. Master Data Management involves identifying and maintaining approved coded values | E. Managing reference data requires the same activities and techniques as does managing master data,A,Master Data Management requires techniques for splitting or merging an instance of a business entity,A,Master Data Management requires techniques for splitting or merging an instance of a business entity,verified,,Splitting or merging entity instances is part of Master Data Management identity resolution and reconciliation.,MDM develops rules for matching and merging entity instances and establishes approaches to identify and restore inappropriately matched and merged data.,360,341,1.3.3.4 Master Data Management Key Processing Steps,True
